storage_kind,experiment_id,query_id,query_class,sample,contig,start,end,query_size,context,coalescing_gap,physical_reads,mergeable_reads,dependency_rounds,total_bytes_fetched,unique_bytes_fetched,duplicate_bytes_fetched,bootstrap_bytes_fetched,logical_index_bytes,directory_page_bytes_fetched,directory_pages_selected,directory_page_cache_hits,data_bytes_fetched,required_compressed_payload_bytes,canonical_payload_bytes,read_amplification,canonical_amplification,index_lookup_us,decompression_us,decode_us,graph_reconstruction_us,total_local_query_us,selected_chunks,selected_nodes,canonical_hash,correctness,haplotype_tiles_checked,haplotype_tiles_correct,simulated_20ms_ms,simulated_50ms_ms,simulated_100ms_ms
gbz,gbz-baseline,random-1000-00000,random-1000,MHC-GRCh38,MHC,2654244,2655244,1000,100,,1,,1,4511832,4511832,0,,,,,,4511832,,,,,,,,,109.530000,,,,true,,,140.815520,411.946560,1305.155200
gbz,gbz-baseline,random-1000-00001,random-1000,MHC-GRCh38,MHC,4897918,4898918,1000,100,,1,,1,4511832,4511832,0,,,,,,4511832,,,,,,,,,33.110000,,,,true,,,140.815520,411.946560,1305.155200
gbz,gbz-baseline,random-1000-00002,random-1000,MHC-GRCh38,MHC,1758423,1759423,1000,100,,1,,1,4511832,4511832,0,,,,,,4511832,,,,,,,,,39.050000,,,,true,,,140.815520,411.946560,1305.155200
gbz,gbz-baseline,random-1000-00003,random-1000,MHC-GRCh38,MHC,3202374,3203374,1000,100,,1,,1,4511832,4511832,0,,,,,,4511832,,,,,,,,,34.038000,,,,true,,,140.815520,411.946560,1305.155200
gbz,gbz-baseline,random-1000-00004,random-1000,MHC-GRCh38,MHC,1529093,1530093,1000,100,,1,,1,4511832,4511832,0,,,,,,4511832,,,,,,,,,34.606000,,,,true,,,140.815520,411.946560,1305.155200
gbz,gbz-baseline,random-1000-00005,random-1000,MHC-GRCh38,MHC,999079,1000079,1000,100,,1,,1,4511832,4511832,0,,,,,,4511832,,,,,,,,,67.169000,,,,true,,,140.815520,411.946560,1305.155200
gbz,gbz-baseline,random-1000-00006,random-1000,MHC-GRCh38,MHC,4410732,4411732,1000,100,,1,,1,4511832,4511832,0,,,,,,4511832,,,,,,,,,30.660000,,,,true,,,140.815520,411.946560,1305.155200
gbz,gbz-baseline,random-1000-00007,random-1000,MHC-GRCh38,MHC,2388877,2389877,1000,100,,1,,1,4511832,4511832,0,,,,,,4511832,,,,,,,,,31.477000,,,,true,,,140.815520,411.946560,1305.155200
gbz,gbz-baseline,random-1000-00008,random-1000,MHC-GRCh38,MHC,844767,845767,1000,100,,1,,1,4511832,4511832,0,,,,,,4511832,,,,,,,,,36.749000,,,,true,,,140.815520,411.946560,1305.155200
gbz,gbz-baseline,random-1000-00009,random-1000,MHC-GRCh38,MHC,3227097,3228097,1000,100,,1,,1,4511832,4511832,0,,,,,,4511832,,,,,,,,,21.465000,,,,true,,,140.815520,411.946560,1305.155200
gbz,gbz-baseline,random-1000-00010,random-1000,MHC-GRCh38,MHC,2263341,2264341,1000,100,,1,,1,4511832,4511832,0,,,,,,4511832,,,,,,,,,56.979000,,,,true,,,140.815520,411.946560,1305.155200
gbz,gbz-baseline,random-1000-00011,random-1000,MHC-GRCh38,MHC,2372803,2373803,1000,100,,1,,1,4511832,4511832,0,,,,,,4511832,,,,,,,,,62.446000,,,,true,,,140.815520,411.946560,1305.155200
gbz,gbz-baseline,random-1000-00012,random-1000,MHC-GRCh38,MHC,3184950,3185950,1000,100,,1,,1,4511832,4511832,0,,,,,,4511832,,,,,,,,,38.546000,,,,true,,,140.815520,411.946560,1305.155200
gbz,gbz-baseline,random-1000-00013,random-1000,MHC-GRCh38,MHC,2471785,2472785,1000,100,,1,,1,4511832,4511832,0,,,,,,4511832,,,,,,,,,57.172000,,,,true,,,140.815520,411.946560,1305.155200
gbz,gbz-baseline,random-1000-00014,random-1000,MHC-GRCh38,MHC,333531,334531,1000,100,,1,,1,4511832,4511832,0,,,,,,4511832,,,,,,,,,32.389000,,,,true,,,140.815520,411.946560,1305.155200
gbz,gbz-baseline,random-1000-00015,random-1000,MHC-GRCh38,MHC,1587266,1588266,1000,100,,1,,1,4511832,4511832,0,,,,,,4511832,,,,,,,,,86.007000,,,,true,,,140.815520,411.946560,1305.155200
gbz,gbz-baseline,random-1000-00016,random-1000,MHC-GRCh38,MHC,4179654,4180654,1000,100,,1,,1,4511832,4511832,0,,,,,,4511832,,,,,,,,,454.451000,,,,true,,,140.815520,411.946560,1305.155200
gbz,gbz-baseline,random-1000-00017,random-1000,MHC-GRCh38,MHC,703981,704981,1000,100,,1,,1,4511832,4511832,0,,,,,,4511832,,,,,,,,,55.668000,,,,true,,,140.815520,411.946560,1305.155200
gbz,gbz-baseline,random-1000-00018,random-1000,MHC-GRCh38,MHC,3890814,3891814,1000,100,,1,,1,4511832,4511832,0,,,,,,4511832,,,,,,,,,636.425000,,,,true,,,140.815520,411.946560,1305.155200
gbz,gbz-baseline,random-1000-00019,random-1000,MHC-GRCh38,MHC,973637,974637,1000,100,,1,,1,4511832,4511832,0,,,,,,4511832,,,,,,,,,42.762000,,,,true,,,140.815520,411.946560,1305.155200
gbz,gbz-baseline,random-1000-00020,random-1000,MHC-GRCh38,MHC,1049451,1050451,1000,100,,1,,1,4511832,4511832,0,,,,,,4511832,,,,,,,,,28.490000,,,,true,,,140.815520,411.946560,1305.155200
gbz,gbz-baseline,random-1000-00021,random-1000,MHC-GRCh38,MHC,2164019,2165019,1000,100,,1,,1,4511832,4511832,0,,,,,,4511832,,,,,,,,,168.020000,,,,true,,,140.815520,411.946560,1305.155200
gbz,gbz-baseline,random-1000-00022,random-1000,MHC-GRCh38,MHC,394097,395097,1000,100,,1,,1,4511832,4511832,0,,,,,,4511832,,,,,,,,,61.507000,,,,true,,,140.815520,411.946560,1305.155200
gbz,gbz-baseline,random-1000-00023,random-1000,MHC-GRCh38,MHC,453671,454671,1000,100,,1,,1,4511832,4511832,0,,,,,,4511832,,,,,,,,,40.751000,,,,true,,,140.815520,411.946560,1305.155200
gbz,gbz-baseline,random-1000-00024,random-1000,MHC-GRCh38,MHC,3072536,3073536,1000,100,,1,,1,4511832,4511832,0,,,,,,4511832,,,,,,,,,59.082000,,,,true,,,140.815520,411.946560,1305.155200
gbz,gbz-baseline,random-1000-00025,random-1000,MHC-GRCh38,MHC,188333,189333,1000,100,,1,,1,4511832,4511832,0,,,,,,4511832,,,,,,,,,55.327000,,,,true,,,140.815520,411.946560,1305.155200
gbz,gbz-baseline,random-1000-00026,random-1000,MHC-GRCh38,MHC,4480350,4481350,1000,100,,1,,1,4511832,4511832,0,,,,,,4511832,,,,,,,,,121.078000,,,,true,,,140.815520,411.946560,1305.155200
gbz,gbz-baseline,random-1000-00027,random-1000,MHC-GRCh38,MHC,4331745,4332745,1000,100,,1,,1,4511832,4511832,0,,,,,,4511832,,,,,,,,,46.772000,,,,true,,,140.815520,411.946560,1305.155200
gbz,gbz-baseline,random-1000-00028,random-1000,MHC-GRCh38,MHC,3668197,3669197,1000,100,,1,,1,4511832,4511832,0,,,,,,4511832,,,,,,,,,38.508000,,,,true,,,140.815520,411.946560,1305.155200
gbz,gbz-baseline,random-1000-00029,random-1000,MHC-GRCh38,MHC,3371627,3372627,1000,100,,1,,1,4511832,4511832,0,,,,,,4511832,,,,,,,,,28.867000,,,,true,,,140.815520,411.946560,1305.155200
gbz,gbz-baseline,random-1000-00030,random-1000,MHC-GRCh38,MHC,863595,864595,1000,100,,1,,1,4511832,4511832,0,,,,,,4511832,,,,,,,,,61.327000,,,,true,,,140.815520,411.946560,1305.155200
gbz,gbz-baseline,random-1000-00031,random-1000,MHC-GRCh38,MHC,459612,460612,1000,100,,1,,1,4511832,4511832,0,,,,,,4511832,,,,,,,,,40.733000,,,,true,,,140.815520,411.946560,1305.155200
gbz,gbz-baseline,random-1000-00032,random-1000,MHC-GRCh38,MHC,2813163,2814163,1000,100,,1,,1,4511832,4511832,0,,,,,,4511832,,,,,,,,,587.112000,,,,true,,,140.815520,411.946560,1305.155200
gbz,gbz-baseline,random-1000-00033,random-1000,MHC-GRCh38,MHC,2627316,2628316,1000,100,,1,,1,4511832,4511832,0,,,,,,4511832,,,,,,,,,140.598000,,,,true,,,140.815520,411.946560,1305.155200
gbz,gbz-baseline,random-1000-00034,random-1000,MHC-GRCh38,MHC,3196323,3197323,1000,100,,1,,1,4511832,4511832,0,,,,,,4511832,,,,,,,,,36.016000,,,,true,,,140.815520,411.946560,1305.155200
gbz,gbz-baseline,random-1000-00035,random-1000,MHC-GRCh38,MHC,880264,881264,1000,100,,1,,1,4511832,4511832,0,,,,,,4511832,,,,,,,,,48.314000,,,,true,,,140.815520,411.946560,1305.155200
gbz,gbz-baseline,random-1000-00036,random-1000,MHC-GRCh38,MHC,3737062,3738062,1000,100,,1,,1,4511832,4511832,0,,,,,,4511832,,,,,,,,,145.623000,,,,true,,,140.815520,411.946560,1305.155200
gbz,gbz-baseline,random-1000-00037,random-1000,MHC-GRCh38,MHC,4383459,4384459,1000,100,,1,,1,4511832,4511832,0,,,,,,4511832,,,,,,,,,72.224000,,,,true,,,140.815520,411.946560,1305.155200
gbz,gbz-baseline,random-1000-00038,random-1000,MHC-GRCh38,MHC,4684396,4685396,1000,100,,1,,1,4511832,4511832,0,,,,,,4511832,,,,,,,,,31.267000,,,,true,,,140.815520,411.946560,1305.155200
gbz,gbz-baseline,random-1000-00039,random-1000,MHC-GRCh38,MHC,1840922,1841922,1000,100,,1,,1,4511832,4511832,0,,,,,,4511832,,,,,,,,,36.478000,,,,true,,,140.815520,411.946560,1305.155200
gbz,gbz-baseline,random-1000-00040,random-1000,MHC-GRCh38,MHC,1176039,1177039,1000,100,,1,,1,4511832,4511832,0,,,,,,4511832,,,,,,,,,163.698000,,,,true,,,140.815520,411.946560,1305.155200
gbz,gbz-baseline,random-1000-00041,random-1000,MHC-GRCh38,MHC,1205328,1206328,1000,100,,1,,1,4511832,4511832,0,,,,,,4511832,,,,,,,,,93.277000,,,,true,,,140.815520,411.946560,1305.155200
gbz,gbz-baseline,random-1000-00042,random-1000,MHC-GRCh38,MHC,3306190,3307190,1000,100,,1,,1,4511832,4511832,0,,,,,,4511832,,,,,,,,,18.065000,,,,true,,,140.815520,411.946560,1305.155200
gbz,gbz-baseline,random-1000-00043,random-1000,MHC-GRCh38,MHC,2602103,2603103,1000,100,,1,,1,4511832,4511832,0,,,,,,4511832,,,,,,,,,192.218000,,,,true,,,140.815520,411.946560,1305.155200
gbz,gbz-baseline,random-1000-00044,random-1000,MHC-GRCh38,MHC,2395815,2396815,1000,100,,1,,1,4511832,4511832,0,,,,,,4511832,,,,,,,,,103.160000,,,,true,,,140.815520,411.946560,1305.155200
gbz,gbz-baseline,random-1000-00045,random-1000,MHC-GRCh38,MHC,770666,771666,1000,100,,1,,1,4511832,4511832,0,,,,,,4511832,,,,,,,,,27.140000,,,,true,,,140.815520,411.946560,1305.155200
gbz,gbz-baseline,random-1000-00046,random-1000,MHC-GRCh38,MHC,4731030,4732030,1000,100,,1,,1,4511832,4511832,0,,,,,,4511832,,,,,,,,,45.115000,,,,true,,,140.815520,411.946560,1305.155200
gbz,gbz-baseline,random-1000-00047,random-1000,MHC-GRCh38,MHC,4696809,4697809,1000,100,,1,,1,4511832,4511832,0,,,,,,4511832,,,,,,,,,31.411000,,,,true,,,140.815520,411.946560,1305.155200
gbz,gbz-baseline,random-1000-00048,random-1000,MHC-GRCh38,MHC,1378757,1379757,1000,100,,1,,1,4511832,4511832,0,,,,,,4511832,,,,,,,,,246.973000,,,,true,,,140.815520,411.946560,1305.155200
gbz,gbz-baseline,random-1000-00049,random-1000,MHC-GRCh38,MHC,485156,486156,1000,100,,1,,1,4511832,4511832,0,,,,,,4511832,,,,,,,,,38.995000,,,,true,,,140.815520,411.946560,1305.155200
gbz,gbz-baseline,random-10000-00000,random-10000,MHC-GRCh38,MHC,3144166,3154166,10000,100,,1,,1,4511832,4511832,0,,,,,,4511832,,,,,,,,,363.472000,,,,true,,,140.815520,411.946560,1305.155200
gbz,gbz-baseline,random-10000-00001,random-10000,MHC-GRCh38,MHC,1999633,2009633,10000,100,,1,,1,4511832,4511832,0,,,,,,4511832,,,,,,,,,469.477000,,,,true,,,140.815520,411.946560,1305.155200
gbz,gbz-baseline,random-10000-00002,random-10000,MHC-GRCh38,MHC,3794961,3804961,10000,100,,1,,1,4511832,4511832,0,,,,,,4511832,,,,,,,,,1012.020000,,,,true,,,140.815520,411.946560,1305.155200
gbz,gbz-baseline,random-10000-00003,random-10000,MHC-GRCh38,MHC,2063456,2073456,10000,100,,1,,1,4511832,4511832,0,,,,,,4511832,,,,,,,,,213.849000,,,,true,,,140.815520,411.946560,1305.155200
gbz,gbz-baseline,random-10000-00004,random-10000,MHC-GRCh38,MHC,3422261,3432261,10000,100,,1,,1,4511832,4511832,0,,,,,,4511832,,,,,,,,,165.552000,,,,true,,,140.815520,411.946560,1305.155200
gbz,gbz-baseline,random-10000-00005,random-10000,MHC-GRCh38,MHC,375092,385092,10000,100,,1,,1,4511832,4511832,0,,,,,,4511832,,,,,,,,,419.578000,,,,true,,,140.815520,411.946560,1305.155200
gbz,gbz-baseline,random-10000-00006,random-10000,MHC-GRCh38,MHC,4078995,4088995,10000,100,,1,,1,4511832,4511832,0,,,,,,4511832,,,,,,,,,9609.481000,,,,true,,,140.815520,411.946560,1305.155200
gbz,gbz-baseline,random-10000-00007,random-10000,MHC-GRCh38,MHC,2692223,2702223,10000,100,,1,,1,4511832,4511832,0,,,,,,4511832,,,,,,,,,2583.714000,,,,true,,,140.815520,411.946560,1305.155200
gbz,gbz-baseline,random-10000-00008,random-10000,MHC-GRCh38,MHC,1602057,1612057,10000,100,,1,,1,4511832,4511832,0,,,,,,4511832,,,,,,,,,565.121000,,,,true,,,140.815520,411.946560,1305.155200
gbz,gbz-baseline,random-10000-00009,random-10000,MHC-GRCh38,MHC,802401,812401,10000,100,,1,,1,4511832,4511832,0,,,,,,4511832,,,,,,,,,276.602000,,,,true,,,140.815520,411.946560,1305.155200
gbz,gbz-baseline,random-10000-00010,random-10000,MHC-GRCh38,MHC,4572584,4582584,10000,100,,1,,1,4511832,4511832,0,,,,,,4511832,,,,,,,,,3251.364000,,,,true,,,140.815520,411.946560,1305.155200
gbz,gbz-baseline,random-10000-00011,random-10000,MHC-GRCh38,MHC,1340999,1350999,10000,100,,1,,1,4511832,4511832,0,,,,,,4511832,,,,,,,,,2796.637000,,,,true,,,140.815520,411.946560,1305.155200
gbz,gbz-baseline,random-10000-00012,random-10000,MHC-GRCh38,MHC,2666687,2676687,10000,100,,1,,1,4511832,4511832,0,,,,,,4511832,,,,,,,,,1689.217000,,,,true,,,140.815520,411.946560,1305.155200
gbz,gbz-baseline,random-10000-00013,random-10000,MHC-GRCh38,MHC,640027,650027,10000,100,,1,,1,4511832,4511832,0,,,,,,4511832,,,,,,,,,366.595000,,,,true,,,140.815520,411.946560,1305.155200
gbz,gbz-baseline,random-10000-00014,random-10000,MHC-GRCh38,MHC,392291,402291,10000,100,,1,,1,4511832,4511832,0,,,,,,4511832,,,,,,,,,289.386000,,,,true,,,140.815520,411.946560,1305.155200
gbz,gbz-baseline,random-10000-00015,random-10000,MHC-GRCh38,MHC,3877805,3887805,10000,100,,1,,1,4511832,4511832,0,,,,,,4511832,,,,,,,,,3175.631000,,,,true,,,140.815520,411.946560,1305.155200
gbz,gbz-baseline,random-10000-00016,random-10000,MHC-GRCh38,MHC,2635713,2645713,10000,100,,1,,1,4511832,4511832,0,,,,,,4511832,,,,,,,,,1154.192000,,,,true,,,140.815520,411.946560,1305.155200
gbz,gbz-baseline,random-10000-00017,random-10000,MHC-GRCh38,MHC,838673,848673,10000,100,,1,,1,4511832,4511832,0,,,,,,4511832,,,,,,,,,196.572000,,,,true,,,140.815520,411.946560,1305.155200
gbz,gbz-baseline,random-10000-00018,random-10000,MHC-GRCh38,MHC,1050278,1060278,10000,100,,1,,1,4511832,4511832,0,,,,,,4511832,,,,,,,,,585.387000,,,,true,,,140.815520,411.946560,1305.155200
gbz,gbz-baseline,random-10000-00019,random-10000,MHC-GRCh38,MHC,1468704,1478704,10000,100,,1,,1,4511832,4511832,0,,,,,,4511832,,,,,,,,,971.760000,,,,true,,,140.815520,411.946560,1305.155200
gbz,gbz-baseline,random-10000-00020,random-10000,MHC-GRCh38,MHC,4375098,4385098,10000,100,,1,,1,4511832,4511832,0,,,,,,4511832,,,,,,,,,417.416000,,,,true,,,140.815520,411.946560,1305.155200
gbz,gbz-baseline,random-10000-00021,random-10000,MHC-GRCh38,MHC,4581909,4591909,10000,100,,1,,1,4511832,4511832,0,,,,,,4511832,,,,,,,,,994.978000,,,,true,,,140.815520,411.946560,1305.155200
gbz,gbz-baseline,random-10000-00022,random-10000,MHC-GRCh38,MHC,169169,179169,10000,100,,1,,1,4511832,4511832,0,,,,,,4511832,,,,,,,,,332.525000,,,,true,,,140.815520,411.946560,1305.155200
gbz,gbz-baseline,random-10000-00023,random-10000,MHC-GRCh38,MHC,264332,274332,10000,100,,1,,1,4511832,4511832,0,,,,,,4511832,,,,,,,,,683.877000,,,,true,,,140.815520,411.946560,1305.155200
gbz,gbz-baseline,random-10000-00024,random-10000,MHC-GRCh38,MHC,4139768,4149768,10000,100,,1,,1,4511832,4511832,0,,,,,,4511832,,,,,,,,,5835.096000,,,,true,,,140.815520,411.946560,1305.155200
gbz,gbz-baseline,random-10000-00025,random-10000,MHC-GRCh38,MHC,1086948,1096948,10000,100,,1,,1,4511832,4511832,0,,,,,,4511832,,,,,,,,,379.466000,,,,true,,,140.815520,411.946560,1305.155200
gbz,gbz-baseline,random-10000-00026,random-10000,MHC-GRCh38,MHC,796975,806975,10000,100,,1,,1,4511832,4511832,0,,,,,,4511832,,,,,,,,,324.694000,,,,true,,,140.815520,411.946560,1305.155200
gbz,gbz-baseline,random-10000-00027,random-10000,MHC-GRCh38,MHC,208422,218422,10000,100,,1,,1,4511832,4511832,0,,,,,,4511832,,,,,,,,,654.619000,,,,true,,,140.815520,411.946560,1305.155200
gbz,gbz-baseline,random-10000-00028,random-10000,MHC-GRCh38,MHC,4825593,4835593,10000,100,,1,,1,4511832,4511832,0,,,,,,4511832,,,,,,,,,324.356000,,,,true,,,140.815520,411.946560,1305.155200
gbz,gbz-baseline,random-10000-00029,random-10000,MHC-GRCh38,MHC,1869556,1879556,10000,100,,1,,1,4511832,4511832,0,,,,,,4511832,,,,,,,,,1212.252000,,,,true,,,140.815520,411.946560,1305.155200
gbz,gbz-baseline,random-10000-00030,random-10000,MHC-GRCh38,MHC,3525406,3535406,10000,100,,1,,1,4511832,4511832,0,,,,,,4511832,,,,,,,,,535.309000,,,,true,,,140.815520,411.946560,1305.155200
gbz,gbz-baseline,random-10000-00031,random-10000,MHC-GRCh38,MHC,817285,827285,10000,100,,1,,1,4511832,4511832,0,,,,,,4511832,,,,,,,,,212.423000,,,,true,,,140.815520,411.946560,1305.155200
gbz,gbz-baseline,random-10000-00032,random-10000,MHC-GRCh38,MHC,2155060,2165060,10000,100,,1,,1,4511832,4511832,0,,,,,,4511832,,,,,,,,,426.277000,,,,true,,,140.815520,411.946560,1305.155200
gbz,gbz-baseline,random-10000-00033,random-10000,MHC-GRCh38,MHC,4536834,4546834,10000,100,,1,,1,4511832,4511832,0,,,,,,4511832,,,,,,,,,1399.025000,,,,true,,,140.815520,411.946560,1305.155200
gbz,gbz-baseline,random-10000-00034,random-10000,MHC-GRCh38,MHC,3721781,3731781,10000,100,,1,,1,4511832,4511832,0,,,,,,4511832,,,,,,,,,1213.252000,,,,true,,,140.815520,411.946560,1305.155200
gbz,gbz-baseline,random-10000-00035,random-10000,MHC-GRCh38,MHC,2921773,2931773,10000,100,,1,,1,4511832,4511832,0,,,,,,4511832,,,,,,,,,1638.881000,,,,true,,,140.815520,411.946560,1305.155200
gbz,gbz-baseline,random-10000-00036,random-10000,MHC-GRCh38,MHC,2022342,2032342,10000,100,,1,,1,4511832,4511832,0,,,,,,4511832,,,,,,,,,258.725000,,,,true,,,140.815520,411.946560,1305.155200
gbz,gbz-baseline,random-10000-00037,random-10000,MHC-GRCh38,MHC,2903351,2913351,10000,100,,1,,1,4511832,4511832,0,,,,,,4511832,,,,,,,,,1858.870000,,,,true,,,140.815520,411.946560,1305.155200
gbz,gbz-baseline,random-10000-00038,random-10000,MHC-GRCh38,MHC,1743550,1753550,10000,100,,1,,1,4511832,4511832,0,,,,,,4511832,,,,,,,,,694.927000,,,,true,,,140.815520,411.946560,1305.155200
gbz,gbz-baseline,random-10000-00039,random-10000,MHC-GRCh38,MHC,2503657,2513657,10000,100,,1,,1,4511832,4511832,0,,,,,,4511832,,,,,,,,,2279.043000,,,,true,,,140.815520,411.946560,1305.155200
gbz,gbz-baseline,random-10000-00040,random-10000,MHC-GRCh38,MHC,2932138,2942138,10000,100,,1,,1,4511832,4511832,0,,,,,,4511832,,,,,,,,,1455.096000,,,,true,,,140.815520,411.946560,1305.155200
gbz,gbz-baseline,random-10000-00041,random-10000,MHC-GRCh38,MHC,783360,793360,10000,100,,1,,1,4511832,4511832,0,,,,,,4511832,,,,,,,,,534.685000,,,,true,,,140.815520,411.946560,1305.155200
gbz,gbz-baseline,random-10000-00042,random-10000,MHC-GRCh38,MHC,2455602,2465602,10000,100,,1,,1,4511832,4511832,0,,,,,,4511832,,,,,,,,,718.474000,,,,true,,,140.815520,411.946560,1305.155200
gbz,gbz-baseline,random-10000-00043,random-10000,MHC-GRCh38,MHC,1809625,1819625,10000,100,,1,,1,4511832,4511832,0,,,,,,4511832,,,,,,,,,387.354000,,,,true,,,140.815520,411.946560,1305.155200
gbz,gbz-baseline,random-10000-00044,random-10000,MHC-GRCh38,MHC,137158,147158,10000,100,,1,,1,4511832,4511832,0,,,,,,4511832,,,,,,,,,255.377000,,,,true,,,140.815520,411.946560,1305.155200
gbz,gbz-baseline,random-10000-00045,random-10000,MHC-GRCh38,MHC,4721118,4731118,10000,100,,1,,1,4511832,4511832,0,,,,,,4511832,,,,,,,,,330.685000,,,,true,,,140.815520,411.946560,1305.155200
gbz,gbz-baseline,random-10000-00046,random-10000,MHC-GRCh38,MHC,2609994,2619994,10000,100,,1,,1,4511832,4511832,0,,,,,,4511832,,,,,,,,,1665.017000,,,,true,,,140.815520,411.946560,1305.155200
gbz,gbz-baseline,random-10000-00047,random-10000,MHC-GRCh38,MHC,3860427,3870427,10000,100,,1,,1,4511832,4511832,0,,,,,,4511832,,,,,,,,,1217.284000,,,,true,,,140.815520,411.946560,1305.155200
gbz,gbz-baseline,random-10000-00048,random-10000,MHC-GRCh38,MHC,4554094,4564094,10000,100,,1,,1,4511832,4511832,0,,,,,,4511832,,,,,,,,,3777.800000,,,,true,,,140.815520,411.946560,1305.155200
gbz,gbz-baseline,random-10000-00049,random-10000,MHC-GRCh38,MHC,2352190,2362190,10000,100,,1,,1,4511832,4511832,0,,,,,,4511832,,,,,,,,,458.235000,,,,true,,,140.815520,411.946560,1305.155200
gbz,gbz-baseline,random-100000-00000,random-100000,MHC-GRCh38,MHC,4209044,4309044,100000,100,,1,,1,4511832,4511832,0,,,,,,4511832,,,,,,,,,23800.954000,,,,true,,,140.815520,411.946560,1305.155200
gbz,gbz-baseline,random-100000-00001,random-100000,MHC-GRCh38,MHC,1722746,1822746,100000,100,,1,,1,4511832,4511832,0,,,,,,4511832,,,,,,,,,5074.315000,,,,true,,,140.815520,411.946560,1305.155200
gbz,gbz-baseline,random-100000-00002,random-100000,MHC-GRCh38,MHC,3224923,3324923,100000,100,,1,,1,4511832,4511832,0,,,,,,4511832,,,,,,,,,2776.933000,,,,true,,,140.815520,411.946560,1305.155200
gbz,gbz-baseline,random-100000-00003,random-100000,MHC-GRCh38,MHC,685079,785079,100000,100,,1,,1,4511832,4511832,0,,,,,,4511832,,,,,,,,,2981.939000,,,,true,,,140.815520,411.946560,1305.155200
gbz,gbz-baseline,random-100000-00004,random-100000,MHC-GRCh38,MHC,2437611,2537611,100000,100,,1,,1,4511832,4511832,0,,,,,,4511832,,,,,,,,,10817.000000,,,,true,,,140.815520,411.946560,1305.155200
gbz,gbz-baseline,random-100000-00005,random-100000,MHC-GRCh38,MHC,59077,159077,100000,100,,1,,1,4511832,4511832,0,,,,,,4511832,,,,,,,,,3189.333000,,,,true,,,140.815520,411.946560,1305.155200
gbz,gbz-baseline,random-100000-00006,random-100000,MHC-GRCh38,MHC,4590285,4690285,100000,100,,1,,1,4511832,4511832,0,,,,,,4511832,,,,,,,,,11685.139000,,,,true,,,140.815520,411.946560,1305.155200
gbz,gbz-baseline,random-100000-00007,random-100000,MHC-GRCh38,MHC,4485571,4585571,100000,100,,1,,1,4511832,4511832,0,,,,,,4511832,,,,,,,,,16355.977000,,,,true,,,140.815520,411.946560,1305.155200
gbz,gbz-baseline,random-100000-00008,random-100000,MHC-GRCh38,MHC,3570722,3670722,100000,100,,1,,1,4511832,4511832,0,,,,,,4511832,,,,,,,,,2938.115000,,,,true,,,140.815520,411.946560,1305.155200
gbz,gbz-baseline,random-100000-00009,random-100000,MHC-GRCh38,MHC,4287809,4387809,100000,100,,1,,1,4511832,4511832,0,,,,,,4511832,,,,,,,,,9035.729000,,,,true,,,140.815520,411.946560,1305.155200
gbz,gbz-baseline,random-100000-00010,random-100000,MHC-GRCh38,MHC,4025165,4125165,100000,100,,1,,1,4511832,4511832,0,,,,,,4511832,,,,,,,,,135438.172000,,,,true,,,140.815520,411.946560,1305.155200
gbz,gbz-baseline,random-100000-00011,random-100000,MHC-GRCh38,MHC,1237510,1337510,100000,100,,1,,1,4511832,4511832,0,,,,,,4511832,,,,,,,,,17310.538000,,,,true,,,140.815520,411.946560,1305.155200
gbz,gbz-baseline,random-100000-00012,random-100000,MHC-GRCh38,MHC,282699,382699,100000,100,,1,,1,4511832,4511832,0,,,,,,4511832,,,,,,,,,5191.936000,,,,true,,,140.815520,411.946560,1305.155200
gbz,gbz-baseline,random-100000-00013,random-100000,MHC-GRCh38,MHC,2461234,2561234,100000,100,,1,,1,4511832,4511832,0,,,,,,4511832,,,,,,,,,14058.852000,,,,true,,,140.815520,411.946560,1305.155200
gbz,gbz-baseline,random-100000-00014,random-100000,MHC-GRCh38,MHC,39688,139688,100000,100,,1,,1,4511832,4511832,0,,,,,,4511832,,,,,,,,,3252.934000,,,,true,,,140.815520,411.946560,1305.155200
gbz,gbz-baseline,random-100000-00015,random-100000,MHC-GRCh38,MHC,2966751,3066751,100000,100,,1,,1,4511832,4511832,0,,,,,,4511832,,,,,,,,,9982.107000,,,,true,,,140.815520,411.946560,1305.155200
gbz,gbz-baseline,random-100000-00016,random-100000,MHC-GRCh38,MHC,1970326,2070326,100000,100,,1,,1,4511832,4511832,0,,,,,,4511832,,,,,,,,,3394.819000,,,,true,,,140.815520,411.946560,1305.155200
gbz,gbz-baseline,random-100000-00017,random-100000,MHC-GRCh38,MHC,4296183,4396183,100000,100,,1,,1,4511832,4511832,0,,,,,,4511832,,,,,,,,,7893.561000,,,,true,,,140.815520,411.946560,1305.155200
gbz,gbz-baseline,random-100000-00018,random-100000,MHC-GRCh38,MHC,3769659,3869659,100000,100,,1,,1,4511832,4511832,0,,,,,,4511832,,,,,,,,,12278.859000,,,,true,,,140.815520,411.946560,1305.155200
gbz,gbz-baseline,random-100000-00019,random-100000,MHC-GRCh38,MHC,1836841,1936841,100000,100,,1,,1,4511832,4511832,0,,,,,,4511832,,,,,,,,,6743.168000,,,,true,,,140.815520,411.946560,1305.155200
gbz,gbz-baseline,random-100000-00020,random-100000,MHC-GRCh38,MHC,3910205,4010205,100000,100,,1,,1,4511832,4511832,0,,,,,,4511832,,,,,,,,,44000.554000,,,,true,,,140.815520,411.946560,1305.155200
gbz,gbz-baseline,random-100000-00021,random-100000,MHC-GRCh38,MHC,647943,747943,100000,100,,1,,1,4511832,4511832,0,,,,,,4511832,,,,,,,,,3825.212000,,,,true,,,140.815520,411.946560,1305.155200
gbz,gbz-baseline,random-100000-00022,random-100000,MHC-GRCh38,MHC,2004256,2104256,100000,100,,1,,1,4511832,4511832,0,,,,,,4511832,,,,,,,,,2816.529000,,,,true,,,140.815520,411.946560,1305.155200
gbz,gbz-baseline,random-100000-00023,random-100000,MHC-GRCh38,MHC,948617,1048617,100000,100,,1,,1,4511832,4511832,0,,,,,,4511832,,,,,,,,,3249.286000,,,,true,,,140.815520,411.946560,1305.155200
gbz,gbz-baseline,random-100000-00024,random-100000,MHC-GRCh38,MHC,172774,272774,100000,100,,1,,1,4511832,4511832,0,,,,,,4511832,,,,,,,,,7410.411000,,,,true,,,140.815520,411.946560,1305.155200
gbz,gbz-baseline,random-100000-00025,random-100000,MHC-GRCh38,MHC,2486989,2586989,100000,100,,1,,1,4511832,4511832,0,,,,,,4511832,,,,,,,,,14369.973000,,,,true,,,140.815520,411.946560,1305.155200
gbz,gbz-baseline,random-100000-00026,random-100000,MHC-GRCh38,MHC,1930943,2030943,100000,100,,1,,1,4511832,4511832,0,,,,,,4511832,,,,,,,,,4953.037000,,,,true,,,140.815520,411.946560,1305.155200
gbz,gbz-baseline,random-100000-00027,random-100000,MHC-GRCh38,MHC,204534,304534,100000,100,,1,,1,4511832,4511832,0,,,,,,4511832,,,,,,,,,7191.652000,,,,true,,,140.815520,411.946560,1305.155200
gbz,gbz-baseline,random-100000-00028,random-100000,MHC-GRCh38,MHC,3890508,3990508,100000,100,,1,,1,4511832,4511832,0,,,,,,4511832,,,,,,,,,25033.740000,,,,true,,,140.815520,411.946560,1305.155200
gbz,gbz-baseline,random-100000-00029,random-100000,MHC-GRCh38,MHC,1400303,1500303,100000,100,,1,,1,4511832,4511832,0,,,,,,4511832,,,,,,,,,29620.985000,,,,true,,,140.815520,411.946560,1305.155200
gbz,gbz-baseline,random-100000-00030,random-100000,MHC-GRCh38,MHC,1669721,1769721,100000,100,,1,,1,4511832,4511832,0,,,,,,4511832,,,,,,,,,5428.581000,,,,true,,,140.815520,411.946560,1305.155200
gbz,gbz-baseline,random-100000-00031,random-100000,MHC-GRCh38,MHC,215439,315439,100000,100,,1,,1,4511832,4511832,0,,,,,,4511832,,,,,,,,,6931.977000,,,,true,,,140.815520,411.946560,1305.155200
gbz,gbz-baseline,random-100000-00032,random-100000,MHC-GRCh38,MHC,3542671,3642671,100000,100,,1,,1,4511832,4511832,0,,,,,,4511832,,,,,,,,,2886.432000,,,,true,,,140.815520,411.946560,1305.155200
gbz,gbz-baseline,random-100000-00033,random-100000,MHC-GRCh38,MHC,1452240,1552240,100000,100,,1,,1,4511832,4511832,0,,,,,,4511832,,,,,,,,,11883.449000,,,,true,,,140.815520,411.946560,1305.155200
gbz,gbz-baseline,random-100000-00034,random-100000,MHC-GRCh38,MHC,3935885,4035885,100000,100,,1,,1,4511832,4511832,0,,,,,,4511832,,,,,,,,,86868.899000,,,,true,,,140.815520,411.946560,1305.155200
gbz,gbz-baseline,random-100000-00035,random-100000,MHC-GRCh38,MHC,1231487,1331487,100000,100,,1,,1,4511832,4511832,0,,,,,,4511832,,,,,,,,,16158.769000,,,,true,,,140.815520,411.946560,1305.155200
gbz,gbz-baseline,random-100000-00036,random-100000,MHC-GRCh38,MHC,2059084,2159084,100000,100,,1,,1,4511832,4511832,0,,,,,,4511832,,,,,,,,,2780.807000,,,,true,,,140.815520,411.946560,1305.155200
gbz,gbz-baseline,random-100000-00037,random-100000,MHC-GRCh38,MHC,3340862,3440862,100000,100,,1,,1,4511832,4511832,0,,,,,,4511832,,,,,,,,,2648.776000,,,,true,,,140.815520,411.946560,1305.155200
gbz,gbz-baseline,random-100000-00038,random-100000,MHC-GRCh38,MHC,921258,1021258,100000,100,,1,,1,4511832,4511832,0,,,,,,4511832,,,,,,,,,2527.834000,,,,true,,,140.815520,411.946560,1305.155200
gbz,gbz-baseline,random-100000-00039,random-100000,MHC-GRCh38,MHC,3395378,3495378,100000,100,,1,,1,4511832,4511832,0,,,,,,4511832,,,,,,,,,2164.656000,,,,true,,,140.815520,411.946560,1305.155200
gbz,gbz-baseline,random-100000-00040,random-100000,MHC-GRCh38,MHC,3429684,3529684,100000,100,,1,,1,4511832,4511832,0,,,,,,4511832,,,,,,,,,2600.100000,,,,true,,,140.815520,411.946560,1305.155200
gbz,gbz-baseline,random-100000-00041,random-100000,MHC-GRCh38,MHC,3427206,3527206,100000,100,,1,,1,4511832,4511832,0,,,,,,4511832,,,,,,,,,2441.659000,,,,true,,,140.815520,411.946560,1305.155200
gbz,gbz-baseline,random-100000-00042,random-100000,MHC-GRCh38,MHC,58582,158582,100000,100,,1,,1,4511832,4511832,0,,,,,,4511832,,,,,,,,,3182.862000,,,,true,,,140.815520,411.946560,1305.155200
gbz,gbz-baseline,random-100000-00043,random-100000,MHC-GRCh38,MHC,1799230,1899230,100000,100,,1,,1,4511832,4511832,0,,,,,,4511832,,,,,,,,,6122.077000,,,,true,,,140.815520,411.946560,1305.155200
gbz,gbz-baseline,random-100000-00044,random-100000,MHC-GRCh38,MHC,2029904,2129904,100000,100,,1,,1,4511832,4511832,0,,,,,,4511832,,,,,,,,,2386.039000,,,,true,,,140.815520,411.946560,1305.155200
gbz,gbz-baseline,random-100000-00045,random-100000,MHC-GRCh38,MHC,2203224,2303224,100000,100,,1,,1,4511832,4511832,0,,,,,,4511832,,,,,,,,,5786.112000,,,,true,,,140.815520,411.946560,1305.155200
gbz,gbz-baseline,random-100000-00046,random-100000,MHC-GRCh38,MHC,3746831,3846831,100000,100,,1,,1,4511832,4511832,0,,,,,,4511832,,,,,,,,,11014.640000,,,,true,,,140.815520,411.946560,1305.155200
gbz,gbz-baseline,random-100000-00047,random-100000,MHC-GRCh38,MHC,1030366,1130366,100000,100,,1,,1,4511832,4511832,0,,,,,,4511832,,,,,,,,,5018.748000,,,,true,,,140.815520,411.946560,1305.155200
gbz,gbz-baseline,random-100000-00048,random-100000,MHC-GRCh38,MHC,56321,156321,100000,100,,1,,1,4511832,4511832,0,,,,,,4511832,,,,,,,,,3262.766000,,,,true,,,140.815520,411.946560,1305.155200
gbz,gbz-baseline,random-100000-00049,random-100000,MHC-GRCh38,MHC,3965305,4065305,100000,100,,1,,1,4511832,4511832,0,,,,,,4511832,,,,,,,,,120683.323000,,,,true,,,140.815520,411.946560,1305.155200
gbz,gbz-baseline,random-1000000-00000,random-1000000,MHC-GRCh38,MHC,3703931,4703931,1000000,100,,1,,1,4511832,4511832,0,,,,,,4511832,,,,,,,,,451124.063000,,,,true,,,140.815520,411.946560,1305.155200
gbz,gbz-baseline,random-1000000-00001,random-1000000,MHC-GRCh38,MHC,3632612,4632612,1000000,100,,1,,1,4511832,4511832,0,,,,,,4511832,,,,,,,,,441383.870000,,,,true,,,140.815520,411.946560,1305.155200
gbz,gbz-baseline,random-1000000-00002,random-1000000,MHC-GRCh38,MHC,3624947,4624947,1000000,100,,1,,1,4511832,4511832,0,,,,,,4511832,,,,,,,,,445742.079000,,,,true,,,140.815520,411.946560,1305.155200
gbz,gbz-baseline,random-1000000-00003,random-1000000,MHC-GRCh38,MHC,2794835,3794835,1000000,100,,1,,1,4511832,4511832,0,,,,,,4511832,,,,,,,,,150642.440000,,,,true,,,140.815520,411.946560,1305.155200
gbz,gbz-baseline,random-1000000-00004,random-1000000,MHC-GRCh38,MHC,1751327,2751327,1000000,100,,1,,1,4511832,4511832,0,,,,,,4511832,,,,,,,,,117204.047000,,,,true,,,140.815520,411.946560,1305.155200
gbz,gbz-baseline,random-1000000-00005,random-1000000,MHC-GRCh38,MHC,1372175,2372175,1000000,100,,1,,1,4511832,4511832,0,,,,,,4511832,,,,,,,,,104325.560000,,,,true,,,140.815520,411.946560,1305.155200
gbz,gbz-baseline,random-1000000-00006,random-1000000,MHC-GRCh38,MHC,73751,1073751,1000000,100,,1,,1,4511832,4511832,0,,,,,,4511832,,,,,,,,,52447.825000,,,,true,,,140.815520,411.946560,1305.155200
gbz,gbz-baseline,random-1000000-00007,random-1000000,MHC-GRCh38,MHC,2455346,3455346,1000000,100,,1,,1,4511832,4511832,0,,,,,,4511832,,,,,,,,,224324.933000,,,,true,,,140.815520,411.946560,1305.155200
gbz,gbz-baseline,random-1000000-00008,random-1000000,MHC-GRCh38,MHC,2705443,3705443,1000000,100,,1,,1,4511832,4511832,0,,,,,,4511832,,,,,,,,,170458.277000,,,,true,,,140.815520,411.946560,1305.155200
gbz,gbz-baseline,random-1000000-00009,random-1000000,MHC-GRCh38,MHC,2329813,3329813,1000000,100,,1,,1,4511832,4511832,0,,,,,,4511832,,,,,,,,,218696.723000,,,,true,,,140.815520,411.946560,1305.155200
gbz,gbz-baseline,random-1000000-00010,random-1000000,MHC-GRCh38,MHC,92105,1092105,1000000,100,,1,,1,4511832,4511832,0,,,,,,4511832,,,,,,,,,50019.290000,,,,true,,,140.815520,411.946560,1305.155200
gbz,gbz-baseline,random-1000000-00011,random-1000000,MHC-GRCh38,MHC,3823648,4823648,1000000,100,,1,,1,4511832,4511832,0,,,,,,4511832,,,,,,,,,429478.548000,,,,true,,,140.815520,411.946560,1305.155200
gbz,gbz-baseline,random-1000000-00012,random-1000000,MHC-GRCh38,MHC,3719850,4719850,1000000,100,,1,,1,4511832,4511832,0,,,,,,4511832,,,,,,,,,462102.154000,,,,true,,,140.815520,411.946560,1305.155200
gbz,gbz-baseline,random-1000000-00013,random-1000000,MHC-GRCh38,MHC,1094013,2094013,1000000,100,,1,,1,4511832,4511832,0,,,,,,4511832,,,,,,,,,158497.133000,,,,true,,,140.815520,411.946560,1305.155200
gbz,gbz-baseline,random-1000000-00014,random-1000000,MHC-GRCh38,MHC,2807699,3807699,1000000,100,,1,,1,4511832,4511832,0,,,,,,4511832,,,,,,,,,153020.646000,,,,true,,,140.815520,411.946560,1305.155200
gbz,gbz-baseline,random-1000000-00015,random-1000000,MHC-GRCh38,MHC,711119,1711119,1000000,100,,1,,1,4511832,4511832,0,,,,,,4511832,,,,,,,,,142304.987000,,,,true,,,140.815520,411.946560,1305.155200
gbz,gbz-baseline,random-1000000-00016,random-1000000,MHC-GRCh38,MHC,2845528,3845528,1000000,100,,1,,1,4511832,4511832,0,,,,,,4511832,,,,,,,,,117433.418000,,,,true,,,140.815520,411.946560,1305.155200
gbz,gbz-baseline,random-1000000-00017,random-1000000,MHC-GRCh38,MHC,1974230,2974230,1000000,100,,1,,1,4511832,4511832,0,,,,,,4511832,,,,,,,,,229189.974000,,,,true,,,140.815520,411.946560,1305.155200
gbz,gbz-baseline,random-1000000-00018,random-1000000,MHC-GRCh38,MHC,1992390,2992390,1000000,100,,1,,1,4511832,4511832,0,,,,,,4511832,,,,,,,,,231225.865000,,,,true,,,140.815520,411.946560,1305.155200
gbz,gbz-baseline,random-1000000-00019,random-1000000,MHC-GRCh38,MHC,322227,1322227,1000000,100,,1,,1,4511832,4511832,0,,,,,,4511832,,,,,,,,,69305.594000,,,,true,,,140.815520,411.946560,1305.155200
gbz,gbz-baseline,random-1000000-00020,random-1000000,MHC-GRCh38,MHC,3577478,4577478,1000000,100,,1,,1,4511832,4511832,0,,,,,,4511832,,,,,,,,,425168.602000,,,,true,,,140.815520,411.946560,1305.155200
gbz,gbz-baseline,random-1000000-00021,random-1000000,MHC-GRCh38,MHC,3388932,4388932,1000000,100,,1,,1,4511832,4511832,0,,,,,,4511832,,,,,,,,,410687.493000,,,,true,,,140.815520,411.946560,1305.155200
gbz,gbz-baseline,random-1000000-00022,random-1000000,MHC-GRCh38,MHC,554951,1554951,1000000,100,,1,,1,4511832,4511832,0,,,,,,4511832,,,,,,,,,134381.375000,,,,true,,,140.815520,411.946560,1305.155200
gbz,gbz-baseline,random-1000000-00023,random-1000000,MHC-GRCh38,MHC,952249,1952249,1000000,100,,1,,1,4511832,4511832,0,,,,,,4511832,,,,,,,,,147646.010000,,,,true,,,140.815520,411.946560,1305.155200
gbz,gbz-baseline,random-1000000-00024,random-1000000,MHC-GRCh38,MHC,1184608,2184608,1000000,100,,1,,1,4511832,4511832,0,,,,,,4511832,,,,,,,,,144097.595000,,,,true,,,140.815520,411.946560,1305.155200
gbz,gbz-baseline,random-1000000-00025,random-1000000,MHC-GRCh38,MHC,1338039,2338039,1000000,100,,1,,1,4511832,4511832,0,,,,,,4511832,,,,,,,,,117145.438000,,,,true,,,140.815520,411.946560,1305.155200
gbz,gbz-baseline,random-1000000-00026,random-1000000,MHC-GRCh38,MHC,2952014,3952014,1000000,100,,1,,1,4511832,4511832,0,,,,,,4511832,,,,,,,,,87017.589000,,,,true,,,140.815520,411.946560,1305.155200
gbz,gbz-baseline,random-1000000-00027,random-1000000,MHC-GRCh38,MHC,1870809,2870809,1000000,100,,1,,1,4511832,4511832,0,,,,,,4511832,,,,,,,,,189807.292000,,,,true,,,140.815520,411.946560,1305.155200
gbz,gbz-baseline,random-1000000-00028,random-1000000,MHC-GRCh38,MHC,1203836,2203836,1000000,100,,1,,1,4511832,4511832,0,,,,,,4511832,,,,,,,,,144692.766000,,,,true,,,140.815520,411.946560,1305.155200
gbz,gbz-baseline,random-1000000-00029,random-1000000,MHC-GRCh38,MHC,1429528,2429528,1000000,100,,1,,1,4511832,4511832,0,,,,,,4511832,,,,,,,,,86939.568000,,,,true,,,140.815520,411.946560,1305.155200
gbz,gbz-baseline,random-1000000-00030,random-1000000,MHC-GRCh38,MHC,1281840,2281840,1000000,100,,1,,1,4511832,4511832,0,,,,,,4511832,,,,,,,,,132298.716000,,,,true,,,140.815520,411.946560,1305.155200
gbz,gbz-baseline,random-1000000-00031,random-1000000,MHC-GRCh38,MHC,8225,1008225,1000000,100,,1,,1,4511832,4511832,0,,,,,,4511832,,,,,,,,,48451.568000,,,,true,,,140.815520,411.946560,1305.155200
gbz,gbz-baseline,random-1000000-00032,random-1000000,MHC-GRCh38,MHC,2647156,3647156,1000000,100,,1,,1,4511832,4511832,0,,,,,,4511832,,,,,,,,,177908.610000,,,,true,,,140.815520,411.946560,1305.155200
gbz,gbz-baseline,random-1000000-00033,random-1000000,MHC-GRCh38,MHC,1021875,2021875,1000000,100,,1,,1,4511832,4511832,0,,,,,,4511832,,,,,,,,,153751.659000,,,,true,,,140.815520,411.946560,1305.155200
gbz,gbz-baseline,random-1000000-00034,random-1000000,MHC-GRCh38,MHC,1702048,2702048,1000000,100,,1,,1,4511832,4511832,0,,,,,,4511832,,,,,,,,,95647.518000,,,,true,,,140.815520,411.946560,1305.155200
gbz,gbz-baseline,random-1000000-00035,random-1000000,MHC-GRCh38,MHC,3941206,4941206,1000000,100,,1,,1,4511832,4511832,0,,,,,,4511832,,,,,,,,,421521.765000,,,,true,,,140.815520,411.946560,1305.155200
gbz,gbz-baseline,random-1000000-00036,random-1000000,MHC-GRCh38,MHC,3109002,4109002,1000000,100,,1,,1,4511832,4511832,0,,,,,,4511832,,,,,,,,,270322.559000,,,,true,,,140.815520,411.946560,1305.155200
gbz,gbz-baseline,random-1000000-00037,random-1000000,MHC-GRCh38,MHC,723032,1723032,1000000,100,,1,,1,4511832,4511832,0,,,,,,4511832,,,,,,,,,139885.450000,,,,true,,,140.815520,411.946560,1305.155200
gbz,gbz-baseline,random-1000000-00038,random-1000000,MHC-GRCh38,MHC,3366612,4366612,1000000,100,,1,,1,4511832,4511832,0,,,,,,4511832,,,,,,,,,398006.445000,,,,true,,,140.815520,411.946560,1305.155200
gbz,gbz-baseline,random-1000000-00039,random-1000000,MHC-GRCh38,MHC,2014029,3014029,1000000,100,,1,,1,4511832,4511832,0,,,,,,4511832,,,,,,,,,231137.222000,,,,true,,,140.815520,411.946560,1305.155200
gbz,gbz-baseline,random-1000000-00040,random-1000000,MHC-GRCh38,MHC,2480500,3480500,1000000,100,,1,,1,4511832,4511832,0,,,,,,4511832,,,,,,,,,222663.290000,,,,true,,,140.815520,411.946560,1305.155200
gbz,gbz-baseline,random-1000000-00041,random-1000000,MHC-GRCh38,MHC,1705935,2705935,1000000,100,,1,,1,4511832,4511832,0,,,,,,4511832,,,,,,,,,98073.646000,,,,true,,,140.815520,411.946560,1305.155200
gbz,gbz-baseline,random-1000000-00042,random-1000000,MHC-GRCh38,MHC,3191759,4191759,1000000,100,,1,,1,4511832,4511832,0,,,,,,4511832,,,,,,,,,366547.691000,,,,true,,,140.815520,411.946560,1305.155200
gbz,gbz-baseline,random-1000000-00043,random-1000000,MHC-GRCh38,MHC,3565676,4565676,1000000,100,,1,,1,4511832,4511832,0,,,,,,4511832,,,,,,,,,426920.107000,,,,true,,,140.815520,411.946560,1305.155200
gbz,gbz-baseline,random-1000000-00044,random-1000000,MHC-GRCh38,MHC,1816865,2816865,1000000,100,,1,,1,4511832,4511832,0,,,,,,4511832,,,,,,,,,146626.368000,,,,true,,,140.815520,411.946560,1305.155200
gbz,gbz-baseline,random-1000000-00045,random-1000000,MHC-GRCh38,MHC,3842818,4842818,1000000,100,,1,,1,4511832,4511832,0,,,,,,4511832,,,,,,,,,440000.005000,,,,true,,,140.815520,411.946560,1305.155200
gbz,gbz-baseline,random-1000000-00046,random-1000000,MHC-GRCh38,MHC,3283569,4283569,1000000,100,,1,,1,4511832,4511832,0,,,,,,4511832,,,,,,,,,394054.489000,,,,true,,,140.815520,411.946560,1305.155200
gbz,gbz-baseline,random-1000000-00047,random-1000000,MHC-GRCh38,MHC,50408,1050408,1000000,100,,1,,1,4511832,4511832,0,,,,,,4511832,,,,,,,,,48783.931000,,,,true,,,140.815520,411.946560,1305.155200
gbz,gbz-baseline,random-1000000-00048,random-1000000,MHC-GRCh38,MHC,437446,1437446,1000000,100,,1,,1,4511832,4511832,0,,,,,,4511832,,,,,,,,,111760.512000,,,,true,,,140.815520,411.946560,1305.155200
gbz,gbz-baseline,random-1000000-00049,random-1000000,MHC-GRCh38,MHC,137312,1137312,1000000,100,,1,,1,4511832,4511832,0,,,,,,4511832,,,,,,,,,54305.294000,,,,true,,,140.815520,411.946560,1305.155200
gbz-base,gbz-base-baseline,random-1000-00000,random-1000,MHC-GRCh38,MHC,2654244,2655244,1000,100,,,,,,,,,,,,,,,,,,,,,,588.777000,,,,true,,,,,
gbz-base,gbz-base-baseline,random-1000-00001,random-1000,MHC-GRCh38,MHC,4897918,4898918,1000,100,,,,,,,,,,,,,,,,,,,,,,205.343000,,,,true,,,,,
gbz-base,gbz-base-baseline,random-1000-00002,random-1000,MHC-GRCh38,MHC,1758423,1759423,1000,100,,,,,,,,,,,,,,,,,,,,,,209.426000,,,,true,,,,,
gbz-base,gbz-base-baseline,random-1000-00003,random-1000,MHC-GRCh38,MHC,3202374,3203374,1000,100,,,,,,,,,,,,,,,,,,,,,,227.262000,,,,true,,,,,
gbz-base,gbz-base-baseline,random-1000-00004,random-1000,MHC-GRCh38,MHC,1529093,1530093,1000,100,,,,,,,,,,,,,,,,,,,,,,298.527000,,,,true,,,,,
gbz-base,gbz-base-baseline,random-1000-00005,random-1000,MHC-GRCh38,MHC,999079,1000079,1000,100,,,,,,,,,,,,,,,,,,,,,,348.507000,,,,true,,,,,
gbz-base,gbz-base-baseline,random-1000-00006,random-1000,MHC-GRCh38,MHC,4410732,4411732,1000,100,,,,,,,,,,,,,,,,,,,,,,165.228000,,,,true,,,,,
gbz-base,gbz-base-baseline,random-1000-00007,random-1000,MHC-GRCh38,MHC,2388877,2389877,1000,100,,,,,,,,,,,,,,,,,,,,,,207.694000,,,,true,,,,,
gbz-base,gbz-base-baseline,random-1000-00008,random-1000,MHC-GRCh38,MHC,844767,845767,1000,100,,,,,,,,,,,,,,,,,,,,,,202.967000,,,,true,,,,,
gbz-base,gbz-base-baseline,random-1000-00009,random-1000,MHC-GRCh38,MHC,3227097,3228097,1000,100,,,,,,,,,,,,,,,,,,,,,,135.944000,,,,true,,,,,
gbz-base,gbz-base-baseline,random-1000-00010,random-1000,MHC-GRCh38,MHC,2263341,2264341,1000,100,,,,,,,,,,,,,,,,,,,,,,370.509000,,,,true,,,,,
gbz-base,gbz-base-baseline,random-1000-00011,random-1000,MHC-GRCh38,MHC,2372803,2373803,1000,100,,,,,,,,,,,,,,,,,,,,,,399.847000,,,,true,,,,,
gbz-base,gbz-base-baseline,random-1000-00012,random-1000,MHC-GRCh38,MHC,3184950,3185950,1000,100,,,,,,,,,,,,,,,,,,,,,,289.698000,,,,true,,,,,
gbz-base,gbz-base-baseline,random-1000-00013,random-1000,MHC-GRCh38,MHC,2471785,2472785,1000,100,,,,,,,,,,,,,,,,,,,,,,349.018000,,,,true,,,,,
gbz-base,gbz-base-baseline,random-1000-00014,random-1000,MHC-GRCh38,MHC,333531,334531,1000,100,,,,,,,,,,,,,,,,,,,,,,220.388000,,,,true,,,,,
gbz-base,gbz-base-baseline,random-1000-00015,random-1000,MHC-GRCh38,MHC,1587266,1588266,1000,100,,,,,,,,,,,,,,,,,,,,,,412.596000,,,,true,,,,,
gbz-base,gbz-base-baseline,random-1000-00016,random-1000,MHC-GRCh38,MHC,4179654,4180654,1000,100,,,,,,,,,,,,,,,,,,,,,,2935.688000,,,,true,,,,,
gbz-base,gbz-base-baseline,random-1000-00017,random-1000,MHC-GRCh38,MHC,703981,704981,1000,100,,,,,,,,,,,,,,,,,,,,,,364.692000,,,,true,,,,,
gbz-base,gbz-base-baseline,random-1000-00018,random-1000,MHC-GRCh38,MHC,3890814,3891814,1000,100,,,,,,,,,,,,,,,,,,,,,,2966.478000,,,,true,,,,,
gbz-base,gbz-base-baseline,random-1000-00019,random-1000,MHC-GRCh38,MHC,973637,974637,1000,100,,,,,,,,,,,,,,,,,,,,,,203.370000,,,,true,,,,,
gbz-base,gbz-base-baseline,random-1000-00020,random-1000,MHC-GRCh38,MHC,1049451,1050451,1000,100,,,,,,,,,,,,,,,,,,,,,,162.898000,,,,true,,,,,
gbz-base,gbz-base-baseline,random-1000-00021,random-1000,MHC-GRCh38,MHC,2164019,2165019,1000,100,,,,,,,,,,,,,,,,,,,,,,869.462000,,,,true,,,,,
gbz-base,gbz-base-baseline,random-1000-00022,random-1000,MHC-GRCh38,MHC,394097,395097,1000,100,,,,,,,,,,,,,,,,,,,,,,289.378000,,,,true,,,,,
gbz-base,gbz-base-baseline,random-1000-00023,random-1000,MHC-GRCh38,MHC,453671,454671,1000,100,,,,,,,,,,,,,,,,,,,,,,235.986000,,,,true,,,,,
gbz-base,gbz-base-baseline,random-1000-00024,random-1000,MHC-GRCh38,MHC,3072536,3073536,1000,100,,,,,,,,,,,,,,,,,,,,,,247.144000,,,,true,,,,,
gbz-base,gbz-base-baseline,random-1000-00025,random-1000,MHC-GRCh38,MHC,188333,189333,1000,100,,,,,,,,,,,,,,,,,,,,,,282.082000,,,,true,,,,,
gbz-base,gbz-base-baseline,random-1000-00026,random-1000,MHC-GRCh38,MHC,4480350,4481350,1000,100,,,,,,,,,,,,,,,,,,,,,,579.214000,,,,true,,,,,
gbz-base,gbz-base-baseline,random-1000-00027,random-1000,MHC-GRCh38,MHC,4331745,4332745,1000,100,,,,,,,,,,,,,,,,,,,,,,284.943000,,,,true,,,,,
gbz-base,gbz-base-baseline,random-1000-00028,random-1000,MHC-GRCh38,MHC,3668197,3669197,1000,100,,,,,,,,,,,,,,,,,,,,,,219.032000,,,,true,,,,,
gbz-base,gbz-base-baseline,random-1000-00029,random-1000,MHC-GRCh38,MHC,3371627,3372627,1000,100,,,,,,,,,,,,,,,,,,,,,,155.724000,,,,true,,,,,
gbz-base,gbz-base-baseline,random-1000-00030,random-1000,MHC-GRCh38,MHC,863595,864595,1000,100,,,,,,,,,,,,,,,,,,,,,,485.430000,,,,true,,,,,
gbz-base,gbz-base-baseline,random-1000-00031,random-1000,MHC-GRCh38,MHC,459612,460612,1000,100,,,,,,,,,,,,,,,,,,,,,,379.902000,,,,true,,,,,
gbz-base,gbz-base-baseline,random-1000-00032,random-1000,MHC-GRCh38,MHC,2813163,2814163,1000,100,,,,,,,,,,,,,,,,,,,,,,3474.419000,,,,true,,,,,
gbz-base,gbz-base-baseline,random-1000-00033,random-1000,MHC-GRCh38,MHC,2627316,2628316,1000,100,,,,,,,,,,,,,,,,,,,,,,778.980000,,,,true,,,,,
gbz-base,gbz-base-baseline,random-1000-00034,random-1000,MHC-GRCh38,MHC,3196323,3197323,1000,100,,,,,,,,,,,,,,,,,,,,,,266.060000,,,,true,,,,,
gbz-base,gbz-base-baseline,random-1000-00035,random-1000,MHC-GRCh38,MHC,880264,881264,1000,100,,,,,,,,,,,,,,,,,,,,,,289.958000,,,,true,,,,,
gbz-base,gbz-base-baseline,random-1000-00036,random-1000,MHC-GRCh38,MHC,3737062,3738062,1000,100,,,,,,,,,,,,,,,,,,,,,,861.031000,,,,true,,,,,
gbz-base,gbz-base-baseline,random-1000-00037,random-1000,MHC-GRCh38,MHC,4383459,4384459,1000,100,,,,,,,,,,,,,,,,,,,,,,354.005000,,,,true,,,,,
gbz-base,gbz-base-baseline,random-1000-00038,random-1000,MHC-GRCh38,MHC,4684396,4685396,1000,100,,,,,,,,,,,,,,,,,,,,,,195.010000,,,,true,,,,,
gbz-base,gbz-base-baseline,random-1000-00039,random-1000,MHC-GRCh38,MHC,1840922,1841922,1000,100,,,,,,,,,,,,,,,,,,,,,,168.748000,,,,true,,,,,
gbz-base,gbz-base-baseline,random-1000-00040,random-1000,MHC-GRCh38,MHC,1176039,1177039,1000,100,,,,,,,,,,,,,,,,,,,,,,921.608000,,,,true,,,,,
gbz-base,gbz-base-baseline,random-1000-00041,random-1000,MHC-GRCh38,MHC,1205328,1206328,1000,100,,,,,,,,,,,,,,,,,,,,,,668.947000,,,,true,,,,,
gbz-base,gbz-base-baseline,random-1000-00042,random-1000,MHC-GRCh38,MHC,3306190,3307190,1000,100,,,,,,,,,,,,,,,,,,,,,,140.712000,,,,true,,,,,
gbz-base,gbz-base-baseline,random-1000-00043,random-1000,MHC-GRCh38,MHC,2602103,2603103,1000,100,,,,,,,,,,,,,,,,,,,,,,1004.503000,,,,true,,,,,
gbz-base,gbz-base-baseline,random-1000-00044,random-1000,MHC-GRCh38,MHC,2395815,2396815,1000,100,,,,,,,,,,,,,,,,,,,,,,1040.353000,,,,true,,,,,
gbz-base,gbz-base-baseline,random-1000-00045,random-1000,MHC-GRCh38,MHC,770666,771666,1000,100,,,,,,,,,,,,,,,,,,,,,,326.610000,,,,true,,,,,
gbz-base,gbz-base-baseline,random-1000-00046,random-1000,MHC-GRCh38,MHC,4731030,4732030,1000,100,,,,,,,,,,,,,,,,,,,,,,289.618000,,,,true,,,,,
gbz-base,gbz-base-baseline,random-1000-00047,random-1000,MHC-GRCh38,MHC,4696809,4697809,1000,100,,,,,,,,,,,,,,,,,,,,,,177.169000,,,,true,,,,,
gbz-base,gbz-base-baseline,random-1000-00048,random-1000,MHC-GRCh38,MHC,1378757,1379757,1000,100,,,,,,,,,,,,,,,,,,,,,,1682.045000,,,,true,,,,,
gbz-base,gbz-base-baseline,random-1000-00049,random-1000,MHC-GRCh38,MHC,485156,486156,1000,100,,,,,,,,,,,,,,,,,,,,,,267.293000,,,,true,,,,,
gbz-base,gbz-base-baseline,random-10000-00000,random-10000,MHC-GRCh38,MHC,3144166,3154166,10000,100,,,,,,,,,,,,,,,,,,,,,,1435.676000,,,,true,,,,,
gbz-base,gbz-base-baseline,random-10000-00001,random-10000,MHC-GRCh38,MHC,1999633,2009633,10000,100,,,,,,,,,,,,,,,,,,,,,,1666.489000,,,,true,,,,,
gbz-base,gbz-base-baseline,random-10000-00002,random-10000,MHC-GRCh38,MHC,3794961,3804961,10000,100,,,,,,,,,,,,,,,,,,,,,,4873.408000,,,,true,,,,,
gbz-base,gbz-base-baseline,random-10000-00003,random-10000,MHC-GRCh38,MHC,2063456,2073456,10000,100,,,,,,,,,,,,,,,,,,,,,,834.213000,,,,true,,,,,
gbz-base,gbz-base-baseline,random-10000-00004,random-10000,MHC-GRCh38,MHC,3422261,3432261,10000,100,,,,,,,,,,,,,,,,,,,,,,706.090000,,,,true,,,,,
gbz-base,gbz-base-baseline,random-10000-00005,random-10000,MHC-GRCh38,MHC,375092,385092,10000,100,,,,,,,,,,,,,,,,,,,,,,1823.171000,,,,true,,,,,
gbz-base,gbz-base-baseline,random-10000-00006,random-10000,MHC-GRCh38,MHC,4078995,4088995,10000,100,,,,,,,,,,,,,,,,,,,,,,35673.370000,,,,true,,,,,
gbz-base,gbz-base-baseline,random-10000-00007,random-10000,MHC-GRCh38,MHC,2692223,2702223,10000,100,,,,,,,,,,,,,,,,,,,,,,10450.832000,,,,true,,,,,
gbz-base,gbz-base-baseline,random-10000-00008,random-10000,MHC-GRCh38,MHC,1602057,1612057,10000,100,,,,,,,,,,,,,,,,,,,,,,2269.827000,,,,true,,,,,
gbz-base,gbz-base-baseline,random-10000-00009,random-10000,MHC-GRCh38,MHC,802401,812401,10000,100,,,,,,,,,,,,,,,,,,,,,,1059.320000,,,,true,,,,,
gbz-base,gbz-base-baseline,random-10000-00010,random-10000,MHC-GRCh38,MHC,4572584,4582584,10000,100,,,,,,,,,,,,,,,,,,,,,,12587.401000,,,,true,,,,,
gbz-base,gbz-base-baseline,random-10000-00011,random-10000,MHC-GRCh38,MHC,1340999,1350999,10000,100,,,,,,,,,,,,,,,,,,,,,,11129.564000,,,,true,,,,,
gbz-base,gbz-base-baseline,random-10000-00012,random-10000,MHC-GRCh38,MHC,2666687,2676687,10000,100,,,,,,,,,,,,,,,,,,,,,,6715.903000,,,,true,,,,,
gbz-base,gbz-base-baseline,random-10000-00013,random-10000,MHC-GRCh38,MHC,640027,650027,10000,100,,,,,,,,,,,,,,,,,,,,,,1532.281000,,,,true,,,,,
gbz-base,gbz-base-baseline,random-10000-00014,random-10000,MHC-GRCh38,MHC,392291,402291,10000,100,,,,,,,,,,,,,,,,,,,,,,1251.112000,,,,true,,,,,
gbz-base,gbz-base-baseline,random-10000-00015,random-10000,MHC-GRCh38,MHC,3877805,3887805,10000,100,,,,,,,,,,,,,,,,,,,,,,12265.387000,,,,true,,,,,
gbz-base,gbz-base-baseline,random-10000-00016,random-10000,MHC-GRCh38,MHC,2635713,2645713,10000,100,,,,,,,,,,,,,,,,,,,,,,5015.365000,,,,true,,,,,
gbz-base,gbz-base-baseline,random-10000-00017,random-10000,MHC-GRCh38,MHC,838673,848673,10000,100,,,,,,,,,,,,,,,,,,,,,,788.833000,,,,true,,,,,
gbz-base,gbz-base-baseline,random-10000-00018,random-10000,MHC-GRCh38,MHC,1050278,1060278,10000,100,,,,,,,,,,,,,,,,,,,,,,2417.867000,,,,true,,,,,
gbz-base,gbz-base-baseline,random-10000-00019,random-10000,MHC-GRCh38,MHC,1468704,1478704,10000,100,,,,,,,,,,,,,,,,,,,,,,3989.275000,,,,true,,,,,
gbz-base,gbz-base-baseline,random-10000-00020,random-10000,MHC-GRCh38,MHC,4375098,4385098,10000,100,,,,,,,,,,,,,,,,,,,,,,1815.067000,,,,true,,,,,
gbz-base,gbz-base-baseline,random-10000-00021,random-10000,MHC-GRCh38,MHC,4581909,4591909,10000,100,,,,,,,,,,,,,,,,,,,,,,4139.392000,,,,true,,,,,
gbz-base,gbz-base-baseline,random-10000-00022,random-10000,MHC-GRCh38,MHC,169169,179169,10000,100,,,,,,,,,,,,,,,,,,,,,,1387.790000,,,,true,,,,,
gbz-base,gbz-base-baseline,random-10000-00023,random-10000,MHC-GRCh38,MHC,264332,274332,10000,100,,,,,,,,,,,,,,,,,,,,,,2812.716000,,,,true,,,,,
gbz-base,gbz-base-baseline,random-10000-00024,random-10000,MHC-GRCh38,MHC,4139768,4149768,10000,100,,,,,,,,,,,,,,,,,,,,,,23131.286000,,,,true,,,,,
gbz-base,gbz-base-baseline,random-10000-00025,random-10000,MHC-GRCh38,MHC,1086948,1096948,10000,100,,,,,,,,,,,,,,,,,,,,,,1573.063000,,,,true,,,,,
gbz-base,gbz-base-baseline,random-10000-00026,random-10000,MHC-GRCh38,MHC,796975,806975,10000,100,,,,,,,,,,,,,,,,,,,,,,1447.399000,,,,true,,,,,
gbz-base,gbz-base-baseline,random-10000-00027,random-10000,MHC-GRCh38,MHC,208422,218422,10000,100,,,,,,,,,,,,,,,,,,,,,,2826.088000,,,,true,,,,,
gbz-base,gbz-base-baseline,random-10000-00028,random-10000,MHC-GRCh38,MHC,4825593,4835593,10000,100,,,,,,,,,,,,,,,,,,,,,,1356.203000,,,,true,,,,,
gbz-base,gbz-base-baseline,random-10000-00029,random-10000,MHC-GRCh38,MHC,1869556,1879556,10000,100,,,,,,,,,,,,,,,,,,,,,,4559.969000,,,,true,,,,,
gbz-base,gbz-base-baseline,random-10000-00030,random-10000,MHC-GRCh38,MHC,3525406,3535406,10000,100,,,,,,,,,,,,,,,,,,,,,,2243.538000,,,,true,,,,,
gbz-base,gbz-base-baseline,random-10000-00031,random-10000,MHC-GRCh38,MHC,817285,827285,10000,100,,,,,,,,,,,,,,,,,,,,,,886.551000,,,,true,,,,,
gbz-base,gbz-base-baseline,random-10000-00032,random-10000,MHC-GRCh38,MHC,2155060,2165060,10000,100,,,,,,,,,,,,,,,,,,,,,,1786.935000,,,,true,,,,,
gbz-base,gbz-base-baseline,random-10000-00033,random-10000,MHC-GRCh38,MHC,4536834,4546834,10000,100,,,,,,,,,,,,,,,,,,,,,,5740.637000,,,,true,,,,,
gbz-base,gbz-base-baseline,random-10000-00034,random-10000,MHC-GRCh38,MHC,3721781,3731781,10000,100,,,,,,,,,,,,,,,,,,,,,,5159.476000,,,,true,,,,,
gbz-base,gbz-base-baseline,random-10000-00035,random-10000,MHC-GRCh38,MHC,2921773,2931773,10000,100,,,,,,,,,,,,,,,,,,,,,,6815.807000,,,,true,,,,,
gbz-base,gbz-base-baseline,random-10000-00036,random-10000,MHC-GRCh38,MHC,2022342,2032342,10000,100,,,,,,,,,,,,,,,,,,,,,,1197.405000,,,,true,,,,,
gbz-base,gbz-base-baseline,random-10000-00037,random-10000,MHC-GRCh38,MHC,2903351,2913351,10000,100,,,,,,,,,,,,,,,,,,,,,,7920.613000,,,,true,,,,,
gbz-base,gbz-base-baseline,random-10000-00038,random-10000,MHC-GRCh38,MHC,1743550,1753550,10000,100,,,,,,,,,,,,,,,,,,,,,,2895.940000,,,,true,,,,,
gbz-base,gbz-base-baseline,random-10000-00039,random-10000,MHC-GRCh38,MHC,2503657,2513657,10000,100,,,,,,,,,,,,,,,,,,,,,,9196.045000,,,,true,,,,,
gbz-base,gbz-base-baseline,random-10000-00040,random-10000,MHC-GRCh38,MHC,2932138,2942138,10000,100,,,,,,,,,,,,,,,,,,,,,,5940.603000,,,,true,,,,,
gbz-base,gbz-base-baseline,random-10000-00041,random-10000,MHC-GRCh38,MHC,783360,793360,10000,100,,,,,,,,,,,,,,,,,,,,,,2235.798000,,,,true,,,,,
gbz-base,gbz-base-baseline,random-10000-00042,random-10000,MHC-GRCh38,MHC,2455602,2465602,10000,100,,,,,,,,,,,,,,,,,,,,,,3015.559000,,,,true,,,,,
gbz-base,gbz-base-baseline,random-10000-00043,random-10000,MHC-GRCh38,MHC,1809625,1819625,10000,100,,,,,,,,,,,,,,,,,,,,,,1567.199000,,,,true,,,,,
gbz-base,gbz-base-baseline,random-10000-00044,random-10000,MHC-GRCh38,MHC,137158,147158,10000,100,,,,,,,,,,,,,,,,,,,,,,1077.761000,,,,true,,,,,
gbz-base,gbz-base-baseline,random-10000-00045,random-10000,MHC-GRCh38,MHC,4721118,4731118,10000,100,,,,,,,,,,,,,,,,,,,,,,1428.935000,,,,true,,,,,
gbz-base,gbz-base-baseline,random-10000-00046,random-10000,MHC-GRCh38,MHC,2609994,2619994,10000,100,,,,,,,,,,,,,,,,,,,,,,6810.303000,,,,true,,,,,
gbz-base,gbz-base-baseline,random-10000-00047,random-10000,MHC-GRCh38,MHC,3860427,3870427,10000,100,,,,,,,,,,,,,,,,,,,,,,5108.148000,,,,true,,,,,
gbz-base,gbz-base-baseline,random-10000-00048,random-10000,MHC-GRCh38,MHC,4554094,4564094,10000,100,,,,,,,,,,,,,,,,,,,,,,14494.495000,,,,true,,,,,
gbz-base,gbz-base-baseline,random-10000-00049,random-10000,MHC-GRCh38,MHC,2352190,2362190,10000,100,,,,,,,,,,,,,,,,,,,,,,1834.894000,,,,true,,,,,
gbz-base,gbz-base-baseline,random-100000-00000,random-100000,MHC-GRCh38,MHC,4209044,4309044,100000,100,,,,,,,,,,,,,,,,,,,,,,84517.512000,,,,true,,,,,
gbz-base,gbz-base-baseline,random-100000-00001,random-100000,MHC-GRCh38,MHC,1722746,1822746,100000,100,,,,,,,,,,,,,,,,,,,,,,19164.847000,,,,true,,,,,
gbz-base,gbz-base-baseline,random-100000-00002,random-100000,MHC-GRCh38,MHC,3224923,3324923,100000,100,,,,,,,,,,,,,,,,,,,,,,13839.491000,,,,true,,,,,
gbz-base,gbz-base-baseline,random-100000-00003,random-100000,MHC-GRCh38,MHC,685079,785079,100000,100,,,,,,,,,,,,,,,,,,,,,,10669.306000,,,,true,,,,,
gbz-base,gbz-base-baseline,random-100000-00004,random-100000,MHC-GRCh38,MHC,2437611,2537611,100000,100,,,,,,,,,,,,,,,,,,,,,,39533.309000,,,,true,,,,,
gbz-base,gbz-base-baseline,random-100000-00005,random-100000,MHC-GRCh38,MHC,59077,159077,100000,100,,,,,,,,,,,,,,,,,,,,,,11283.921000,,,,true,,,,,
gbz-base,gbz-base-baseline,random-100000-00006,random-100000,MHC-GRCh38,MHC,4590285,4690285,100000,100,,,,,,,,,,,,,,,,,,,,,,42698.519000,,,,true,,,,,
gbz-base,gbz-base-baseline,random-100000-00007,random-100000,MHC-GRCh38,MHC,4485571,4585571,100000,100,,,,,,,,,,,,,,,,,,,,,,58861.925000,,,,true,,,,,
gbz-base,gbz-base-baseline,random-100000-00008,random-100000,MHC-GRCh38,MHC,3570722,3670722,100000,100,,,,,,,,,,,,,,,,,,,,,,9609.701000,,,,true,,,,,
gbz-base,gbz-base-baseline,random-100000-00009,random-100000,MHC-GRCh38,MHC,4287809,4387809,100000,100,,,,,,,,,,,,,,,,,,,,,,32457.531000,,,,true,,,,,
gbz-base,gbz-base-baseline,random-100000-00010,random-100000,MHC-GRCh38,MHC,4025165,4125165,100000,100,,,,,,,,,,,,,,,,,,,,,,451761.508000,,,,true,,,,,
gbz-base,gbz-base-baseline,random-100000-00011,random-100000,MHC-GRCh38,MHC,1237510,1337510,100000,100,,,,,,,,,,,,,,,,,,,,,,64401.486000,,,,true,,,,,
gbz-base,gbz-base-baseline,random-100000-00012,random-100000,MHC-GRCh38,MHC,282699,382699,100000,100,,,,,,,,,,,,,,,,,,,,,,19528.440000,,,,true,,,,,
gbz-base,gbz-base-baseline,random-100000-00013,random-100000,MHC-GRCh38,MHC,2461234,2561234,100000,100,,,,,,,,,,,,,,,,,,,,,,52887.848000,,,,true,,,,,
gbz-base,gbz-base-baseline,random-100000-00014,random-100000,MHC-GRCh38,MHC,39688,139688,100000,100,,,,,,,,,,,,,,,,,,,,,,11803.790000,,,,true,,,,,
gbz-base,gbz-base-baseline,random-100000-00015,random-100000,MHC-GRCh38,MHC,2966751,3066751,100000,100,,,,,,,,,,,,,,,,,,,,,,37457.488000,,,,true,,,,,
gbz-base,gbz-base-baseline,random-100000-00016,random-100000,MHC-GRCh38,MHC,1970326,2070326,100000,100,,,,,,,,,,,,,,,,,,,,,,12360.981000,,,,true,,,,,
gbz-base,gbz-base-baseline,random-100000-00017,random-100000,MHC-GRCh38,MHC,4296183,4396183,100000,100,,,,,,,,,,,,,,,,,,,,,,31023.855000,,,,true,,,,,
gbz-base,gbz-base-baseline,random-100000-00018,random-100000,MHC-GRCh38,MHC,3769659,3869659,100000,100,,,,,,,,,,,,,,,,,,,,,,43829.059000,,,,true,,,,,
gbz-base,gbz-base-baseline,random-100000-00019,random-100000,MHC-GRCh38,MHC,1836841,1936841,100000,100,,,,,,,,,,,,,,,,,,,,,,24490.746000,,,,true,,,,,
gbz-base,gbz-base-baseline,random-100000-00020,random-100000,MHC-GRCh38,MHC,3910205,4010205,100000,100,,,,,,,,,,,,,,,,,,,,,,154724.653000,,,,true,,,,,
gbz-base,gbz-base-baseline,random-100000-00021,random-100000,MHC-GRCh38,MHC,647943,747943,100000,100,,,,,,,,,,,,,,,,,,,,,,13912.109000,,,,true,,,,,
gbz-base,gbz-base-baseline,random-100000-00022,random-100000,MHC-GRCh38,MHC,2004256,2104256,100000,100,,,,,,,,,,,,,,,,,,,,,,9491.855000,,,,true,,,,,
gbz-base,gbz-base-baseline,random-100000-00023,random-100000,MHC-GRCh38,MHC,948617,1048617,100000,100,,,,,,,,,,,,,,,,,,,,,,11194.998000,,,,true,,,,,
gbz-base,gbz-base-baseline,random-100000-00024,random-100000,MHC-GRCh38,MHC,172774,272774,100000,100,,,,,,,,,,,,,,,,,,,,,,27631.367000,,,,true,,,,,
gbz-base,gbz-base-baseline,random-100000-00025,random-100000,MHC-GRCh38,MHC,2486989,2586989,100000,100,,,,,,,,,,,,,,,,,,,,,,50798.009000,,,,true,,,,,
gbz-base,gbz-base-baseline,random-100000-00026,random-100000,MHC-GRCh38,MHC,1930943,2030943,100000,100,,,,,,,,,,,,,,,,,,,,,,18547.488000,,,,true,,,,,
gbz-base,gbz-base-baseline,random-100000-00027,random-100000,MHC-GRCh38,MHC,204534,304534,100000,100,,,,,,,,,,,,,,,,,,,,,,27004.864000,,,,true,,,,,
gbz-base,gbz-base-baseline,random-100000-00028,random-100000,MHC-GRCh38,MHC,3890508,3990508,100000,100,,,,,,,,,,,,,,,,,,,,,,86657.575000,,,,true,,,,,
gbz-base,gbz-base-baseline,random-100000-00029,random-100000,MHC-GRCh38,MHC,1400303,1500303,100000,100,,,,,,,,,,,,,,,,,,,,,,105299.152000,,,,true,,,,,
gbz-base,gbz-base-baseline,random-100000-00030,random-100000,MHC-GRCh38,MHC,1669721,1769721,100000,100,,,,,,,,,,,,,,,,,,,,,,19901.127000,,,,true,,,,,
gbz-base,gbz-base-baseline,random-100000-00031,random-100000,MHC-GRCh38,MHC,215439,315439,100000,100,,,,,,,,,,,,,,,,,,,,,,25225.167000,,,,true,,,,,
gbz-base,gbz-base-baseline,random-100000-00032,random-100000,MHC-GRCh38,MHC,3542671,3642671,100000,100,,,,,,,,,,,,,,,,,,,,,,10130.137000,,,,true,,,,,
gbz-base,gbz-base-baseline,random-100000-00033,random-100000,MHC-GRCh38,MHC,1452240,1552240,100000,100,,,,,,,,,,,,,,,,,,,,,,44156.493000,,,,true,,,,,
gbz-base,gbz-base-baseline,random-100000-00034,random-100000,MHC-GRCh38,MHC,3935885,4035885,100000,100,,,,,,,,,,,,,,,,,,,,,,287232.428000,,,,true,,,,,
gbz-base,gbz-base-baseline,random-100000-00035,random-100000,MHC-GRCh38,MHC,1231487,1331487,100000,100,,,,,,,,,,,,,,,,,,,,,,58668.605000,,,,true,,,,,
gbz-base,gbz-base-baseline,random-100000-00036,random-100000,MHC-GRCh38,MHC,2059084,2159084,100000,100,,,,,,,,,,,,,,,,,,,,,,9476.181000,,,,true,,,,,
gbz-base,gbz-base-baseline,random-100000-00037,random-100000,MHC-GRCh38,MHC,3340862,3440862,100000,100,,,,,,,,,,,,,,,,,,,,,,9088.163000,,,,true,,,,,
gbz-base,gbz-base-baseline,random-100000-00038,random-100000,MHC-GRCh38,MHC,921258,1021258,100000,100,,,,,,,,,,,,,,,,,,,,,,8828.772000,,,,true,,,,,
gbz-base,gbz-base-baseline,random-100000-00039,random-100000,MHC-GRCh38,MHC,3395378,3495378,100000,100,,,,,,,,,,,,,,,,,,,,,,7500.647000,,,,true,,,,,
gbz-base,gbz-base-baseline,random-100000-00040,random-100000,MHC-GRCh38,MHC,3429684,3529684,100000,100,,,,,,,,,,,,,,,,,,,,,,9402.724000,,,,true,,,,,
gbz-base,gbz-base-baseline,random-100000-00041,random-100000,MHC-GRCh38,MHC,3427206,3527206,100000,100,,,,,,,,,,,,,,,,,,,,,,8737.027000,,,,true,,,,,
gbz-base,gbz-base-baseline,random-100000-00042,random-100000,MHC-GRCh38,MHC,58582,158582,100000,100,,,,,,,,,,,,,,,,,,,,,,11198.999000,,,,true,,,,,
gbz-base,gbz-base-baseline,random-100000-00043,random-100000,MHC-GRCh38,MHC,1799230,1899230,100000,100,,,,,,,,,,,,,,,,,,,,,,22854.353000,,,,true,,,,,
gbz-base,gbz-base-baseline,random-100000-00044,random-100000,MHC-GRCh38,MHC,2029904,2129904,100000,100,,,,,,,,,,,,,,,,,,,,,,8203.352000,,,,true,,,,,
gbz-base,gbz-base-baseline,random-100000-00045,random-100000,MHC-GRCh38,MHC,2203224,2303224,100000,100,,,,,,,,,,,,,,,,,,,,,,20840.461000,,,,true,,,,,
gbz-base,gbz-base-baseline,random-100000-00046,random-100000,MHC-GRCh38,MHC,3746831,3846831,100000,100,,,,,,,,,,,,,,,,,,,,,,41108.566000,,,,true,,,,,
gbz-base,gbz-base-baseline,random-100000-00047,random-100000,MHC-GRCh38,MHC,1030366,1130366,100000,100,,,,,,,,,,,,,,,,,,,,,,17820.167000,,,,true,,,,,
gbz-base,gbz-base-baseline,random-100000-00048,random-100000,MHC-GRCh38,MHC,56321,156321,100000,100,,,,,,,,,,,,,,,,,,,,,,11384.371000,,,,true,,,,,
gbz-base,gbz-base-baseline,random-100000-00049,random-100000,MHC-GRCh38,MHC,3965305,4065305,100000,100,,,,,,,,,,,,,,,,,,,,,,396635.905000,,,,true,,,,,
gbz-base,gbz-base-baseline,random-1000000-00000,random-1000000,MHC-GRCh38,MHC,3703931,4703931,1000000,100,,,,,,,,,,,,,,,,,,,,,,1336845.280000,,,,true,,,,,
gbz-base,gbz-base-baseline,random-1000000-00001,random-1000000,MHC-GRCh38,MHC,3632612,4632612,1000000,100,,,,,,,,,,,,,,,,,,,,,,1319554.037000,,,,true,,,,,
gbz-base,gbz-base-baseline,random-1000000-00002,random-1000000,MHC-GRCh38,MHC,3624947,4624947,1000000,100,,,,,,,,,,,,,,,,,,,,,,1320290.017000,,,,true,,,,,
gbz-base,gbz-base-baseline,random-1000000-00003,random-1000000,MHC-GRCh38,MHC,2794835,3794835,1000000,100,,,,,,,,,,,,,,,,,,,,,,432490.765000,,,,true,,,,,
gbz-base,gbz-base-baseline,random-1000000-00004,random-1000000,MHC-GRCh38,MHC,1751327,2751327,1000000,100,,,,,,,,,,,,,,,,,,,,,,333346.168000,,,,true,,,,,
gbz-base,gbz-base-baseline,random-1000000-00005,random-1000000,MHC-GRCh38,MHC,1372175,2372175,1000000,100,,,,,,,,,,,,,,,,,,,,,,332550.422000,,,,true,,,,,
gbz-base,gbz-base-baseline,random-1000000-00006,random-1000000,MHC-GRCh38,MHC,73751,1073751,1000000,100,,,,,,,,,,,,,,,,,,,,,,160996.976000,,,,true,,,,,
gbz-base,gbz-base-baseline,random-1000000-00007,random-1000000,MHC-GRCh38,MHC,2455346,3455346,1000000,100,,,,,,,,,,,,,,,,,,,,,,623775.545000,,,,true,,,,,
gbz-base,gbz-base-baseline,random-1000000-00008,random-1000000,MHC-GRCh38,MHC,2705443,3705443,1000000,100,,,,,,,,,,,,,,,,,,,,,,496496.884000,,,,true,,,,,
gbz-base,gbz-base-baseline,random-1000000-00009,random-1000000,MHC-GRCh38,MHC,2329813,3329813,1000000,100,,,,,,,,,,,,,,,,,,,,,,638666.974000,,,,true,,,,,
gbz-base,gbz-base-baseline,random-1000000-00010,random-1000000,MHC-GRCh38,MHC,92105,1092105,1000000,100,,,,,,,,,,,,,,,,,,,,,,163812.040000,,,,true,,,,,
gbz-base,gbz-base-baseline,random-1000000-00011,random-1000000,MHC-GRCh38,MHC,3823648,4823648,1000000,100,,,,,,,,,,,,,,,,,,,,,,1316557.311000,,,,true,,,,,
gbz-base,gbz-base-baseline,random-1000000-00012,random-1000000,MHC-GRCh38,MHC,3719850,4719850,1000000,100,,,,,,,,,,,,,,,,,,,,,,1356070.868000,,,,true,,,,,
gbz-base,gbz-base-baseline,random-1000000-00013,random-1000000,MHC-GRCh38,MHC,1094013,2094013,1000000,100,,,,,,,,,,,,,,,,,,,,,,466825.744000,,,,true,,,,,
gbz-base,gbz-base-baseline,random-1000000-00014,random-1000000,MHC-GRCh38,MHC,2807699,3807699,1000000,100,,,,,,,,,,,,,,,,,,,,,,432531.592000,,,,true,,,,,
gbz-base,gbz-base-baseline,random-1000000-00015,random-1000000,MHC-GRCh38,MHC,711119,1711119,1000000,100,,,,,,,,,,,,,,,,,,,,,,420144.615000,,,,true,,,,,
gbz-base,gbz-base-baseline,random-1000000-00016,random-1000000,MHC-GRCh38,MHC,2845528,3845528,1000000,100,,,,,,,,,,,,,,,,,,,,,,333590.543000,,,,true,,,,,
gbz-base,gbz-base-baseline,random-1000000-00017,random-1000000,MHC-GRCh38,MHC,1974230,2974230,1000000,100,,,,,,,,,,,,,,,,,,,,,,634865.775000,,,,true,,,,,
gbz-base,gbz-base-baseline,random-1000000-00018,random-1000000,MHC-GRCh38,MHC,1992390,2992390,1000000,100,,,,,,,,,,,,,,,,,,,,,,657173.517000,,,,true,,,,,
gbz-base,gbz-base-baseline,random-1000000-00019,random-1000000,MHC-GRCh38,MHC,322227,1322227,1000000,100,,,,,,,,,,,,,,,,,,,,,,221684.888000,,,,true,,,,,
gbz-base,gbz-base-baseline,random-1000000-00020,random-1000000,MHC-GRCh38,MHC,3577478,4577478,1000000,100,,,,,,,,,,,,,,,,,,,,,,1375315.827000,,,,true,,,,,
gbz-base,gbz-base-baseline,random-1000000-00021,random-1000000,MHC-GRCh38,MHC,3388932,4388932,1000000,100,,,,,,,,,,,,,,,,,,,,,,1248997.924000,,,,true,,,,,
gbz-base,gbz-base-baseline,random-1000000-00022,random-1000000,MHC-GRCh38,MHC,554951,1554951,1000000,100,,,,,,,,,,,,,,,,,,,,,,424355.613000,,,,true,,,,,
gbz-base,gbz-base-baseline,random-1000000-00023,random-1000000,MHC-GRCh38,MHC,952249,1952249,1000000,100,,,,,,,,,,,,,,,,,,,,,,466201.928000,,,,true,,,,,
gbz-base,gbz-base-baseline,random-1000000-00024,random-1000000,MHC-GRCh38,MHC,1184608,2184608,1000000,100,,,,,,,,,,,,,,,,,,,,,,444973.801000,,,,true,,,,,
gbz-base,gbz-base-baseline,random-1000000-00025,random-1000000,MHC-GRCh38,MHC,1338039,2338039,1000000,100,,,,,,,,,,,,,,,,,,,,,,365163.627000,,,,true,,,,,
gbz-base,gbz-base-baseline,random-1000000-00026,random-1000000,MHC-GRCh38,MHC,2952014,3952014,1000000,100,,,,,,,,,,,,,,,,,,,,,,276209.844000,,,,true,,,,,
gbz-base,gbz-base-baseline,random-1000000-00027,random-1000000,MHC-GRCh38,MHC,1870809,2870809,1000000,100,,,,,,,,,,,,,,,,,,,,,,558446.663000,,,,true,,,,,
gbz-base,gbz-base-baseline,random-1000000-00028,random-1000000,MHC-GRCh38,MHC,1203836,2203836,1000000,100,,,,,,,,,,,,,,,,,,,,,,416055.736000,,,,true,,,,,
gbz-base,gbz-base-baseline,random-1000000-00029,random-1000000,MHC-GRCh38,MHC,1429528,2429528,1000000,100,,,,,,,,,,,,,,,,,,,,,,269172.232000,,,,true,,,,,
gbz-base,gbz-base-baseline,random-1000000-00030,random-1000000,MHC-GRCh38,MHC,1281840,2281840,1000000,100,,,,,,,,,,,,,,,,,,,,,,397787.080000,,,,true,,,,,
gbz-base,gbz-base-baseline,random-1000000-00031,random-1000000,MHC-GRCh38,MHC,8225,1008225,1000000,100,,,,,,,,,,,,,,,,,,,,,,166239.132000,,,,true,,,,,
gbz-base,gbz-base-baseline,random-1000000-00032,random-1000000,MHC-GRCh38,MHC,2647156,3647156,1000000,100,,,,,,,,,,,,,,,,,,,,,,657115.763000,,,,true,,,,,
gbz-base,gbz-base-baseline,random-1000000-00033,random-1000000,MHC-GRCh38,MHC,1021875,2021875,1000000,100,,,,,,,,,,,,,,,,,,,,,,482072.786000,,,,true,,,,,
gbz-base,gbz-base-baseline,random-1000000-00034,random-1000000,MHC-GRCh38,MHC,1702048,2702048,1000000,100,,,,,,,,,,,,,,,,,,,,,,316492.487000,,,,true,,,,,
gbz-base,gbz-base-baseline,random-1000000-00035,random-1000000,MHC-GRCh38,MHC,3941206,4941206,1000000,100,,,,,,,,,,,,,,,,,,,,,,1235423.221000,,,,true,,,,,
gbz-base,gbz-base-baseline,random-1000000-00036,random-1000000,MHC-GRCh38,MHC,3109002,4109002,1000000,100,,,,,,,,,,,,,,,,,,,,,,852866.749000,,,,true,,,,,
gbz-base,gbz-base-baseline,random-1000000-00037,random-1000000,MHC-GRCh38,MHC,723032,1723032,1000000,100,,,,,,,,,,,,,,,,,,,,,,462831.083000,,,,true,,,,,
gbz-base,gbz-base-baseline,random-1000000-00038,random-1000000,MHC-GRCh38,MHC,3366612,4366612,1000000,100,,,,,,,,,,,,,,,,,,,,,,1261230.178000,,,,true,,,,,
gbz-base,gbz-base-baseline,random-1000000-00039,random-1000000,MHC-GRCh38,MHC,2014029,3014029,1000000,100,,,,,,,,,,,,,,,,,,,,,,657054.786000,,,,true,,,,,
gbz-base,gbz-base-baseline,random-1000000-00040,random-1000000,MHC-GRCh38,MHC,2480500,3480500,1000000,100,,,,,,,,,,,,,,,,,,,,,,622417.750000,,,,true,,,,,
gbz-base,gbz-base-baseline,random-1000000-00041,random-1000000,MHC-GRCh38,MHC,1705935,2705935,1000000,100,,,,,,,,,,,,,,,,,,,,,,296624.441000,,,,true,,,,,
gbz-base,gbz-base-baseline,random-1000000-00042,random-1000000,MHC-GRCh38,MHC,3191759,4191759,1000000,100,,,,,,,,,,,,,,,,,,,,,,1118898.223000,,,,true,,,,,
gbz-base,gbz-base-baseline,random-1000000-00043,random-1000000,MHC-GRCh38,MHC,3565676,4565676,1000000,100,,,,,,,,,,,,,,,,,,,,,,1320414.411000,,,,true,,,,,
gbz-base,gbz-base-baseline,random-1000000-00044,random-1000000,MHC-GRCh38,MHC,1816865,2816865,1000000,100,,,,,,,,,,,,,,,,,,,,,,441611.910000,,,,true,,,,,
gbz-base,gbz-base-baseline,random-1000000-00045,random-1000000,MHC-GRCh38,MHC,3842818,4842818,1000000,100,,,,,,,,,,,,,,,,,,,,,,1291023.652000,,,,true,,,,,
gbz-base,gbz-base-baseline,random-1000000-00046,random-1000000,MHC-GRCh38,MHC,3283569,4283569,1000000,100,,,,,,,,,,,,,,,,,,,,,,1201976.245000,,,,true,,,,,
gbz-base,gbz-base-baseline,random-1000000-00047,random-1000000,MHC-GRCh38,MHC,50408,1050408,1000000,100,,,,,,,,,,,,,,,,,,,,,,158091.461000,,,,true,,,,,
gbz-base,gbz-base-baseline,random-1000000-00048,random-1000000,MHC-GRCh38,MHC,437446,1437446,1000000,100,,,,,,,,,,,,,,,,,,,,,,361947.836000,,,,true,,,,,
gbz-base,gbz-base-baseline,random-1000000-00049,random-1000000,MHC-GRCh38,MHC,137312,1137312,1000000,100,,,,,,,,,,,,,,,,,,,,,,162354.444000,,,,true,,,,,
fixed-window,fixed-w16k-zstd-3,random-1000-00000,random-1000,MHC-GRCh38,MHC,2654244,2655244,1000,100,0,3,0,3,37566,37566,0,16384,4269,4096,1,0,17086,902,2731,41.647450,13.755401,8.384000,71.934000,903.697000,255.909000,7252.954000,1,20,9e6a7e61454f808e71928eb50122ac51264140a3a46e543aacd032ce0325eff6,true,1,true,62.501760,156.005280,316.017600
fixed-window,fixed-w16k-zstd-3,random-1000-00001,random-1000,MHC-GRCh38,MHC,4897918,4898918,1000,100,0,2,0,2,19329,19329,0,0,4269,4096,1,0,15233,1029,2915,18.784257,6.630875,22.874000,72.578000,222.351000,81.148000,1953.574000,2,5,497aab4941ed7432ed072eaf08976ff3f4d82435c6a9015ff9486bca77b954a4,true,2,true,41.515440,103.546320,209.154400
fixed-window,fixed-w16k-zstd-3,random-1000-00002,random-1000,MHC-GRCh38,MHC,1758423,1759423,1000,100,0,2,0,2,9845,9845,0,0,4269,269,1,0,9576,637,1847,15.455259,5.330265,10.342000,40.049000,236.539000,80.510000,2055.701000,1,10,327e35d7f0654c035cbcaa43da5b9ed09c32120481462e7264ee394269ab1547,true,1,true,41.262533,102.787600,206.625333
fixed-window,fixed-w16k-zstd-3,random-1000-00003,random-1000,MHC-GRCh38,MHC,3202374,3203374,1000,100,0,2,0,2,12203,12203,0,0,4269,4096,1,0,8107,921,2656,13.249729,4.594503,11.776000,35.992000,165.688000,51.945000,1521.060000,1,5,1128b520ef62fa03c97fd28004a4d38be7744f8a143c72fc91256a04a90cce39,true,1,true,41.325413,102.976240,207.254133
fixed-window,fixed-w16k-zstd-3,random-1000-00004,random-1000,MHC-GRCh38,MHC,1529093,1530093,1000,100,0,1,0,1,11848,11848,0,0,4269,0,1,0,11848,675,1884,17.552593,6.288747,6.705000,47.934000,390.856000,133.760000,3407.399000,1,7,34fc65eed42004cb8ea69be32e673e03aa31969502eb93d63dc299a011286a0c,true,1,true,20.815947,51.947840,105.159467
fixed-window,fixed-w16k-zstd-3,random-1000-00005,random-1000,MHC-GRCh38,MHC,999079,1000079,1000,100,0,1,0,1,18219,18219,0,0,4269,0,1,0,18219,813,2483,22.409594,7.337495,10.333000,81.714000,431.671000,133.576000,3778.731000,2,19,060fd8696c789e1f3091c610af3213cb02caf610c1344e81b814e59d08e28ff1,true,2,true,20.985840,52.457520,106.858400
fixed-window,fixed-w16k-zstd-3,random-1000-00006,random-1000,MHC-GRCh38,MHC,4410732,4411732,1000,100,0,2,0,2,12508,12508,0,0,4269,4096,1,0,8412,633,1820,19.759874,6.872527,13.217000,36.300000,180.378000,57.501000,1644.086000,1,7,3d525188226a2b4b93a86cd996e399423bdf6c1fd28a1be1746ab93287767321,true,1,true,41.333547,103.000640,207.335467
fixed-window,fixed-w16k-zstd-3,random-1000-00007,random-1000,MHC-GRCh38,MHC,2388877,2389877,1000,100,0,2,0,2,13318,13318,0,0,4269,4096,1,0,9222,719,2057,18.522949,6.474477,9.498000,38.489000,204.853000,71.667000,1819.760000,1,7,4120304f0fd3201fe597ea047e702194ca80cec4119d40e02bf87bdc869b9ed6,true,1,true,41.355147,103.065440,207.551467
fixed-window,fixed-w16k-zstd-3,random-1000-00008,random-1000,MHC-GRCh38,MHC,844767,845767,1000,100,0,1,0,1,8104,8104,0,0,4269,0,1,1,8104,680,1955,11.917647,4.145269,5.054000,36.437000,119.989000,70.620000,1078.892000,1,10,2f4cccf6900e96c63c33d73e1d1dc9352113232b55055f63b7d58742e9c3f133,true,1,true,20.716107,51.648320,104.161067
fixed-window,fixed-w16k-zstd-3,random-1000-00009,random-1000,MHC-GRCh38,MHC,3227097,3228097,1000,100,0,1,0,1,16082,16082,0,0,4269,0,1,1,16082,652,1812,24.665644,8.875276,4.455000,73.465000,282.875000,127.533000,2982.412000,2,4,1e4a019e1726e8ba65e852d04625ac9dc15994657eedbff25580493c66713e8f,true,2,true,20.928853,52.286560,106.288533
fixed-window,fixed-w16k-zstd-3,random-1000-00010,random-1000,MHC-GRCh38,MHC,2263341,2264341,1000,100,0,1,0,1,12318,12318,0,0,4269,0,1,1,12318,756,2259,16.293651,5.452855,7.780000,78.366000,703.701000,163.963000,4909.739000,1,14,42081a21e00ed8b30f3963590fb9f6fa845048ae8d09140e66d6a1ea388a893e,true,1,true,20.828480,51.985440,105.284800
fixed-window,fixed-w16k-zstd-3,random-1000-00011,random-1000,MHC-GRCh38,MHC,2372803,2373803,1000,100,0,1,0,1,9334,9334,0,0,4269,0,1,1,9334,969,2988,9.632611,3.123829,17.112000,67.972000,337.073000,86.909000,2582.597000,1,15,f6124a9d542a83f41cb0ca4cf2157c76d8ee4a805e2df448d7f9583cf0ace903,true,1,true,20.748907,51.746720,104.489067
fixed-window,fixed-w16k-zstd-3,random-1000-00012,random-1000,MHC-GRCh38,MHC,3184950,3185950,1000,100,0,1,0,1,8238,8238,0,0,4269,0,1,1,8238,713,2159,11.553997,3.815655,6.510000,45.014000,170.678000,49.194000,1458.578000,1,7,ae2c19e612e81a1a34a7b2d8e17a0fdfa8fd1b3a559d43fdc510eb262f125e39,true,1,true,20.719680,51.659040,104.196800
fixed-window,fixed-w16k-zstd-3,random-1000-00013,random-1000,MHC-GRCh38,MHC,2471785,2472785,1000,100,0,1,0,1,11692,11692,0,0,4269,0,1,1,11692,821,2423,14.241169,4.825423,3.009000,48.631000,421.968000,157.167000,3685.456000,1,16,78359ae698fdb0f3f0217a4c946017c335c5690a0595edb49e77167232e722b7,true,1,true,20.811787,51.935360,105.117867
fixed-window,fixed-w16k-zstd-3,random-1000-00014,random-1000,MHC-GRCh38,MHC,333531,334531,1000,100,0,1,0,1,7952,7952,0,0,4269,0,1,0,7952,943,2762,8.432662,2.879073,12.919000,39.442000,153.742000,47.310000,1241.359000,1,5,0363ab622e676d6a8bebb0247e376934c6da8bf3fb4ab519c09d27a8e9869c44,true,1,true,20.712053,51.636160,104.120533
fixed-window,fixed-w16k-zstd-3,random-1000-00015,random-1000,MHC-GRCh38,MHC,1587266,1588266,1000,100,0,1,0,1,14476,14476,0,0,4269,0,1,1,14476,879,2784,16.468714,5.199713,4.765000,59.136000,591.374000,205.696000,5417.212000,1,25,a074279b4584b1a09e38170fd91ae5214a908a8452b206c2dfdf7244446b39a2,true,1,true,20.886027,52.158080,105.860267
fixed-window,fixed-w16k-zstd-3,random-1000-00016,random-1000,MHC-GRCh38,MHC,4179654,4180654,1000,100,0,2,0,2,44302,44302,0,0,4269,4096,1,0,40206,1512,6962,29.300265,6.363401,22.632000,188.777000,2878.646000,999.450000,25762.559000,1,118,13cedfee0c486b99f64e1ea06492b81ad7d0bea4a804ce6481c9adfec9b1e7bb,true,1,true,42.181387,105.544160,215.813867
fixed-window,fixed-w16k-zstd-3,random-1000-00017,random-1000,MHC-GRCh38,MHC,703981,704981,1000,100,0,1,0,1,16440,16440,0,0,4269,0,1,1,16440,861,2467,19.094077,6.663964,19.137000,79.545000,312.960000,124.587000,2644.312000,2,13,ff7bbf634c71c6f1dd35a8040bef4c4f021bf3d07d17436282ce68d43a7db554,true,2,true,20.938400,52.315200,106.384000
fixed-window,fixed-w16k-zstd-3,random-1000-00018,random-1000,MHC-GRCh38,MHC,3890814,3891814,1000,100,0,1,0,1,24538,24538,0,0,4269,0,1,1,24538,1896,9803,12.941983,2.503111,4.441000,108.980000,1755.301000,690.202000,16261.270000,1,179,711e6c17be3b6bd0f4d3649373e43b88471c92aeea294c33d690ed4ec2db8328,true,1,true,21.154347,52.963040,108.543467
fixed-window,fixed-w16k-zstd-3,random-1000-00019,random-1000,MHC-GRCh38,MHC,973637,974637,1000,100,0,1,0,1,7018,7018,0,0,4269,0,1,1,7018,1104,3198,6.356884,2.194497,22.422000,41.834000,90.286000,69.901000,1051.620000,1,8,c729361adead1455d9c7e7f8df38e26b3f81c2e2c16d71543aa3dab946deef4c,true,1,true,20.687147,51.561440,103.871467
fixed-window,fixed-w16k-zstd-3,random-1000-00020,random-1000,MHC-GRCh38,MHC,1049451,1050451,1000,100,0,1,0,1,10615,10615,0,0,4269,0,1,1,10615,892,2542,11.900224,4.175846,7.260000,46.519000,310.814000,96.468000,2538.346000,1,5,978106361b9ce1848ba41b6852d66c128be9639f490c001a2df3714fce3ec657,true,1,true,20.783067,51.849200,104.830667
fixed-window,fixed-w16k-zstd-3,random-1000-00021,random-1000,MHC-GRCh38,MHC,2164019,2165019,1000,100,0,1,0,1,9579,9579,0,0,4269,0,1,1,9579,1011,3651,9.474777,2.623665,6.791000,42.726000,277.796000,125.437000,2479.757000,1,48,9d5820195af9df31011983a492f80f8052801fe20211e0742fe90b2c66ff5ac6,true,1,true,20.755440,51.766320,104.554400
fixed-window,fixed-w16k-zstd-3,random-1000-00022,random-1000,MHC-GRCh38,MHC,394097,395097,1000,100,0,1,0,1,9088,9088,0,0,4269,0,1,1,9088,1014,2948,8.962525,3.082768,5.178000,40.513000,205.935000,71.214000,1784.215000,1,14,b230b53d8764c7051d4fa7d2eba4a8c8aa170718a9374ddfe08ba15cd0af9850,true,1,true,20.742347,51.727040,104.423467
fixed-window,fixed-w16k-zstd-3,random-1000-00023,random-1000,MHC-GRCh38,MHC,453671,454671,1000,100,0,1,0,1,9269,9269,0,0,4269,0,1,1,9269,777,2302,11.929215,4.026499,5.857000,39.513000,220.548000,111.660000,1892.664000,1,10,954fad997258c1d7bcb313252e890385367c01dfeda2c65bddb69060fdf33d30,true,1,true,20.747173,51.741520,104.471733
fixed-window,fixed-w16k-zstd-3,random-1000-00024,random-1000,MHC-GRCh38,MHC,3072536,3073536,1000,100,0,1,0,1,8015,8015,0,0,4269,0,1,1,8015,1213,3672,6.607585,2.182734,5.431000,34.420000,135.214000,77.596000,1211.232000,1,12,e7be4c820bdefafd6078c3fe9bd23ef2eb0272186b6010a2f49036aeeee737c6,true,1,true,20.713733,51.641200,104.137333
fixed-window,fixed-w16k-zstd-3,random-1000-00025,random-1000,MHC-GRCh38,MHC,188333,189333,1000,100,0,1,0,1,10464,10464,0,0,4269,0,1,1,10464,697,2100,15.012912,4.982857,3.517000,44.328000,288.351000,96.673000,2490.473000,1,11,6e02a0d61b3cc382fad437c58cd512111cc499bd269c8617735f70aa2439bc25,true,1,true,20.779040,51.837120,104.790400
fixed-window,fixed-w16k-zstd-3,random-1000-00026,random-1000,MHC-GRCh38,MHC,4480350,4481350,1000,100,0,1,0,1,12339,12339,0,0,4269,0,1,1,12339,942,3228,13.098726,3.822491,7.302000,50.826000,432.219000,160.937000,3775.192000,1,33,2b8e0f970f8bd3adf5d439d7280c9d24ab569968031755caab8c3a21eacb006f,true,1,true,20.829040,51.987120,105.290400
fixed-window,fixed-w16k-zstd-3,random-1000-00027,random-1000,MHC-GRCh38,MHC,4331745,4332745,1000,100,0,1,0,1,10751,10751,0,0,4269,0,1,1,10751,948,2740,11.340717,3.923723,10.081000,47.950000,352.744000,108.973000,2946.584000,1,10,f514fbc7ba6c3342342ea4df3bbb1339eb943d4856f213bc19cb31d4eb6460a0,true,1,true,20.786693,51.860080,104.866933
fixed-window,fixed-w16k-zstd-3,random-1000-00028,random-1000,MHC-GRCh38,MHC,3668197,3669197,1000,100,0,1,0,1,7773,7773,0,0,4269,0,1,1,7773,890,2534,8.733708,3.067482,7.621000,34.440000,113.910000,66.499000,1048.242000,1,9,ec29ce27666900defd994b68938ec10785bd03e3477e24bd8c7e7999d204070a,true,1,true,20.707280,51.621840,104.072800
fixed-window,fixed-w16k-zstd-3,random-1000-00029,random-1000,MHC-GRCh38,MHC,3371627,3372627,1000,100,0,1,0,1,9129,9129,0,0,4269,0,1,1,9129,843,2389,10.829181,3.821264,3.997000,40.207000,231.207000,70.466000,1994.819000,1,6,7310efd5ef673ce85a0292981e2aa2f9d728e575782158a6cce1fcc1e7d00d83,true,1,true,20.743440,51.730320,104.434400
fixed-window,fixed-w16k-zstd-3,random-1000-00030,random-1000,MHC-GRCh38,MHC,863595,864595,1000,100,0,1,0,1,10299,10299,0,0,4269,0,1,1,10299,695,2124,14.818705,4.848870,5.334000,43.347000,313.284000,108.249000,2517.284000,1,16,e1f0e5b5e0738444990a30b50309fc1f8440118cba33fc79375d8f10db349cff,true,1,true,20.774640,51.823920,104.746400
fixed-window,fixed-w16k-zstd-3,random-1000-00031,random-1000,MHC-GRCh38,MHC,459612,460612,1000,100,0,1,0,1,9600,9600,0,0,4269,0,1,1,9600,970,2762,9.896907,3.475742,4.732000,40.727000,237.071000,76.971000,2083.865000,1,7,473cdbefaaa0497769ca690fad91a750f13d9e251276ee588f4389875971d500,true,1,true,20.756000,51.768000,104.560000
fixed-window,fixed-w16k-zstd-3,random-1000-00032,random-1000,MHC-GRCh38,MHC,2813163,2814163,1000,100,0,1,0,1,33881,33881,0,0,4269,0,1,1,33881,1803,9055,18.791459,3.741690,4.637000,155.458000,2446.619000,929.951000,21789.794000,1,165,28d30e5c08882e22fbf3e8e04ec858f8ad05b9f195bda0bf6462abfe5b17bec9,true,1,true,21.403493,53.710480,111.034933
fixed-window,fixed-w16k-zstd-3,random-1000-00033,random-1000,MHC-GRCh38,MHC,2627316,2628316,1000,100,0,1,0,1,16674,16674,0,0,4269,0,1,1,16674,869,2985,19.187572,5.585930,15.082000,70.925000,915.599000,266.025000,7257.139000,1,33,ac7f52a4da7f47105beb7ff3648385f4d83acfac7446ff83443c83f771ca7a42,true,1,true,20.944640,52.333920,106.446400
fixed-window,fixed-w16k-zstd-3,random-1000-00034,random-1000,MHC-GRCh38,MHC,3196323,3197323,1000,100,0,1,0,1,8107,8107,0,0,4269,0,1,1,8107,774,2184,10.474160,3.711996,16.468000,40.103000,175.504000,53.150000,1554.398000,1,8,ca3fdd278dbe51cf3b7c498d5f6d5ed86a6825abe46333c0f64e8720ee5a2b97,true,1,true,20.716187,51.648560,104.161867
fixed-window,fixed-w16k-zstd-3,random-1000-00035,random-1000,MHC-GRCh38,MHC,880264,881264,1000,100,0,1,0,1,11018,11018,0,0,4269,0,1,1,11018,690,1994,15.968116,5.525577,4.982000,45.407000,372.104000,121.970000,3258.083000,1,10,02a5e630a7ecae5a6fdac57f142972a9954af6c6cbba219d351f861c5f964fe9,true,1,true,20.793813,51.881440,104.938133
fixed-window,fixed-w16k-zstd-3,random-1000-00036,random-1000,MHC-GRCh38,MHC,3737062,3738062,1000,100,0,1,0,1,16503,16503,0,0,4269,0,1,1,16503,985,3381,16.754315,4.881100,9.063000,68.012000,803.867000,274.105000,6774.804000,1,37,469a228e6d9bff5fbb0328ce8fb57e3b07b77d96f43a7cbc983aec8a6198818e,true,1,true,20.940080,52.320240,106.400800
fixed-window,fixed-w16k-zstd-3,random-1000-00037,random-1000,MHC-GRCh38,MHC,4383459,4384459,1000,100,0,1,0,1,9626,9626,0,0,4269,0,1,1,9626,1106,3238,8.703436,2.972823,13.749000,41.166000,243.232000,93.342000,2162.880000,1,19,411253371be4566e476b48cc4b7f28ad447dc4cf288a707c2fa95cb4566dc793,true,1,true,20.756693,51.770080,104.566933
fixed-window,fixed-w16k-zstd-3,random-1000-00038,random-1000,MHC-GRCh38,MHC,4684396,4685396,1000,100,0,1,0,1,8541,8541,0,0,4269,0,1,1,8541,758,2164,11.267810,3.946858,9.311000,38.266000,173.018000,50.328000,1326.945000,1,6,6e8b7d54a874ed28ed66197219d6eb5f31548f3a6239be8f1e45768446caf0e4,true,1,true,20.727760,51.683280,104.277600
fixed-window,fixed-w16k-zstd-3,random-1000-00039,random-1000,MHC-GRCh38,MHC,1840922,1841922,1000,100,0,1,0,1,9065,9065,0,0,4269,0,1,1,9065,1071,3077,8.464052,2.946051,4.696000,38.253000,170.766000,55.394000,1454.900000,1,7,9dd2befaee651158ff162690c5b1f3246ca3145d6579891ed8094240565d730b,true,1,true,20.741733,51.725200,104.417333
fixed-window,fixed-w16k-zstd-3,random-1000-00040,random-1000,MHC-GRCh38,MHC,1176039,1177039,1000,100,0,1,0,1,15570,15570,0,0,4269,0,1,1,15570,963,3363,16.168224,4.629795,4.327000,62.822000,668.326000,243.848000,5584.778000,1,42,f8b33b78bcf1c5279facdfe4e00f7c52aaa67d61781937fbf9b04c73fa2103d1,true,1,true,20.915200,52.245600,106.152000
fixed-window,fixed-w16k-zstd-3,random-1000-00041,random-1000,MHC-GRCh38,MHC,1205328,1206328,1000,100,0,1,0,1,15268,15268,0,0,4269,0,1,1,15268,842,2644,18.133017,5.774584,10.825000,60.752000,727.939000,243.480000,6106.976000,1,22,52591b2a1e8cf8b8b05a327b9689905427511925fc794eb44ae21f5ac7146d52,true,1,true,20.907147,52.221440,106.071467
fixed-window,fixed-w16k-zstd-3,random-1000-00042,random-1000,MHC-GRCh38,MHC,3306190,3307190,1000,100,0,1,0,1,8277,8277,0,0,4269,0,1,1,8277,610,1679,13.568852,4.929720,7.997000,40.744000,147.156000,41.733000,1384.912000,1,2,9310d89efc905274a30cf9b1fef4ae49b6ee90246689480d75b025ca803c2c00,true,1,true,20.720720,51.662160,104.207200
fixed-window,fixed-w16k-zstd-3,random-1000-00043,random-1000,MHC-GRCh38,MHC,2602103,2603103,1000,100,0,1,0,1,23222,23222,0,0,4269,0,1,1,23222,1091,3976,21.285060,5.840543,6.831000,91.349000,1310.223000,431.886000,10883.856000,1,55,1d83a330ebb3476db118775d7a814be1ea79b3cba075d8b2ed08963f0df68835,true,1,true,21.119253,52.857760,108.192533
fixed-window,fixed-w16k-zstd-3,random-1000-00044,random-1000,MHC-GRCh38,MHC,2395815,2396815,1000,100,0,1,0,1,11115,11115,0,0,4269,0,1,1,11115,883,2887,12.587769,3.850017,22.391000,51.697000,373.701000,142.117000,3273.833000,1,26,658b4267df3775de1f06317a4702ed96280eed3eb902dc2c005e1a0a47a1225f,true,1,true,20.796400,51.889200,104.964000
fixed-window,fixed-w16k-zstd-3,random-1000-00045,random-1000,MHC-GRCh38,MHC,770666,771666,1000,100,0,1,0,1,8861,8861,0,0,4269,0,1,1,8861,685,1901,12.935766,4.661231,11.970000,40.467000,202.319000,66.737000,1658.736000,1,5,203ec49a4b66b8e8bea76d9be38083e6c5efec993a3cc041356d317a48054a79,true,1,true,20.736293,51.708880,104.362933
fixed-window,fixed-w16k-zstd-3,random-1000-00046,random-1000,MHC-GRCh38,MHC,4731030,4732030,1000,100,0,1,0,1,9573,9573,0,0,4269,0,1,1,9573,733,2267,13.060027,4.222761,1.242000,41.571000,257.182000,81.937000,2245.845000,1,10,5046675d6dc78ae7bbce313040be64f4aa3761c37dd9222c395b73c654bc9580,true,1,true,20.755280,51.765840,104.552800
fixed-window,fixed-w16k-zstd-3,random-1000-00047,random-1000,MHC-GRCh38,MHC,4696809,4697809,1000,100,0,1,0,1,8736,8736,0,0,4269,0,1,1,8736,786,2267,11.114504,3.853551,5.339000,36.939000,168.609000,53.455000,1364.684000,1,7,c91fc7c569b4313f9104f9105e591d65193a99e68391881d82bd269e4abeafca,true,1,true,20.732960,51.698880,104.329600
fixed-window,fixed-w16k-zstd-3,random-1000-00048,random-1000,MHC-GRCh38,MHC,1378757,1379757,1000,100,0,1,0,1,26478,26478,0,0,4269,0,1,1,26478,1125,4488,23.536000,5.899733,4.032000,103.832000,1411.140000,545.906000,11978.646000,1,66,9454b7b7fa9f4cefd2fcb6c2172f0037afe29d479b93847eaa4448b3f435dea2,true,1,true,21.206080,53.118240,109.060800
fixed-window,fixed-w16k-zstd-3,random-1000-00049,random-1000,MHC-GRCh38,MHC,485156,486156,1000,100,0,1,0,1,8657,8657,0,0,4269,0,1,1,8657,900,2631,9.618889,3.290384,14.600000,43.830000,188.237000,60.138000,1556.986000,1,7,e9d3f144fb710b4af80a14787e3f7e19fd6f236c29a5bfcdf641e083ee21fec6,true,1,true,20.730853,51.692560,104.308533
fixed-window,fixed-w16k-zstd-3,random-10000-00000,random-10000,MHC-GRCh38,MHC,3144166,3154166,10000,100,0,1,0,1,18071,18071,0,0,8365,0,2,2,18071,4743,15597,3.810036,1.158620,6.088000,77.482000,401.214000,196.138000,3549.926000,2,89,39b98f81c1d5508812cb847e9eb58f1e9fe6aa4825df05dcd59e9d777af57f93,true,2,true,20.981893,52.445680,106.818933
fixed-window,fixed-w16k-zstd-3,random-10000-00001,random-10000,MHC-GRCh38,MHC,1999633,2009633,10000,100,0,1,0,1,8734,8734,0,0,4269,0,1,1,8734,4568,16007,1.911996,0.545636,13.028000,38.680000,205.721000,150.013000,1898.988000,1,97,cc684d8ba2d026ad7701177669cf186b67cd4fc92e0621bd93e4eb97431ab246,true,1,true,20.732907,51.698720,104.329067
fixed-window,fixed-w16k-zstd-3,random-10000-00002,random-10000,MHC-GRCh38,MHC,3794961,3804961,10000,100,0,1,0,1,27903,27903,0,0,4269,0,1,1,27903,6020,22077,4.635050,1.263895,6.973000,118.153000,1239.067000,612.901000,10862.744000,2,248,190f92872e9974690d868a0e84431a5f616fe7a7f37bf2536c87916dad846075,true,2,true,21.244080,53.232240,109.440800
fixed-window,fixed-w16k-zstd-3,random-10000-00003,random-10000,MHC-GRCh38,MHC,2063456,2073456,10000,100,0,1,0,1,15230,15230,0,0,4269,0,1,1,15230,4225,13449,3.604734,1.132426,26.219000,70.440000,237.407000,145.631000,2276.689000,2,47,10e1e139258090034fa50195ad815299965b8ff66179d168fd5246669fdd25a6,true,2,true,20.906133,52.218400,106.061333
fixed-window,fixed-w16k-zstd-3,random-10000-00004,random-10000,MHC-GRCh38,MHC,3422261,3432261,10000,100,0,1,0,1,13825,13825,0,0,4269,0,1,1,13825,3868,12642,3.574199,1.093577,6.241000,64.457000,159.207000,82.609000,1474.456000,2,35,7377bc77555ecbeffa3faaf81f94463b392365fa6d525c02279e0ec018cc29f2,true,2,true,20.868667,52.106000,105.686667
fixed-window,fixed-w16k-zstd-3,random-10000-00005,random-10000,MHC-GRCh38,MHC,375092,385092,10000,100,0,1,0,1,21045,21045,0,0,4269,0,1,1,21045,4569,15464,4.606041,1.360903,7.378000,89.002000,598.333000,260.970000,5104.390000,2,100,b0febf5cd626e88eacb32283496b4278437c877b9c12f4197b83f726eecd16b2,true,2,true,21.061200,52.683600,107.612000
fixed-window,fixed-w16k-zstd-3,random-10000-00006,random-10000,MHC-GRCh38,MHC,4078995,4088995,10000,100,0,1,0,1,199777,199777,0,0,4269,0,1,1,199777,18104,109606,11.034965,1.822683,14.944000,840.929000,14915.671000,7379.385000,132824.663000,2,2121,33fae7e58ae56ce68aba4d675a33f811e5b55af9cecc59652cace3da4c7da02a,true,2,true,25.827387,66.982160,155.273867
fixed-window,fixed-w16k-zstd-3,random-10000-00007,random-10000,MHC-GRCh38,MHC,2692223,2702223,10000,100,0,1,0,1,25907,25907,0,0,4269,0,1,1,25907,8684,40225,2.983303,0.644052,20.775000,105.091000,1571.832000,1065.547000,14042.609000,1,634,2184e6f23cd49b12f8e58d537c41ab70d502945455ed9e2edbc5fb453b400429,true,1,true,21.190853,53.072560,108.908533
fixed-window,fixed-w16k-zstd-3,random-10000-00008,random-10000,MHC-GRCh38,MHC,1602057,1612057,10000,100,0,1,0,1,22122,22122,0,0,4269,0,1,1,22122,4963,17746,4.457385,1.246591,23.495000,98.246000,725.549000,337.512000,6326.853000,2,141,8c8382ba14db8ccb2eca890c77d2bc76bed4f97d10c79ad8ef2e17e71fa89ad2,true,2,true,21.089920,52.769760,107.899200
fixed-window,fixed-w16k-zstd-3,random-10000-00009,random-10000,MHC-GRCh38,MHC,802401,812401,10000,100,0,1,0,1,18378,18378,0,0,4269,0,1,1,18378,4237,13507,4.337503,1.360628,21.142000,82.626000,455.028000,205.192000,3898.182000,2,57,e1afbedaefe7cd8796ed5c1395457d118ecec4ebb64d5699d40faa21ffa625c3,true,2,true,20.990080,52.470240,106.900800
fixed-window,fixed-w16k-zstd-3,random-10000-00010,random-10000,MHC-GRCh38,MHC,4572584,4582584,10000,100,0,1,0,1,22595,22595,0,0,4269,0,1,1,22595,9513,46922,2.375171,0.481544,16.155000,91.006000,1483.739000,1249.512000,13302.695000,1,783,b9dbb3e60b8227b0fced33e36e221fc313a72535009acbe00cafeb1e13269519,true,1,true,21.102533,52.807600,108.025333
fixed-window,fixed-w16k-zstd-3,random-10000-00011,random-10000,MHC-GRCh38,MHC,1340999,1350999,10000,100,0,1,0,1,51500,51500,0,0,4269,0,1,1,51500,8891,42333,5.792374,1.216545,54.101000,235.677000,3128.267000,1588.554000,28345.772000,2,675,0380e4c3d31e0843be239b39884bb94ed504a52351b9b739d8ae7eb58e2cd10c,true,2,true,21.873333,55.120000,115.733333
fixed-window,fixed-w16k-zstd-3,random-10000-00012,random-10000,MHC-GRCh38,MHC,2666687,2676687,10000,100,0,1,0,1,40060,40060,0,0,4269,0,1,1,40060,7380,29951,5.428184,1.337518,60.498000,172.776000,2124.240000,1021.176000,19634.507000,2,414,14836fe4e7a9d2bb9552d874a3903f0be6ead340db1fa6966b3b3a817dbe4f0c,true,2,true,21.568267,54.204800,112.682667
fixed-window,fixed-w16k-zstd-3,random-10000-00013,random-10000,MHC-GRCh38,MHC,640027,650027,10000,100,0,1,0,1,9204,9204,0,0,4269,0,1,1,9204,4598,15284,2.001740,0.602198,22.719000,47.505000,235.563000,155.945000,2098.417000,1,89,4e7efa88c63198f9275ded82d6b16c0b17a275ba5bd66b71b23f28ca372a35c9,true,1,true,20.745440,51.736320,104.454400
fixed-window,fixed-w16k-zstd-3,random-10000-00014,random-10000,MHC-GRCh38,MHC,392291,402291,10000,100,0,1,0,1,18972,18972,0,0,4269,0,1,1,18972,4679,14695,4.054713,1.291051,14.520000,85.139000,481.124000,193.392000,4062.250000,2,66,680451a90ee7e61605d89eb0343574aeed831204958be96132d701d50c497a4e,true,2,true,21.005920,52.517760,107.059200
fixed-window,fixed-w16k-zstd-3,random-10000-00015,random-10000,MHC-GRCh38,MHC,3877805,3887805,10000,100,0,1,0,1,46721,46721,0,0,4269,0,1,1,46721,9791,47287,4.771831,0.988031,15.163000,205.540000,3022.728000,1675.376000,29698.339000,2,763,4aadba18576871bc75bed9737449a77bd5e97a10e8eb617ce072a211691ac986,true,2,true,21.745893,54.737680,114.458933
fixed-window,fixed-w16k-zstd-3,random-10000-00016,random-10000,MHC-GRCh38,MHC,2635713,2645713,10000,100,0,1,0,1,31141,31141,0,0,4269,0,1,1,31141,6057,24684,5.141324,1.261586,47.390000,139.514000,1396.972000,676.196000,12777.728000,2,290,8328fb3d0dd728da513bb7f9c844d1843cbbd91ffefcf5bf204984e450d740fc,true,2,true,21.330427,53.491280,110.304267
fixed-window,fixed-w16k-zstd-3,random-10000-00017,random-10000,MHC-GRCh38,MHC,838673,848673,10000,100,0,1,0,1,8104,8104,0,0,4269,0,1,1,8104,4112,12778,1.970817,0.634215,19.077000,37.411000,122.566000,102.904000,1124.824000,1,45,00ae6fcca2ad3bda4a47ebd2bc82e1665cc3138cf57f62fae1693748a49364e1,true,1,true,20.716107,51.648320,104.161067
fixed-window,fixed-w16k-zstd-3,random-10000-00018,random-10000,MHC-GRCh38,MHC,1050278,1060278,10000,100,0,1,0,1,10615,10615,0,0,4269,0,1,1,10615,4865,17640,2.181912,0.601757,8.359000,47.007000,300.835000,236.534000,2653.942000,1,151,6672b5fd0e28d817406ecdb9d2b4200fb3a47f0f89383a153cf8fa5202e19483,true,1,true,20.783067,51.849200,104.830667
fixed-window,fixed-w16k-zstd-3,random-10000-00019,random-10000,MHC-GRCh38,MHC,1468704,1478704,10000,100,0,1,0,1,37438,37438,0,0,4269,0,1,1,37438,6027,22607,6.211714,1.656036,8.850000,158.436000,2035.742000,956.600000,17619.326000,2,255,3058de0f9d38bee4a6976a9df90cc9f93946ab681909cdb910ec0ae0260b4e30,true,2,true,21.498347,53.995040,111.983467
fixed-window,fixed-w16k-zstd-3,random-10000-00020,random-10000,MHC-GRCh38,MHC,4375098,4385098,10000,100,0,1,0,1,9626,9626,0,0,4269,0,1,1,9626,4655,15432,2.067884,0.623769,5.522000,47.324000,279.141000,166.476000,2430.674000,1,99,f429a8329f55fe2b029240657baac19dad69e5cdb2cac19619586bcc507b583a,true,1,true,20.756693,51.770080,104.566933
fixed-window,fixed-w16k-zstd-3,random-10000-00021,random-10000,MHC-GRCh38,MHC,4581909,4591909,10000,100,0,1,0,1,34476,34476,0,0,4269,0,1,1,34476,5723,22660,6.024113,1.521447,16.130000,165.588000,2044.952000,836.131000,16484.824000,2,260,97e7f84529894fdcbf94838f0b8620d31a53aac88ac0d27b1c0f5f0203c8a0fc,true,2,true,21.419360,53.758080,111.193600
fixed-window,fixed-w16k-zstd-3,random-10000-00022,random-10000,MHC-GRCh38,MHC,169169,179169,10000,100,0,1,0,1,9205,9205,0,0,4269,0,1,1,9205,4493,14648,2.048742,0.628413,44.842000,44.830000,223.200000,138.855000,2092.135000,1,84,1257627d647fa03eae664ac3c5fa9d51778dde06be8603f398b78de96aeef391,true,1,true,20.745467,51.736400,104.454667
fixed-window,fixed-w16k-zstd-3,random-10000-00023,random-10000,MHC-GRCh38,MHC,264332,274332,10000,100,0,1,0,1,11825,11825,0,0,4269,0,1,1,11825,5211,19243,2.269238,0.614509,10.852000,48.097000,404.408000,290.857000,3677.150000,1,177,716fed6ee2ebfb3e2097a94ac458995e505d36e6ffb306f767703f8cbee56df2,true,1,true,20.815333,51.946000,105.153333
fixed-window,fixed-w16k-zstd-3,random-10000-00024,random-10000,MHC-GRCh38,MHC,4139768,4149768,10000,100,0,1,0,1,156097,156097,0,0,4269,0,1,1,156097,14006,78630,11.145009,1.985209,11.183000,648.873000,11843.080000,5704.521000,107061.766000,2,1452,83985389cae80281e0b8edade8ee84dd61ac8d89f1c7c4371a3cf13721809093,true,2,true,24.662587,63.487760,143.625867
fixed-window,fixed-w16k-zstd-3,random-10000-00025,random-10000,MHC-GRCh38,MHC,1086948,1096948,10000,100,0,1,0,1,9131,9131,0,0,4269,0,1,1,9131,4453,14622,2.050528,0.624470,35.522000,43.563000,256.771000,151.197000,2246.329000,1,91,cc1fd8afe6968eff93b9129098df2e482d99cb5be46c4122e69770d719c49ff2,true,1,true,20.743493,51.730480,104.434933
fixed-window,fixed-w16k-zstd-3,random-10000-00026,random-10000,MHC-GRCh38,MHC,796975,806975,10000,100,0,1,0,1,18378,18378,0,0,4269,0,1,1,18378,4586,14796,4.007414,1.242092,12.113000,78.761000,441.328000,224.879000,3881.720000,2,76,946f59f31bc4e22dfdff7962879901c512a8b42499b5cc583d69cbc544c24a35,true,2,true,20.990080,52.470240,106.900800
fixed-window,fixed-w16k-zstd-3,random-10000-00027,random-10000,MHC-GRCh38,MHC,208422,218422,10000,100,0,1,0,1,30170,30170,0,0,4269,0,1,1,30170,5034,18474,5.993246,1.633106,11.163000,119.675000,1173.416000,499.169000,10110.916000,2,168,16668a580712ce10bb578b1a91d9257ecc8b67b485fbf28a6a4772a24ab72d5b,true,2,true,21.304533,53.413600,110.045333
fixed-window,fixed-w16k-zstd-3,random-10000-00028,random-10000,MHC-GRCh38,MHC,4825593,4835593,10000,100,0,1,0,1,17050,17050,0,0,4269,0,1,1,17050,4206,14796,4.053733,1.152338,2.254000,86.738000,406.750000,181.654000,3597.661000,2,75,56fed22ef21db9434fbec4a4dfae64a077e0bfa7577d4c53743ac63b1f05bd7a,true,2,true,20.954667,52.364000,106.546667
fixed-window,fixed-w16k-zstd-3,random-10000-00029,random-10000,MHC-GRCh38,MHC,1869556,1879556,10000,100,0,1,0,1,15459,15459,0,0,4269,0,1,1,15459,5856,23478,2.639857,0.658446,11.824000,62.085000,709.144000,502.493000,6670.084000,1,276,bbfee9b5540c0eab2acd7e9e378b90aa567df20b5b9683004d28aa4726eab6b7,true,1,true,20.912240,52.236720,106.122400
fixed-window,fixed-w16k-zstd-3,random-10000-00030,random-10000,MHC-GRCh38,MHC,3525406,3535406,10000,100,0,1,0,1,9637,9637,0,0,4269,0,1,1,9637,4738,16756,2.033981,0.575137,19.740000,49.987000,264.843000,196.965000,2448.913000,1,136,d7adce2abaa06de0650af25dce9b597f12df5a551a7231d7a540588b965e0d3d,true,1,true,20.756987,51.770960,104.569867
fixed-window,fixed-w16k-zstd-3,random-10000-00031,random-10000,MHC-GRCh38,MHC,817285,827285,10000,100,0,1,0,1,16397,16397,0,0,4269,0,1,1,16397,4209,13112,3.895700,1.250534,8.620000,72.381000,281.962000,119.481000,2516.853000,2,50,f332e3929382b6a12083e27b77f2ce9501af9861a52e63a7e5bbd39b4c2fb0b8,true,2,true,20.937253,52.311760,106.372533
fixed-window,fixed-w16k-zstd-3,random-10000-00032,random-10000,MHC-GRCh38,MHC,2155060,2165060,10000,100,0,1,0,1,17282,17282,0,0,4269,0,1,1,17282,4772,16071,3.621542,1.075353,11.353000,76.043000,407.385000,224.113000,3722.028000,2,110,40191e5439b0beeb05fd104dc56724a74ff7341fa7f2aa7ae46c3bb0b183cf3a,true,2,true,20.960853,52.382560,106.608533
fixed-window,fixed-w16k-zstd-3,random-10000-00033,random-10000,MHC-GRCh38,MHC,4536834,4546834,10000,100,0,1,0,1,31511,31511,0,0,4269,0,1,1,31511,6566,27144,4.799117,1.160883,11.444000,130.002000,1746.695000,841.677000,15341.179000,2,353,10987fa5f40a447a042da9c88e51cd790c6ed0fab0f4b27ebab560a59f9a211c,true,2,true,21.340293,53.520880,110.402933
fixed-window,fixed-w16k-zstd-3,random-10000-00034,random-10000,MHC-GRCh38,MHC,3721781,3731781,10000,100,0,1,0,1,17460,17460,0,0,4269,0,1,1,17460,6170,25262,2.829822,0.691157,15.900000,76.078000,824.060000,544.752000,7423.814000,1,306,28e8e43149e4bde7587db8e7807c8ba5cebd142be4492a7bb167096d3224f900,true,1,true,20.965600,52.396800,106.656000
fixed-window,fixed-w16k-zstd-3,random-10000-00035,random-10000,MHC-GRCh38,MHC,2921773,2931773,10000,100,0,1,0,1,69239,69239,0,0,4269,0,1,1,69239,7049,30069,9.822528,2.302671,24.023000,294.065000,4339.866000,1840.238000,40905.644000,1,416,116c4d85770731c008a3afd4d75050abb1f6a004a3f11d79ceaacdc5d0befdfe,true,1,true,22.346373,56.539120,120.463733
fixed-window,fixed-w16k-zstd-3,random-10000-00036,random-10000,MHC-GRCh38,MHC,2022342,2032342,10000,100,0,1,0,1,15496,15496,0,0,4269,0,1,1,15496,4172,13869,3.714286,1.117312,18.536000,74.802000,284.897000,146.537000,2685.686000,2,56,ded354f69244e941bb50934784978d7b387d48ef4762cce45fed54d708dfe63b,true,2,true,20.913227,52.239680,106.132267
fixed-window,fixed-w16k-zstd-3,random-10000-00037,random-10000,MHC-GRCh38,MHC,2903351,2913351,10000,100,0,1,0,1,20860,20860,0,0,4269,0,1,1,20860,7259,32210,2.873674,0.647625,9.514000,80.269000,1183.179000,850.610000,10511.638000,1,463,6820c8ba0f9a26a043d85f1d9ee9a9bb0e25109fa137f896194c075e6e9b2979,true,1,true,21.056267,52.668800,107.562667
fixed-window,fixed-w16k-zstd-3,random-10000-00038,random-10000,MHC-GRCh38,MHC,1743550,1753550,10000,100,0,1,0,1,21660,21660,0,0,4269,0,1,1,21660,5259,19094,4.118654,1.134388,45.193000,105.366000,747.551000,383.372000,6262.013000,2,177,4245dd58d7d1c2206c4f3cc75f00b7ab72ecf1031d74905d2588d8546365ff20,true,2,true,21.077600,52.732800,107.776000
fixed-window,fixed-w16k-zstd-3,random-10000-00039,random-10000,MHC-GRCh38,MHC,2503657,2513657,10000,100,0,1,0,1,36993,36993,0,0,4269,0,1,1,36993,7844,37089,4.716089,0.997412,14.986000,151.181000,1884.440000,1118.385000,17411.550000,2,567,2213a8016cc6c057f5a1e38d7e6a104b477bc7e9e4a499bc5fd769cb092f84c9,true,2,true,21.486480,53.959440,111.864800
fixed-window,fixed-w16k-zstd-3,random-10000-00040,random-10000,MHC-GRCh38,MHC,2932138,2942138,10000,100,0,1,0,1,89591,89591,0,0,4269,0,1,1,89591,6763,27507,13.247228,3.257025,57.101000,372.692000,5266.218000,2140.151000,50622.073000,2,361,d2757b7e004ae0acae9159fc54a0c22eb0d6f726022d05fa4457e560705ab86b,true,2,true,22.889093,58.167280,125.890933
fixed-window,fixed-w16k-zstd-3,random-10000-00041,random-10000,MHC-GRCh38,MHC,783360,793360,10000,100,0,1,0,1,19328,19328,0,0,4269,0,1,1,19328,5096,17461,3.792779,1.106924,13.989000,85.301000,520.995000,269.070000,4533.377000,2,134,5e65270c1b5bf78832fe2277e39e6c5b8df0f0f68036e9e92519a632abed0542,true,2,true,21.015413,52.546240,107.154133
fixed-window,fixed-w16k-zstd-3,random-10000-00042,random-10000,MHC-GRCh38,MHC,2455602,2465602,10000,100,0,1,0,1,20997,20997,0,0,4269,0,1,1,20997,5310,19567,3.954237,1.073082,13.054000,89.051000,653.489000,380.486000,5899.461000,2,187,1ac863683737b5e40be7d7d111d3e2cd76b0b93a32c10fe547dd201884f5b77f,true,2,true,21.059920,52.679760,107.599200
fixed-window,fixed-w16k-zstd-3,random-10000-00043,random-10000,MHC-GRCh38,MHC,1809625,1819625,10000,100,0,1,0,1,17468,17468,0,0,4269,0,1,1,17468,4966,16014,3.517519,1.090796,19.367000,77.023000,360.266000,213.932000,3190.031000,2,95,a8cf05ab9f5d4e969c8720ac40234f9551c77b9393c4074a50d4cdefd6074e7e,true,2,true,20.965813,52.397440,106.658133
fixed-window,fixed-w16k-zstd-3,random-10000-00044,random-10000,MHC-GRCh38,MHC,137158,147158,10000,100,0,1,0,1,9236,9236,0,0,4269,0,1,1,9236,4506,14355,2.049711,0.643400,12.267000,39.805000,211.953000,111.959000,1965.686000,1,59,f394da5a2f7f333a8019b7ed1bffad5cd57a7c0892701d2ecfcca3fe4f0e5889,true,1,true,20.746293,51.738880,104.462933
fixed-window,fixed-w16k-zstd-3,random-10000-00045,random-10000,MHC-GRCh38,MHC,4721118,4731118,10000,100,0,1,0,1,9573,9573,0,0,4269,0,1,1,9573,4261,14204,2.246656,0.673965,1.459000,43.556000,265.073000,144.633000,2324.873000,1,74,45795d31562a51461f0c3adbf94e1928264e9f923302d28d748dd2445a3364d8,true,1,true,20.755280,51.765840,104.552800
fixed-window,fixed-w16k-zstd-3,random-10000-00046,random-10000,MHC-GRCh38,MHC,2609994,2619994,10000,100,0,1,0,1,19793,19793,0,0,4269,0,1,1,19793,6996,30198,2.829188,0.655441,8.509000,75.569000,1097.510000,717.302000,9536.833000,1,422,1fa4c86045416288989ea3558c79f0d759fcf2010265116ab4e22bd61f073571,true,1,true,21.027813,52.583440,107.278133
fixed-window,fixed-w16k-zstd-3,random-10000-00047,random-10000,MHC-GRCh38,MHC,3860427,3870427,10000,100,0,1,0,1,40114,40114,0,0,4269,0,1,1,40114,6078,24758,6.599868,1.620244,25.663000,167.106000,2085.636000,946.020000,18928.799000,2,307,a2a3530e05954057c972097786eb0caa754d4b65b264d138e14818b7fd2d2d2b,true,2,true,21.569707,54.209120,112.697067
fixed-window,fixed-w16k-zstd-3,random-10000-00048,random-10000,MHC-GRCh38,MHC,4554094,4564094,10000,100,0,1,0,1,44493,44493,0,0,4269,0,1,1,44493,10239,51765,4.345444,0.859519,43.334000,190.822000,2879.232000,1717.838000,24576.040000,2,885,23cf9f7eadaf9d1b78d8f3b3206a6006cd1336963f033245de30987b80aaaf38,true,2,true,21.686480,54.559440,113.864800
fixed-window,fixed-w16k-zstd-3,random-10000-00049,random-10000,MHC-GRCh38,MHC,2352190,2362190,10000,100,0,1,0,1,19272,19272,0,0,4269,0,1,1,19272,4749,16177,4.058117,1.191321,42.262000,89.705000,524.278000,247.773000,4578.402000,2,111,800091a8217f514a4ab9edd8bf729b616292a002018ce539ddc1052135ade198,true,2,true,21.013920,52.541760,107.139200
fixed-window,fixed-w16k-zstd-3,random-100000-00000,random-100000,MHC-GRCh38,MHC,4209044,4309044,100000,100,0,1,0,1,168890,168890,0,0,4269,0,1,1,168890,65549,336308,2.576546,0.502188,13.679000,750.059000,10338.172000,9956.454000,99936.601000,8,5035,32e8083b6abd3be64c447c24584d42938879238fa3d81db158eb23a15db404f2,true,8,true,25.003733,64.511200,147.037333
fixed-window,fixed-w16k-zstd-3,random-100000-00001,random-100000,MHC-GRCh38,MHC,1722746,1822746,100000,100,0,1,0,1,68083,68083,0,0,4269,0,1,1,68083,41890,153777,1.625280,0.442739,84.243000,297.058000,1877.863000,1692.161000,16726.330000,7,1126,45012cba45ad5936e9f619869db1564593fd295f60d5f6b4423c602499cd7d4c,true,7,true,22.315547,56.446640,120.155467
fixed-window,fixed-w16k-zstd-3,random-100000-00002,random-100000,MHC-GRCh38,MHC,3224923,3324923,100000,100,0,1,0,1,56292,56292,0,0,4269,0,1,1,56292,35805,128622,1.572183,0.437655,19.973000,256.849000,1022.881000,851.724000,10111.882000,7,574,650e851ca4deb971c052fe1cbe4dec8752531ac0b5bffa3e125ff3dee5b64889,true,7,true,22.001120,55.503360,117.011200
fixed-window,fixed-w16k-zstd-3,random-100000-00003,random-100000,MHC-GRCh38,MHC,685079,785079,100000,100,0,1,0,1,59295,59295,0,0,4269,0,1,1,59295,37583,129398,1.577708,0.458237,34.867000,255.613000,1257.379000,942.699000,10826.308000,7,619,84c08e62d3f3f30d863d5a72aa03c9a5c55cb3c77246886de0ff99a3a8df0489,true,7,true,22.081200,55.743600,117.812000
fixed-window,fixed-w16k-zstd-3,random-100000-00004,random-100000,MHC-GRCh38,MHC,2437611,2537611,100000,100,0,1,0,1,95230,95230,0,0,4269,0,1,1,95230,50339,217274,1.891774,0.438295,20.289000,411.665000,4028.283000,3724.162000,37606.419000,7,2438,c30441669e36e5b931803112b45206c2cb5ec85cea8ddd4e4883b0227dbda95b,true,7,true,23.039467,58.618400,127.394667
fixed-window,fixed-w16k-zstd-3,random-100000-00005,random-100000,MHC-GRCh38,MHC,59077,159077,100000,100,0,1,0,1,59413,59413,0,0,4269,0,1,1,59413,39584,133167,1.500935,0.446154,29.284000,270.075000,1228.059000,980.776000,11566.407000,7,666,59ba1c17c2eb410b568d830db351a260e2ff752b426433d90ffc1737d8d770b0,true,7,true,22.084347,55.753040,117.843467
fixed-window,fixed-w16k-zstd-3,random-100000-00006,random-100000,MHC-GRCh38,MHC,4590285,4690285,100000,100,0,1,0,1,97915,97915,0,0,4269,0,1,1,97915,52875,223553,1.851820,0.437995,42.590000,434.733000,4292.983000,4456.466000,41880.695000,7,2617,a64377cb5e8d05256abb39b5b0c499a163809a709f3c41af5e770ba7f2927537,true,7,true,23.111067,58.833200,128.110667
fixed-window,fixed-w16k-zstd-3,random-100000-00007,random-100000,MHC-GRCh38,MHC,4485571,4585571,100000,100,0,1,0,1,110089,110089,0,0,4269,0,1,1,110089,56571,270370,1.946032,0.407179,35.768000,509.102000,6011.514000,5879.504000,54802.715000,7,3587,62ab48c6ec685ad313f6f68d4baeecde58417e601bb21c67ddd98715c6a00523,true,7,true,23.435707,59.807120,131.357067
fixed-window,fixed-w16k-zstd-3,random-100000-00008,random-100000,MHC-GRCh38,MHC,3570722,3670722,100000,100,0,1,0,1,65397,65397,0,0,8365,0,2,2,65397,36956,127803,1.769591,0.511702,59.228000,309.153000,1322.573000,881.330000,11950.290000,8,556,19a7c76674610d2342c9fbea62a10888959bd988453261d682ff12781765db7f,true,8,true,22.243920,56.231760,119.439200
fixed-window,fixed-w16k-zstd-3,random-100000-00009,random-100000,MHC-GRCh38,MHC,4287809,4387809,100000,100,0,1,0,1,95000,95000,0,0,4269,0,1,1,95000,47841,194241,1.985744,0.489083,28.359000,408.675000,3920.147000,3482.173000,36760.446000,7,1990,e91c65af67f8f894b81a4673e1737501a8afddef2ca98f315b4e21b673474899,true,7,true,23.033333,58.600000,127.333333
fixed-window,fixed-w16k-zstd-3,random-100000-00010,random-100000,MHC-GRCh38,MHC,4025165,4125165,100000,100,0,1,0,1,600114,600114,0,0,4269,0,1,1,600114,195330,1335954,3.072308,0.449203,39.829000,2568.768000,46083.653000,56030.696000,446058.362000,7,26102,60c3e5d638a71bece86def27f59a9a6e97e4a340ab34a627a420102128dc7751,true,7,true,36.503040,99.009120,262.030400
fixed-window,fixed-w16k-zstd-3,random-100000-00011,random-100000,MHC-GRCh38,MHC,1237510,1337510,100000,100,0,1,0,1,129400,129400,0,0,4269,0,1,1,129400,56167,273054,2.303844,0.473899,21.561000,573.879000,7163.269000,6491.519000,64233.642000,7,3680,b5901726f77ee00314f015b59d51c14df7d08ac58444abc0c107aaa1fad54194,true,7,true,23.950667,61.352000,136.506667
fixed-window,fixed-w16k-zstd-3,random-100000-00012,random-100000,MHC-GRCh38,MHC,282699,382699,100000,100,0,1,0,1,72093,72093,0,0,4269,0,1,1,72093,39955,154486,1.804355,0.466664,61.890000,337.129000,2236.697000,1870.001000,19122.126000,7,1125,54d663c12cc9be7f5115a95bbb1f5585d772564d5c50833e8e3e231d8ac57d04,true,7,true,22.422480,56.767440,121.224800
fixed-window,fixed-w16k-zstd-3,random-100000-00013,random-100000,MHC-GRCh38,MHC,2461234,2561234,100000,100,0,1,0,1,110886,110886,0,0,4269,0,1,1,110886,54888,245800,2.020223,0.451123,55.254000,477.380000,5142.607000,5126.864000,50437.936000,7,3052,2bb8cc4a820ed95bff9ee3b3c46eb345ab1f54ddfb2c3a1e4352f0d092909be6,true,7,true,23.456960,59.870880,131.569600
fixed-window,fixed-w16k-zstd-3,random-100000-00014,random-100000,MHC-GRCh38,MHC,39688,139688,100000,100,0,1,0,1,59140,59140,0,0,4269,0,1,1,59140,39348,132047,1.502999,0.447871,37.713000,264.646000,1156.130000,981.069000,11245.142000,7,646,49e9f4bf234851cead81bf6a2e1d729c848b791a51ba72c1987113f60a240b6a,true,7,true,22.077067,55.731200,117.770667
fixed-window,fixed-w16k-zstd-3,random-100000-00015,random-100000,MHC-GRCh38,MHC,2966751,3066751,100000,100,0,1,0,1,87756,87756,0,0,4269,0,1,1,87756,48092,201421,1.824753,0.435684,29.212000,378.544000,3493.964000,3384.649000,32175.853000,7,2141,442bb6b3657e1304642ee8c0bcbd72d2f571e2e86754bfe071952ddddff873a1,true,7,true,22.840160,58.020480,125.401600
fixed-window,fixed-w16k-zstd-3,random-100000-00016,random-100000,MHC-GRCh38,MHC,1970326,2070326,100000,100,0,1,0,1,57947,57947,0,0,4269,0,1,1,57947,37997,132429,1.525041,0.437570,43.983000,267.071000,1227.019000,1039.082000,11425.279000,7,670,4cff76d0bc8547d0bb83fbfddae6d561248770f8eb6d289574e84183ab26b92c,true,7,true,22.045253,55.635760,117.452533
fixed-window,fixed-w16k-zstd-3,random-100000-00017,random-100000,MHC-GRCh38,MHC,4296183,4396183,100000,100,0,1,0,1,84179,84179,0,0,4269,0,1,1,84179,46041,183355,1.828349,0.459104,44.240000,364.354000,3052.742000,2712.776000,28437.354000,7,1760,b1cfc8cace350414b28c0a4117c8afa27ff174db67eac05a7f047798af51a501,true,7,true,22.744773,57.734320,124.447733
fixed-window,fixed-w16k-zstd-3,random-100000-00018,random-100000,MHC-GRCh38,MHC,3769659,3869659,100000,100,0,1,0,1,110860,110860,0,0,4269,0,1,1,110860,52205,225406,2.123551,0.491824,43.254000,463.563000,5202.769000,4502.429000,48318.983000,7,2651,607bfe669aea0f45aa46f0730afa870a0e69c165fe376da184fb2b772d3d903f,true,7,true,23.456267,59.868800,131.562667
fixed-window,fixed-w16k-zstd-3,random-100000-00019,random-100000,MHC-GRCh38,MHC,1836841,1936841,100000,100,0,1,0,1,78204,78204,0,0,4269,0,1,1,78204,44076,170246,1.774299,0.459359,45.088000,368.310000,2688.523000,2270.180000,24678.342000,7,1484,191113f90170e5126479711af08690601fe73171464bc55d00b41c9a484dbce4,true,7,true,22.585440,57.256320,122.854400
fixed-window,fixed-w16k-zstd-3,random-100000-00020,random-100000,MHC-GRCh38,MHC,3910205,4010205,100000,100,0,1,0,1,239563,239563,0,0,4269,0,1,1,239563,93677,549369,2.557330,0.436069,42.210000,1080.410000,16240.308000,18093.016000,156067.864000,7,9437,c2e42215450f8c2661b6b451ce0936abf551ae7bff855ff84da5bc8a7968c84b,true,7,true,26.888347,70.165040,165.883467
fixed-window,fixed-w16k-zstd-3,random-100000-00021,random-100000,MHC-GRCh38,MHC,647943,747943,100000,100,0,1,0,1,62687,62687,0,0,4269,0,1,1,62687,39520,139207,1.586210,0.450315,96.754000,272.785000,1490.949000,1237.696000,13155.279000,7,813,9e8cef8b753db677c29fef3d40400b533e52821777595a9a27e595ddf2ec1410,true,7,true,22.171653,56.014960,118.716533
fixed-window,fixed-w16k-zstd-3,random-100000-00022,random-100000,MHC-GRCh38,MHC,2004256,2104256,100000,100,0,1,0,1,54766,54766,0,0,8365,0,2,2,54766,36386,127123,1.505139,0.430811,40.320000,246.905000,979.084000,833.088000,9443.258000,7,543,4ee366a8da2710ed0df259697678c9601ea059d22cc1970349d48b067d071050,true,7,true,21.960427,55.381280,116.604267
fixed-window,fixed-w16k-zstd-3,random-100000-00023,random-100000,MHC-GRCh38,MHC,948617,1048617,100000,100,0,1,0,1,68668,68668,0,0,8365,0,2,2,68668,39993,131493,1.717000,0.522218,39.952000,302.987000,1435.236000,1037.401000,13100.839000,8,662,7bc1c13ea33f55081af4faee96164e11cf58980e23d0069f1e9c2ef5f79923b0,true,8,true,22.331147,56.493440,120.311467
fixed-window,fixed-w16k-zstd-3,random-100000-00024,random-100000,MHC-GRCh38,MHC,172774,272774,100000,100,0,1,0,1,84541,84541,0,0,4269,0,1,1,84541,45425,181900,1.861112,0.464766,27.340000,345.225000,2783.021000,2558.700000,26009.372000,7,1689,703f31b2efa3cdf99ce82955f7c26f58193bb7fdca05725347534130514df260,true,7,true,22.754427,57.763280,124.544267
fixed-window,fixed-w16k-zstd-3,random-100000-00025,random-100000,MHC-GRCh38,MHC,2486989,2586989,100000,100,0,1,0,1,113688,113688,0,0,4269,0,1,1,113688,55621,247440,2.043976,0.459457,41.352000,481.129000,5360.081000,5846.549000,50623.247000,7,3082,7ccc96b968dbd73138b0bef8cd2e06317cf09ae4f3bc17493b7415dccc5dff50,true,7,true,23.531680,60.095040,132.316800
fixed-window,fixed-w16k-zstd-3,random-100000-00026,random-100000,MHC-GRCh38,MHC,1930943,2030943,100000,100,0,1,0,1,67818,67818,0,0,4269,0,1,1,67818,40603,155026,1.670271,0.437462,54.438000,323.051000,2117.848000,1646.383000,18662.306000,7,1095,14334b554e3e9655c965408117e425948d6c83d11aa07182bce0d72eda4ee2f3,true,7,true,22.308480,56.425440,120.084800
fixed-window,fixed-w16k-zstd-3,random-100000-00027,random-100000,MHC-GRCh38,MHC,204534,304534,100000,100,0,1,0,1,88357,88357,0,0,4269,0,1,1,88357,43536,177520,2.029516,0.497730,35.434000,374.691000,3110.144000,2543.570000,30262.674000,7,1603,4d57d41cb194b884a41da65fdd22aea0a8c27db77bb5042f7d0adeb7c73d1dc4,true,7,true,22.856187,58.068560,125.561867
fixed-window,fixed-w16k-zstd-3,random-100000-00028,random-100000,MHC-GRCh38,MHC,3890508,3990508,100000,100,0,1,0,1,161959,161959,0,0,4269,0,1,1,161959,66475,349427,2.436390,0.463499,23.346000,735.456000,10189.283000,10696.289000,95987.668000,7,5265,64fb347e77ea288d38a2ce9574ee30d2b4be5888a322149fd1b42e9fcddf651c,true,7,true,24.818907,63.956720,145.189067
fixed-window,fixed-w16k-zstd-3,random-100000-00029,random-100000,MHC-GRCh38,MHC,1400303,1500303,100000,100,0,1,0,1,174682,174682,0,0,4269,0,1,1,174682,73403,404332,2.379766,0.432026,54.076000,877.647000,11084.273000,11408.366000,102342.226000,7,6494,7dd51bacace475b905c71c96b5738874cb4cc596d2f22d2b5deaf2e9a383e677,true,7,true,25.158187,64.974560,148.581867
fixed-window,fixed-w16k-zstd-3,random-100000-00030,random-100000,MHC-GRCh38,MHC,1669721,1769721,100000,100,0,1,0,1,78823,78823,0,0,4269,0,1,1,78823,42397,157902,1.859165,0.499189,36.719000,338.457000,2176.353000,1822.521000,19332.134000,8,1197,741ec828d1c9c77374a42df4205c1d246e1a2241e64f0977b6df22d8e0fc21c8,true,8,true,22.601947,57.305840,123.019467
fixed-window,fixed-w16k-zstd-3,random-100000-00031,random-100000,MHC-GRCh38,MHC,215439,315439,100000,100,0,1,0,1,80526,80526,0,0,4269,0,1,1,80526,42453,174311,1.896827,0.461967,29.480000,336.067000,2572.531000,2335.046000,23833.168000,7,1540,ae3a38a78bc54df8bb5b64aa04e50d7ffa6086417a22570c069468d140ac8134,true,7,true,22.647360,57.442080,123.473600
fixed-window,fixed-w16k-zstd-3,random-100000-00032,random-100000,MHC-GRCh38,MHC,3542671,3642671,100000,100,0,1,0,1,57056,57056,0,0,4269,0,1,1,57056,36059,128867,1.582296,0.442751,23.429000,258.451000,1111.012000,882.047000,10740.366000,7,589,d9aa6d23a6b62c66ac19183747bb2ccc720333a4958454dfb6ebe7f9093d9823,true,7,true,22.021493,55.564480,117.214933
fixed-window,fixed-w16k-zstd-3,random-100000-00033,random-100000,MHC-GRCh38,MHC,1452240,1552240,100000,100,0,1,0,1,110896,110896,0,0,4269,0,1,1,110896,53441,226826,2.075111,0.488903,25.760000,457.995000,5173.403000,4326.278000,45804.717000,7,2682,f312a374776582f5db71384d371c7852297f13be6b7d80811998a767c99d0521,true,7,true,23.457227,59.871680,131.572267
fixed-window,fixed-w16k-zstd-3,random-100000-00034,random-100000,MHC-GRCh38,MHC,3935885,4035885,100000,100,0,1,0,1,413945,413945,0,0,4269,0,1,1,413945,139924,921400,2.958356,0.449257,48.615000,1827.206000,30166.042000,37204.719000,291225.433000,7,17261,680dd4f3ec892eac167ab5a6873f8f6087006b60e939e70cdfa62634dba8df50,true,7,true,31.538533,84.115600,212.385333
fixed-window,fixed-w16k-zstd-3,random-100000-00035,random-100000,MHC-GRCh38,MHC,1231487,1331487,100000,100,0,1,0,1,129400,129400,0,0,4269,0,1,1,129400,55437,266371,2.334181,0.485789,62.851000,597.247000,7197.372000,5960.150000,66191.397000,7,3548,a6f4f67b33da190409f770417ecd57abcd7c7a2004d5dbbe705d0e0195b028d6,true,7,true,23.950667,61.352000,136.506667
fixed-window,fixed-w16k-zstd-3,random-100000-00036,random-100000,MHC-GRCh38,MHC,2059084,2159084,100000,100,0,1,0,1,54586,54586,0,0,8365,0,2,2,54586,36196,127019,1.508067,0.429747,64.202000,253.086000,955.354000,802.953000,9307.477000,7,538,7ba622d78759052db8d982897a8062ed4af62fb0c3e56c393bff47168a846746,true,7,true,21.955627,55.366880,116.556267
fixed-window,fixed-w16k-zstd-3,random-100000-00037,random-100000,MHC-GRCh38,MHC,3340862,3440862,100000,100,0,1,0,1,61269,61269,0,0,4269,0,1,1,61269,35829,126567,1.710039,0.484084,33.021000,279.162000,1030.534000,804.313000,9899.256000,8,523,8f92362b65b7867abc7d88837e976f16d7b1427e6c2fd60925b6a36405d74c45,true,8,true,22.133840,55.901520,118.338400
fixed-window,fixed-w16k-zstd-3,random-100000-00038,random-100000,MHC-GRCh38,MHC,921258,1021258,100000,100,0,1,0,1,56819,56819,0,0,4269,0,1,1,56819,37547,123746,1.513277,0.459158,29.808000,246.927000,1008.435000,752.622000,9576.597000,7,503,fe6971683ac4cb90cf56fb9f5347d1e1e3915baaeac17f866aa71221850e0484,true,7,true,22.015173,55.545520,117.151733
fixed-window,fixed-w16k-zstd-3,random-100000-00039,random-100000,MHC-GRCh38,MHC,3395378,3495378,100000,100,0,1,0,1,54013,54013,0,0,4269,0,1,1,54013,35350,121563,1.527949,0.444321,24.227000,241.282000,858.148000,655.716000,8234.639000,7,421,8fd62575ba7d7fa67094b8797b763eea904ce8ce888a1edaefbf979e2ae9f190,true,7,true,21.940347,55.321040,116.403467
fixed-window,fixed-w16k-zstd-3,random-100000-00040,random-100000,MHC-GRCh38,MHC,3429684,3529684,100000,100,0,1,0,1,57352,57352,0,0,4269,0,1,1,57352,29606,126327,1.937175,0.453996,29.269000,249.051000,1026.581000,809.635000,9564.720000,7,544,61b06d01fabee659f928ce9e22b30229cf5e353fcee2cef89edece567e762fd2,true,7,true,22.029387,55.588160,117.293867
fixed-window,fixed-w16k-zstd-3,random-100000-00041,random-100000,MHC-GRCh38,MHC,3427206,3527206,100000,100,0,1,0,1,57352,57352,0,0,4269,0,1,1,57352,29726,123989,1.929355,0.462557,31.608000,248.828000,1030.611000,779.970000,9514.380000,7,508,6821e84b1deb499b912b5a16cacd9b5ec8aaa72b621ff610358cfb368894c6a9,true,7,true,22.029387,55.588160,117.293867
fixed-window,fixed-w16k-zstd-3,random-100000-00042,random-100000,MHC-GRCh38,MHC,58582,158582,100000,100,0,1,0,1,59413,59413,0,0,4269,0,1,1,59413,39339,131815,1.510282,0.450730,25.700000,264.657000,1220.119000,974.076000,11384.869000,7,657,82b32e58f297137f6f7535bdf2eb588af4aa71aa6df0203286fe8d2d7f8e5bf9,true,7,true,22.084347,55.753040,117.843467
fixed-window,fixed-w16k-zstd-3,random-100000-00043,random-100000,MHC-GRCh38,MHC,1799230,1899230,100000,100,0,1,0,1,75193,75193,0,0,4269,0,1,1,75193,43889,164657,1.713254,0.456664,38.282000,321.855000,2315.467000,2049.564000,21473.864000,7,1361,5e209164a6d6d0b416b39033eaecdfd097226c6f9e44113e43baa8d3c33e60aa,true,7,true,22.505147,57.015440,122.051467
fixed-window,fixed-w16k-zstd-3,random-100000-00044,random-100000,MHC-GRCh38,MHC,2029904,2129904,100000,100,0,1,0,1,53872,53872,0,0,8365,0,2,2,53872,35539,122861,1.515856,0.438479,44.396000,250.839000,939.364000,706.313000,9015.301000,7,470,9b34d642d44e33b8d3dc1fb0c0c7218c45b39847f81e08e0bdd1638eb51cbb49,true,7,true,21.936587,55.309760,116.365867
fixed-window,fixed-w16k-zstd-3,random-100000-00045,random-100000,MHC-GRCh38,MHC,2203224,2303224,100000,100,0,1,0,1,71128,71128,0,0,4269,0,1,1,71128,42056,160964,1.691269,0.441888,35.076000,310.610000,2271.298000,1948.577000,20646.089000,7,1259,00efee7b857ee2a42a3e9b229d16099845462f14df5c618e4ed1841c22718ce0,true,7,true,22.396747,56.690240,120.967467
fixed-window,fixed-w16k-zstd-3,random-100000-00046,random-100000,MHC-GRCh38,MHC,3746831,3846831,100000,100,0,1,0,1,101119,101119,0,0,4269,0,1,1,101119,50625,216741,1.997412,0.466543,36.297000,427.059000,4534.492000,3984.110000,41234.596000,7,2470,d61ab2ea1e1e9487260bfbe5d2488c2cec6c526e5bb9bf6a52237f97f4e90c0b,true,7,true,23.196507,59.089520,128.965067
fixed-window,fixed-w16k-zstd-3,random-100000-00047,random-100000,MHC-GRCh38,MHC,1030366,1130366,100000,100,0,1,0,1,67155,67155,0,0,8365,0,2,2,67155,41915,151001,1.602171,0.444732,47.076000,293.635000,1773.296000,1571.314000,16504.718000,7,1060,21ce84bf8f5904f7cb4b2ae730a9f26a9eff03d4dc6c29533169a8be2f8b3f78,true,7,true,22.290800,56.372400,119.908000
fixed-window,fixed-w16k-zstd-3,random-100000-00048,random-100000,MHC-GRCh38,MHC,56321,156321,100000,100,0,1,0,1,59413,59413,0,0,4269,0,1,1,59413,39043,132098,1.521732,0.449765,32.439000,260.613000,1204.822000,981.870000,11437.754000,7,658,30f6997af384861b66cbde6b6df4bd27d969367a13ba29f59c35b701cc8eec5c,true,7,true,22.084347,55.753040,117.843467
fixed-window,fixed-w16k-zstd-3,random-100000-00049,random-100000,MHC-GRCh38,MHC,3965305,4065305,100000,100,0,1,0,1,591232,591232,0,0,4269,0,1,1,591232,181639,1237196,3.254984,0.477881,33.527000,2551.387000,43296.697000,52445.111000,427411.261000,7,23853,34c70f32e7b8ed5e39bf6e0e44bd8a8dc0f5d9bf00f9942637ed7e48dad193ae,true,7,true,36.266187,98.298560,259.661867
fixed-window,fixed-w16k-zstd-3,random-1000000-00000,random-1000000,MHC-GRCh38,MHC,3703931,4703931,1000000,100,0,1,0,1,1770071,1770071,0,0,8365,0,2,2,1770071,784207,4586858,2.257148,0.385901,126.809000,7795.194000,116861.718000,166039.888000,1167754.850000,62,75838,b26c97ec2a7fb940493f82b62b481b46beacdfa595721f11a193b58027f0b1f3,true,62,true,67.701893,192.605680,574.018933
fixed-window,fixed-w16k-zstd-3,random-1000000-00001,random-1000000,MHC-GRCh38,MHC,3632612,4632612,1000000,100,0,1,0,1,1762610,1762610,0,0,12461,0,3,3,1762610,779351,4562015,2.261638,0.386367,133.821000,7795.076000,116707.775000,163240.362000,1153025.961000,62,75315,94f7c7d0b1ae09ba541ca857766196b61c4ba1adfeeb19af925848792c4c09c5,true,62,true,67.502933,192.008800,572.029333
fixed-window,fixed-w16k-zstd-3,random-1000000-00002,random-1000000,MHC-GRCh38,MHC,3624947,4624947,1000000,100,0,1,0,1,1762610,1762610,0,0,12461,0,3,3,1762610,776788,4543230,2.269100,0.387964,145.181000,8087.574000,124809.507000,164403.706000,1215258.799000,62,74916,88e91d1e0de657bab4c0ad575227c287c44ac4e560df51fd43b24cbdc0f4622d,true,62,true,67.502933,192.008800,572.029333
fixed-window,fixed-w16k-zstd-3,random-1000000-00003,random-1000000,MHC-GRCh38,MHC,2794835,3794835,1000000,100,0,1,0,1,861468,861468,0,0,12461,0,3,3,861468,448045,2122776,1.922727,0.405821,188.537000,4350.497000,45174.095000,55656.806000,432303.492000,62,23835,2d0e9e1b290926dd5615ea6c3930186ed496aae62ddd5fb8a1ce9d8b8698d576,true,62,true,43.472480,119.917440,331.724800
fixed-window,fixed-w16k-zstd-3,random-1000000-00004,random-1000000,MHC-GRCh38,MHC,1751327,2751327,1000000,100,0,1,0,1,759540,759540,0,0,12461,0,3,3,759540,427961,1864043,1.774788,0.407469,134.062000,4287.070000,34517.635000,37423.279000,347085.482000,62,18290,74e1e08faee499d4beee11e8aa18c77387f176f5710e79c6cdbc25ae375c3c11,true,62,true,40.754400,111.763200,304.544000
fixed-window,fixed-w16k-zstd-3,random-1000000-00005,random-1000000,MHC-GRCh38,MHC,1372175,2372175,1000000,100,0,1,0,1,756979,756979,0,0,12461,0,3,3,756979,425166,1862689,1.780432,0.406390,111.184000,3403.944000,28939.338000,38854.489000,276608.030000,62,18330,784d02b051e807ea010e615f84e5e3f9ef6e30eb24cb3a6ad41a6804e3cf41c6,true,62,true,40.686107,111.558320,303.861067
fixed-window,fixed-w16k-zstd-3,random-1000000-00006,random-1000000,MHC-GRCh38,MHC,73751,1073751,1000000,100,0,1,0,1,584461,584461,0,0,12461,0,3,3,584461,363827,1435089,1.606426,0.407265,135.344000,2674.307000,14864.720000,18307.849000,139853.927000,62,9189,b4e354d200b565762bf84f63ea41b1938b6a2ac7f751537c990855dab2551c60,true,62,true,36.085627,97.756880,257.856267
fixed-window,fixed-w16k-zstd-3,random-1000000-00007,random-1000000,MHC-GRCh38,MHC,2455346,3455346,1000000,100,0,1,0,1,1053162,1053162,0,0,12461,0,3,3,1053162,531080,2651358,1.983057,0.397216,99.837000,4698.839000,55399.991000,74037.505000,558156.961000,62,35073,d6269473041251ffa945ecade12e7e6098972e7b005e7b8c77838027114e3105,true,62,true,48.584320,135.252960,382.843200
fixed-window,fixed-w16k-zstd-3,random-1000000-00008,random-1000000,MHC-GRCh38,MHC,2705443,3705443,1000000,100,0,1,0,1,919774,919774,0,0,12461,0,3,3,919774,475014,2324187,1.936309,0.395740,202.130000,4359.089000,48700.651000,60649.523000,481012.375000,62,28142,959909843bd2bb5593526798607900182177c1d8a13c1ff9a11d6f32f95701f4,true,62,true,45.027307,124.581920,347.273067
fixed-window,fixed-w16k-zstd-3,random-1000000-00009,random-1000000,MHC-GRCh38,MHC,2329813,3329813,1000000,100,0,1,0,1,1068935,1068935,0,0,12461,0,3,3,1068935,537311,2687000,1.989416,0.397817,153.212000,4794.645000,56839.850000,74938.199000,590159.994000,62,35815,1bc72119fedee3116c34581fd49548b8caa180caa8a79cf6493b4ab588a45a1d,true,62,true,49.004933,136.514800,387.049333
fixed-window,fixed-w16k-zstd-3,random-1000000-00010,random-1000000,MHC-GRCh38,MHC,92105,1092105,1000000,100,0,1,0,1,586251,586251,0,0,12461,0,3,3,586251,364596,1438886,1.607947,0.407434,130.170000,2659.950000,14993.412000,17970.292000,141197.999000,62,9265,293695f7b50203eed6fd200f3248f006594412ffa4a4198eb640a693d1a859d8,true,62,true,36.133360,97.900080,258.333600
fixed-window,fixed-w16k-zstd-3,random-1000000-00011,random-1000000,MHC-GRCh38,MHC,3823648,4823648,1000000,100,0,1,0,1,1725017,1725017,0,0,12461,0,3,3,1725017,767718,4470520,2.246941,0.385865,100.544000,7600.798000,115230.574000,159174.254000,1135887.169000,62,73374,03e9ae8b275d748f3873899c2d03ca6cc7e122a1f2c8f1a71d0688231efc58d6,true,62,true,66.500453,189.001360,562.004533
fixed-window,fixed-w16k-zstd-3,random-1000000-00012,random-1000000,MHC-GRCh38,MHC,3719850,4719850,1000000,100,0,1,0,1,1764731,1764731,0,0,12461,0,3,3,1764731,781907,4571236,2.256958,0.386051,182.193000,8077.268000,124256.792000,168040.606000,1208368.416000,62,75508,2af5677fccd3b9c77c7e0dd0e96c03a3bec8268fad952b7a7557e6360c6a276b,true,62,true,67.559493,192.178480,572.594933
fixed-window,fixed-w16k-zstd-3,random-1000000-00013,random-1000000,MHC-GRCh38,MHC,1094013,2094013,1000000,100,0,1,0,1,873304,873304,0,0,8365,0,2,2,873304,465788,2158062,1.874896,0.404670,203.448000,3895.211000,37441.952000,51150.919000,359149.024000,62,24597,9998571a1898cec27a1ea2862ab71ad127e694928f1c38567742ff8130ffe1c9,true,62,true,43.788107,120.864320,334.881067
fixed-window,fixed-w16k-zstd-3,random-1000000-00014,random-1000000,MHC-GRCh38,MHC,2807699,3807699,1000000,100,0,1,0,1,836558,836558,0,0,12461,0,3,3,836558,446070,2100657,1.875396,0.398236,139.799000,3741.427000,37613.101000,48733.043000,371555.420000,62,23356,af44e7822ac6eed39a846f1b3c88565af03d9c7035df6315503a0f8951ca3a72,true,62,true,42.808213,117.924640,325.082133
fixed-window,fixed-w16k-zstd-3,random-1000000-00015,random-1000000,MHC-GRCh38,MHC,711119,1711119,1000000,100,0,1,0,1,851475,851475,0,0,12461,0,3,3,851475,457930,2100277,1.859400,0.405411,150.107000,3994.815000,37358.047000,47922.719000,363329.328000,62,23414,1fe009721ae21f6afb0030a7a089a5f42317e9b9873ddb9a4f399497ef50bf90,true,62,true,43.206000,119.118000,329.060000
fixed-window,fixed-w16k-zstd-3,random-1000000-00016,random-1000000,MHC-GRCh38,MHC,2845528,3845528,1000000,100,0,1,0,1,775634,775634,0,0,12461,0,3,3,775634,416355,1877825,1.862915,0.413049,114.997000,3495.455000,31552.712000,42571.197000,316926.589000,62,18599,f88d5435fd08324c43d68a0f72617d49c2dce2cdc38f12ff5f1f029575d1e06a,true,62,true,41.183573,113.050720,308.835733
fixed-window,fixed-w16k-zstd-3,random-1000000-00017,random-1000000,MHC-GRCh38,MHC,1974230,2974230,1000000,100,0,1,0,1,1063795,1063795,0,0,12461,0,3,3,1063795,536168,2664099,1.984070,0.399308,178.365000,5372.909000,65650.340000,82730.259000,643963.420000,62,35346,551dfe47cca13ee46f12f6004dc9439aad217bc6bd40ab98b2dd613c9e08e372,true,62,true,48.867867,136.103600,385.678667
fixed-window,fixed-w16k-zstd-3,random-1000000-00018,random-1000000,MHC-GRCh38,MHC,1992390,2992390,1000000,100,0,1,0,1,1074132,1074132,0,0,12461,0,3,3,1074132,539202,2697879,1.992077,0.398139,111.716000,5708.962000,64423.495000,79562.396000,659701.366000,62,36067,7345147af20eeb118ea25cbb1e99e45209bb83f5ea3814e4ff0006e2d716250d,true,62,true,49.143520,136.930560,388.435200
fixed-window,fixed-w16k-zstd-3,random-1000000-00019,random-1000000,MHC-GRCh38,MHC,322227,1322227,1000000,100,0,1,0,1,650548,650548,0,0,12461,0,3,3,650548,385435,1585622,1.687828,0.410279,169.925000,3089.092000,21142.295000,26810.732000,206074.092000,62,12428,57d508930a07266b49df3a40bd2ff73f5371c678f0810c4488f03ad500f5ce50,true,62,true,37.847947,103.043840,275.479467
fixed-window,fixed-w16k-zstd-3,random-1000000-00020,random-1000000,MHC-GRCh38,MHC,3577478,4577478,1000000,100,0,1,0,1,1731376,1731376,0,0,12461,0,3,3,1731376,769349,4479972,2.250443,0.386470,154.662000,8280.620000,132826.294000,169566.813000,1246372.848000,62,73555,47c21c1045955378459ee00b07dea253bef3c7071321089824f7d266683f0ed0,true,62,true,66.670027,189.510080,563.700267
fixed-window,fixed-w16k-zstd-3,random-1000000-00021,random-1000000,MHC-GRCh38,MHC,3388932,4388932,1000000,100,0,1,0,1,1672797,1672797,0,0,12461,0,3,3,1672797,739808,4334580,2.261123,0.385919,191.760000,7839.412000,119660.923000,158991.819000,1146131.615000,62,70503,fd45bbee2dc1176a265c64597b653be367193c875e1256cbd04b7ab3034c233b,true,62,true,65.107920,184.823760,548.079200
fixed-window,fixed-w16k-zstd-3,random-1000000-00022,random-1000000,MHC-GRCh38,MHC,554951,1554951,1000000,100,0,1,0,1,834162,834162,0,0,8365,0,2,2,834162,447310,2061004,1.864841,0.404736,183.754000,3972.736000,36279.268000,48145.168000,351806.717000,62,22587,48f71d07f20c89e9dac40a0eb0db9bbacc66308c93f61f44af7edd434ca1398f,true,62,true,42.744320,117.732960,324.443200
fixed-window,fixed-w16k-zstd-3,random-1000000-00023,random-1000000,MHC-GRCh38,MHC,952249,1952249,1000000,100,0,1,0,1,878108,878108,0,0,12461,0,3,3,878108,467549,2155946,1.878109,0.407296,130.099000,3915.376000,38459.721000,51428.639000,370750.270000,62,24589,4a4440e1ace6f7142001a74483862b87d5bcf206c4a9e4a9a67c4d38531f5efb,true,62,true,43.916213,121.248640,336.162133
fixed-window,fixed-w16k-zstd-3,random-1000000-00024,random-1000000,MHC-GRCh38,MHC,1184608,2184608,1000000,100,0,1,0,1,859972,859972,0,0,12461,0,3,3,859972,459323,2122034,1.872260,0.405258,142.222000,3785.317000,37207.982000,48548.673000,359972.044000,62,23856,a4ae3a1878e1169345e4fbb02c936c6307c27623ad764f1f7f79d436e368859b,true,62,true,43.432587,119.797760,331.325867
fixed-window,fixed-w16k-zstd-3,random-1000000-00025,random-1000000,MHC-GRCh38,MHC,1338039,2338039,1000000,100,0,1,0,1,789207,789207,0,0,12461,0,3,3,789207,436059,1949188,1.809863,0.404890,127.705000,3492.813000,31962.669000,41087.196000,307326.117000,62,20179,470ada55d1277708ddb8ba03fa4dfec6538763d0b7737a7aa96b06a385ab3f80,true,62,true,41.545520,114.136560,312.455200
fixed-window,fixed-w16k-zstd-3,random-1000000-00026,random-1000000,MHC-GRCh38,MHC,2952014,3952014,1000000,100,0,1,0,1,689647,689647,0,0,12461,0,3,3,689647,394823,1717122,1.746724,0.401630,120.053000,3058.246000,24173.257000,29304.755000,234359.890000,62,15124,a0d98d2f718148bec626d5216204a068289a7e72929090781336570ecd0a65ba,true,62,true,38.890587,106.171760,285.905867
fixed-window,fixed-w16k-zstd-3,random-1000000-00027,random-1000000,MHC-GRCh38,MHC,1870809,2870809,1000000,100,0,1,0,1,973693,973693,0,0,12461,0,3,3,973693,500649,2421925,1.944862,0.402033,100.209000,4372.922000,49386.940000,64936.922000,495367.656000,62,30209,265baddd14d48b8ff58937a7fe7163ceb0494542f704af225b24d25dad2c0691,true,62,true,46.465147,128.895440,361.651467
fixed-window,fixed-w16k-zstd-3,random-1000000-00028,random-1000000,MHC-GRCh38,MHC,1203836,2203836,1000000,100,0,1,0,1,845817,845817,0,0,12461,0,3,3,845817,454759,2090232,1.859924,0.404652,128.498000,3890.540000,38107.569000,48092.858000,373621.403000,62,23176,7c2ea57903982b0e5e105a9a9c735b8f4b47b2e9901cb9a445a9bb85d4818e74,true,62,true,43.055120,118.665360,327.551200
fixed-window,fixed-w16k-zstd-3,random-1000000-00029,random-1000000,MHC-GRCh38,MHC,1429528,2429528,1000000,100,0,1,0,1,690145,690145,0,0,12461,0,3,3,690145,404749,1700972,1.705118,0.405736,126.505000,3196.460000,24728.790000,31845.875000,233207.739000,62,14858,a982fb629a5d4f42b3bbff00ef4b0a3429062d61a32d6e105d6264f893a7dc09,true,62,true,38.903867,106.211600,286.038667
fixed-window,fixed-w16k-zstd-3,random-1000000-00030,random-1000000,MHC-GRCh38,MHC,1281840,2281840,1000000,100,0,1,0,1,813169,813169,0,0,12461,0,3,3,813169,443759,2018115,1.832456,0.402935,151.257000,3775.811000,35310.621000,45009.040000,340377.624000,62,21654,74320e0fe62159d7e1a16715c15392baea70a2f4f0a254184f3e100043c83e80,true,62,true,42.184507,116.053520,318.845067
fixed-window,fixed-w16k-zstd-3,random-1000000-00031,random-1000000,MHC-GRCh38,MHC,8225,1008225,1000000,100,0,1,0,1,577924,577924,0,0,8365,0,2,2,577924,362389,1419253,1.594761,0.407203,160.374000,2848.527000,14870.516000,17871.195000,142037.291000,62,8846,30408d4bcab76ea00038368a9c8c26d5b6dd9cc70936d646b5bb25edb92c8711,true,62,true,35.911307,97.233920,256.113067
fixed-window,fixed-w16k-zstd-3,random-1000000-00032,random-1000000,MHC-GRCh38,MHC,2647156,3647156,1000000,100,0,1,0,1,958979,958979,0,0,8365,0,2,2,958979,490934,2423048,1.953377,0.395774,109.583000,4365.822000,50192.149000,65214.844000,498800.517000,62,30239,5eb8196c34f5e9c13d788b072827151a7ba899ba49671d2864afd58584587b15,true,62,true,46.072773,127.718320,357.727733
fixed-window,fixed-w16k-zstd-3,random-1000000-00033,random-1000000,MHC-GRCh38,MHC,1021875,2021875,1000000,100,0,1,0,1,880642,880642,0,0,12461,0,3,3,880642,468904,2173817,1.878086,0.405113,138.801000,3846.299000,37982.088000,51012.893000,367435.517000,62,24948,cc6e961683fad3f712de71c6327e632e16512716d90fa372baaf2a8c043e924d,true,62,true,43.983787,121.451360,336.837867
fixed-window,fixed-w16k-zstd-3,random-1000000-00034,random-1000000,MHC-GRCh38,MHC,1702048,2702048,1000000,100,0,1,0,1,719202,719202,0,0,12461,0,3,3,719202,413532,1776992,1.739169,0.404730,114.791000,3229.359000,25904.825000,32219.127000,248797.339000,62,16434,cc625ddf5cb171f269e82a7243d46ad4007d02cda62a99fea9e197a2a74df79d,true,62,true,39.678720,108.536160,293.787200
fixed-window,fixed-w16k-zstd-3,random-1000000-00035,random-1000000,MHC-GRCh38,MHC,3941206,4941206,1000000,100,0,1,0,1,1654430,1654430,0,0,12461,0,3,3,1654430,740295,4279211,2.234825,0.386620,116.019000,7410.748000,113005.493000,158451.666000,1110186.330000,62,69348,d9b75fc887f1bd97487d2ae6b97bfeb9161c60db749716cd48a5b6be90212551,true,62,true,64.618133,183.354400,543.181333
fixed-window,fixed-w16k-zstd-3,random-1000000-00036,random-1000000,MHC-GRCh38,MHC,3109002,4109002,1000000,100,0,1,0,1,1275215,1275215,0,0,12461,0,3,3,1275215,594475,3260786,2.145111,0.391076,311.998000,6079.913000,78454.085000,101090.881000,752791.777000,62,47647,a1139bc1b3cc0c9be8c29a3b5e5d434fc8f53a70f5e2430c82aed268c9bbbb1b,true,62,true,54.505733,153.017200,442.057333
fixed-window,fixed-w16k-zstd-3,random-1000000-00037,random-1000000,MHC-GRCh38,MHC,723032,1723032,1000000,100,0,1,0,1,854733,854733,0,0,12461,0,3,3,854733,458246,2103900,1.865227,0.406261,128.847000,3733.991000,35910.643000,48211.682000,342527.909000,62,23483,b65d7bd46ed8e38a08863bd42c3915c37b1802240e9d27376f81af61ecb56717,true,62,true,43.292880,119.378640,329.928800
fixed-window,fixed-w16k-zstd-3,random-1000000-00038,random-1000000,MHC-GRCh38,MHC,3366612,4366612,1000000,100,0,1,0,1,1672300,1672300,0,0,12461,0,3,3,1672300,737951,4324607,2.266140,0.386694,120.561000,7362.358000,110314.423000,160796.874000,1104683.744000,62,70287,f5d440d6ad7c2be86ae2bbc2176586965b72a222f7736504830d8232b0c8a08a,true,62,true,65.094667,184.784000,547.946667
fixed-window,fixed-w16k-zstd-3,random-1000000-00039,random-1000000,MHC-GRCh38,MHC,2014029,3014029,1000000,100,0,1,0,1,1077070,1077070,0,0,12461,0,3,3,1077070,542012,2711969,1.987170,0.397154,192.183000,4853.446000,55953.216000,75429.319000,559733.316000,62,36367,e0b7422bdce755136ed16c213df63bf8aeee75a73b077978ac4fd21116f1c384,true,62,true,49.221867,137.165600,389.218667
fixed-window,fixed-w16k-zstd-3,random-1000000-00040,random-1000000,MHC-GRCh38,MHC,2480500,3480500,1000000,100,0,1,0,1,1048414,1048414,0,0,12461,0,3,3,1048414,528679,2631700,1.983082,0.398379,118.970000,4761.060000,55378.504000,72921.733000,550474.015000,62,34657,101e004141f9320463ea0bdcf1f4a847b36c3a4ad8df506c8ef404a7afd734d8,true,62,true,48.457707,134.873120,381.577067
fixed-window,fixed-w16k-zstd-3,random-1000000-00041,random-1000000,MHC-GRCh38,MHC,1705935,2705935,1000000,100,0,1,0,1,731923,731923,0,0,12461,0,3,3,731923,414435,1782615,1.766074,0.410589,146.588000,3624.802000,28275.980000,34690.212000,277303.079000,62,16535,bb07e8949b83f9c2fd5e6b6f69aa706ed297830d1fb5b09de7d3c599c7424f5c,true,62,true,40.017947,109.553840,297.179467
fixed-window,fixed-w16k-zstd-3,random-1000000-00042,random-1000000,MHC-GRCh38,MHC,3191759,4191759,1000000,100,0,1,0,1,1557059,1557059,0,0,8365,0,2,2,1557059,691133,4015780,2.252908,0.387735,116.350000,6870.216000,99378.521000,138789.233000,982386.784000,62,63684,d682a19a254b6fb86a20dab23a7ae3aa673c51f6eeaa9a5a09120d312e127c45,true,62,true,62.021573,175.564720,517.215733
fixed-window,fixed-w16k-zstd-3,random-1000000-00043,random-1000000,MHC-GRCh38,MHC,3565676,4565676,1000000,100,0,1,0,1,1716785,1716785,0,0,12461,0,3,3,1716785,764994,4445883,2.244181,0.386152,172.997000,7497.461000,112430.188000,157929.503000,1107841.948000,62,72826,3cbf420d44080cc3112e3437cae5b3aeef9aab63f41c91a565a2514da9d0bc2d,true,62,true,66.280933,188.342800,559.809333
fixed-window,fixed-w16k-zstd-3,random-1000000-00044,random-1000000,MHC-GRCh38,MHC,1816865,2816865,1000000,100,0,1,0,1,854386,854386,0,0,12461,0,3,3,854386,463536,2129298,1.843192,0.401252,135.245000,4037.040000,38167.849000,51138.405000,386058.122000,62,23931,1fa19d458d5147285c6865dbabed0f6de9a1785d5f01a9ab8795da621c6ffa7e,true,62,true,43.283627,119.350880,329.836267
fixed-window,fixed-w16k-zstd-3,random-1000000-00045,random-1000000,MHC-GRCh38,MHC,3842818,4842818,1000000,100,0,1,0,1,1717642,1717642,0,0,12461,0,3,3,1717642,765333,4452461,2.244307,0.385774,121.398000,7539.719000,118262.462000,156743.725000,1134122.395000,62,72970,950cab52da1779ae974072802c0839806719cdb6609614eca9f769bfbdcd3b60,true,62,true,66.303787,188.411360,560.037867
fixed-window,fixed-w16k-zstd-3,random-1000000-00046,random-1000000,MHC-GRCh38,MHC,3283569,4283569,1000000,100,0,1,0,1,1646512,1646512,0,0,12461,0,3,3,1646512,727203,4266746,2.264171,0.385894,166.325000,7380.782000,106976.391000,157891.455000,1080387.924000,62,69043,03e119d6acb173780e9f8b0afd6d6df26c11148dcc49f3c21d7003c28709c507,true,62,true,64.406987,182.720960,541.069867
fixed-window,fixed-w16k-zstd-3,random-1000000-00047,random-1000000,MHC-GRCh38,MHC,50408,1050408,1000000,100,0,1,0,1,583105,583105,0,0,12461,0,3,3,583105,363132,1427900,1.605766,0.408365,136.000000,2699.522000,15283.777000,16937.436000,140905.322000,62,9021,295a00d2fa7963302f87ca50c102aadbd8a70a31b6ab42184526ae9c7ab6d617,true,62,true,36.049467,97.648400,257.494667
fixed-window,fixed-w16k-zstd-3,random-1000000-00048,random-1000000,MHC-GRCh38,MHC,437446,1437446,1000000,100,0,1,0,1,787210,787210,0,0,12461,0,3,3,787210,429513,1927434,1.832797,0.408424,117.833000,3466.975000,31061.324000,41651.499000,296104.061000,62,19755,5e1a8f5b5cc81b4401749fa955735a077a400f064b4fbe4f32c3a289d868657a,true,62,true,41.492267,113.976800,311.922667
fixed-window,fixed-w16k-zstd-3,random-1000000-00049,random-1000000,MHC-GRCh38,MHC,137312,1137312,1000000,100,0,1,0,1,588813,588813,0,0,12461,0,3,3,588813,365421,1445026,1.611328,0.407476,100.447000,2585.133000,15498.139000,18182.586000,145619.287000,62,9393,4f8904e413da28cbdb847c7e5b34d19f5679e12b5d22eca0b80bd17b1a48d09f,true,62,true,36.201680,98.105040,259.016800
fixed-window,fixed-w16k-zstd-3,random-1000-00000,random-1000,MHC-GRCh38,MHC,2654244,2655244,1000,100,4096,3,0,3,37566,37566,0,16384,4269,4096,1,0,17086,902,2731,41.647450,13.755401,8.305000,71.135000,837.404000,268.769000,7673.117000,1,20,9e6a7e61454f808e71928eb50122ac51264140a3a46e543aacd032ce0325eff6,true,1,true,62.501760,156.005280,316.017600
fixed-window,fixed-w16k-zstd-3,random-1000-00001,random-1000,MHC-GRCh38,MHC,4897918,4898918,1000,100,4096,2,0,2,19329,19329,0,0,4269,4096,1,0,15233,1029,2915,18.784257,6.630875,35.750000,73.573000,223.485000,87.629000,2006.600000,2,5,497aab4941ed7432ed072eaf08976ff3f4d82435c6a9015ff9486bca77b954a4,true,2,true,41.515440,103.546320,209.154400
fixed-window,fixed-w16k-zstd-3,random-1000-00002,random-1000,MHC-GRCh38,MHC,1758423,1759423,1000,100,4096,2,0,2,9845,9845,0,0,4269,269,1,0,9576,637,1847,15.455259,5.330265,13.954000,40.628000,242.164000,84.298000,2181.129000,1,10,327e35d7f0654c035cbcaa43da5b9ed09c32120481462e7264ee394269ab1547,true,1,true,41.262533,102.787600,206.625333
fixed-window,fixed-w16k-zstd-3,random-1000-00003,random-1000,MHC-GRCh38,MHC,3202374,3203374,1000,100,4096,2,0,2,12203,12203,0,0,4269,4096,1,0,8107,921,2656,13.249729,4.594503,16.519000,41.105000,176.294000,54.427000,1937.082000,1,5,1128b520ef62fa03c97fd28004a4d38be7744f8a143c72fc91256a04a90cce39,true,1,true,41.325413,102.976240,207.254133
fixed-window,fixed-w16k-zstd-3,random-1000-00004,random-1000,MHC-GRCh38,MHC,1529093,1530093,1000,100,4096,1,0,1,11848,11848,0,0,4269,0,1,0,11848,675,1884,17.552593,6.288747,8.890000,51.697000,466.936000,142.484000,4098.695000,1,7,34fc65eed42004cb8ea69be32e673e03aa31969502eb93d63dc299a011286a0c,true,1,true,20.815947,51.947840,105.159467
fixed-window,fixed-w16k-zstd-3,random-1000-00005,random-1000,MHC-GRCh38,MHC,999079,1000079,1000,100,4096,1,0,1,18219,18219,0,0,4269,0,1,0,18219,813,2483,22.409594,7.337495,14.891000,94.659000,464.815000,146.419000,4069.753000,2,19,060fd8696c789e1f3091c610af3213cb02caf610c1344e81b814e59d08e28ff1,true,2,true,20.985840,52.457520,106.858400
fixed-window,fixed-w16k-zstd-3,random-1000-00006,random-1000,MHC-GRCh38,MHC,4410732,4411732,1000,100,4096,2,0,2,12508,12508,0,0,4269,4096,1,0,8412,633,1820,19.759874,6.872527,22.112000,37.661000,182.288000,62.393000,2079.928000,1,7,3d525188226a2b4b93a86cd996e399423bdf6c1fd28a1be1746ab93287767321,true,1,true,41.333547,103.000640,207.335467
fixed-window,fixed-w16k-zstd-3,random-1000-00007,random-1000,MHC-GRCh38,MHC,2388877,2389877,1000,100,4096,2,0,2,13318,13318,0,0,4269,4096,1,0,9222,719,2057,18.522949,6.474477,18.369000,52.932000,258.030000,67.556000,2040.195000,1,7,4120304f0fd3201fe597ea047e702194ca80cec4119d40e02bf87bdc869b9ed6,true,1,true,41.355147,103.065440,207.551467
fixed-window,fixed-w16k-zstd-3,random-1000-00008,random-1000,MHC-GRCh38,MHC,844767,845767,1000,100,4096,1,0,1,8104,8104,0,0,4269,0,1,1,8104,680,1955,11.917647,4.145269,6.792000,35.793000,132.203000,74.128000,1151.877000,1,10,2f4cccf6900e96c63c33d73e1d1dc9352113232b55055f63b7d58742e9c3f133,true,1,true,20.716107,51.648320,104.161067
fixed-window,fixed-w16k-zstd-3,random-1000-00009,random-1000,MHC-GRCh38,MHC,3227097,3228097,1000,100,4096,1,0,1,16082,16082,0,0,4269,0,1,1,16082,652,1812,24.665644,8.875276,7.722000,79.711000,286.961000,86.407000,2637.704000,2,4,1e4a019e1726e8ba65e852d04625ac9dc15994657eedbff25580493c66713e8f,true,2,true,20.928853,52.286560,106.288533
fixed-window,fixed-w16k-zstd-3,random-1000-00010,random-1000,MHC-GRCh38,MHC,2263341,2264341,1000,100,4096,1,0,1,12318,12318,0,0,4269,0,1,1,12318,756,2259,16.293651,5.452855,8.441000,51.674000,455.276000,168.147000,4268.721000,1,14,42081a21e00ed8b30f3963590fb9f6fa845048ae8d09140e66d6a1ea388a893e,true,1,true,20.828480,51.985440,105.284800
fixed-window,fixed-w16k-zstd-3,random-1000-00011,random-1000,MHC-GRCh38,MHC,2372803,2373803,1000,100,4096,1,0,1,9334,9334,0,0,4269,0,1,1,9334,969,2988,9.632611,3.123829,16.735000,53.411000,240.376000,80.969000,2181.454000,1,15,f6124a9d542a83f41cb0ca4cf2157c76d8ee4a805e2df448d7f9583cf0ace903,true,1,true,20.748907,51.746720,104.489067
fixed-window,fixed-w16k-zstd-3,random-1000-00012,random-1000,MHC-GRCh38,MHC,3184950,3185950,1000,100,4096,1,0,1,8238,8238,0,0,4269,0,1,1,8238,713,2159,11.553997,3.815655,8.852000,37.818000,156.506000,48.865000,1406.973000,1,7,ae2c19e612e81a1a34a7b2d8e17a0fdfa8fd1b3a559d43fdc510eb262f125e39,true,1,true,20.719680,51.659040,104.196800
fixed-window,fixed-w16k-zstd-3,random-1000-00013,random-1000,MHC-GRCh38,MHC,2471785,2472785,1000,100,4096,1,0,1,11692,11692,0,0,4269,0,1,1,11692,821,2423,14.241169,4.825423,5.239000,48.226000,431.841000,145.874000,3640.609000,1,16,78359ae698fdb0f3f0217a4c946017c335c5690a0595edb49e77167232e722b7,true,1,true,20.811787,51.935360,105.117867
fixed-window,fixed-w16k-zstd-3,random-1000-00014,random-1000,MHC-GRCh38,MHC,333531,334531,1000,100,4096,1,0,1,7952,7952,0,0,4269,0,1,0,7952,943,2762,8.432662,2.879073,11.082000,35.617000,150.461000,60.726000,1255.574000,1,5,0363ab622e676d6a8bebb0247e376934c6da8bf3fb4ab519c09d27a8e9869c44,true,1,true,20.712053,51.636160,104.120533
fixed-window,fixed-w16k-zstd-3,random-1000-00015,random-1000,MHC-GRCh38,MHC,1587266,1588266,1000,100,4096,1,0,1,14476,14476,0,0,4269,0,1,1,14476,879,2784,16.468714,5.199713,6.949000,76.637000,836.134000,215.134000,5674.873000,1,25,a074279b4584b1a09e38170fd91ae5214a908a8452b206c2dfdf7244446b39a2,true,1,true,20.886027,52.158080,105.860267
fixed-window,fixed-w16k-zstd-3,random-1000-00016,random-1000,MHC-GRCh38,MHC,4179654,4180654,1000,100,4096,2,0,2,44302,44302,0,0,4269,4096,1,0,40206,1512,6962,29.300265,6.363401,22.012000,181.810000,2910.526000,1118.542000,26410.338000,1,118,13cedfee0c486b99f64e1ea06492b81ad7d0bea4a804ce6481c9adfec9b1e7bb,true,1,true,42.181387,105.544160,215.813867
fixed-window,fixed-w16k-zstd-3,random-1000-00017,random-1000,MHC-GRCh38,MHC,703981,704981,1000,100,4096,1,0,1,16440,16440,0,0,4269,0,1,1,16440,861,2467,19.094077,6.663964,54.024000,77.480000,308.437000,127.246000,2728.929000,2,13,ff7bbf634c71c6f1dd35a8040bef4c4f021bf3d07d17436282ce68d43a7db554,true,2,true,20.938400,52.315200,106.384000
fixed-window,fixed-w16k-zstd-3,random-1000-00018,random-1000,MHC-GRCh38,MHC,3890814,3891814,1000,100,4096,1,0,1,24538,24538,0,0,4269,0,1,1,24538,1896,9803,12.941983,2.503111,9.091000,109.459000,1793.177000,739.957000,15484.671000,1,179,711e6c17be3b6bd0f4d3649373e43b88471c92aeea294c33d690ed4ec2db8328,true,1,true,21.154347,52.963040,108.543467
fixed-window,fixed-w16k-zstd-3,random-1000-00019,random-1000,MHC-GRCh38,MHC,973637,974637,1000,100,4096,1,0,1,7018,7018,0,0,4269,0,1,1,7018,1104,3198,6.356884,2.194497,20.909000,40.067000,86.471000,43.765000,820.025000,1,8,c729361adead1455d9c7e7f8df38e26b3f81c2e2c16d71543aa3dab946deef4c,true,1,true,20.687147,51.561440,103.871467
fixed-window,fixed-w16k-zstd-3,random-1000-00020,random-1000,MHC-GRCh38,MHC,1049451,1050451,1000,100,4096,1,0,1,10615,10615,0,0,4269,0,1,1,10615,892,2542,11.900224,4.175846,4.925000,44.049000,293.623000,95.199000,2514.596000,1,5,978106361b9ce1848ba41b6852d66c128be9639f490c001a2df3714fce3ec657,true,1,true,20.783067,51.849200,104.830667
fixed-window,fixed-w16k-zstd-3,random-1000-00021,random-1000,MHC-GRCh38,MHC,2164019,2165019,1000,100,4096,1,0,1,9579,9579,0,0,4269,0,1,1,9579,1011,3651,9.474777,2.623665,7.125000,45.364000,276.840000,121.958000,2488.754000,1,48,9d5820195af9df31011983a492f80f8052801fe20211e0742fe90b2c66ff5ac6,true,1,true,20.755440,51.766320,104.554400
fixed-window,fixed-w16k-zstd-3,random-1000-00022,random-1000,MHC-GRCh38,MHC,394097,395097,1000,100,4096,1,0,1,9088,9088,0,0,4269,0,1,1,9088,1014,2948,8.962525,3.082768,6.489000,40.560000,203.719000,69.538000,1793.525000,1,14,b230b53d8764c7051d4fa7d2eba4a8c8aa170718a9374ddfe08ba15cd0af9850,true,1,true,20.742347,51.727040,104.423467
fixed-window,fixed-w16k-zstd-3,random-1000-00023,random-1000,MHC-GRCh38,MHC,453671,454671,1000,100,4096,1,0,1,9269,9269,0,0,4269,0,1,1,9269,777,2302,11.929215,4.026499,6.197000,39.338000,221.011000,72.925000,1902.441000,1,10,954fad997258c1d7bcb313252e890385367c01dfeda2c65bddb69060fdf33d30,true,1,true,20.747173,51.741520,104.471733
fixed-window,fixed-w16k-zstd-3,random-1000-00024,random-1000,MHC-GRCh38,MHC,3072536,3073536,1000,100,4096,1,0,1,8015,8015,0,0,4269,0,1,1,8015,1213,3672,6.607585,2.182734,6.363000,35.506000,122.982000,76.238000,1257.867000,1,12,e7be4c820bdefafd6078c3fe9bd23ef2eb0272186b6010a2f49036aeeee737c6,true,1,true,20.713733,51.641200,104.137333
fixed-window,fixed-w16k-zstd-3,random-1000-00025,random-1000,MHC-GRCh38,MHC,188333,189333,1000,100,4096,1,0,1,10464,10464,0,0,4269,0,1,1,10464,697,2100,15.012912,4.982857,4.477000,44.156000,285.790000,101.276000,2501.459000,1,11,6e02a0d61b3cc382fad437c58cd512111cc499bd269c8617735f70aa2439bc25,true,1,true,20.779040,51.837120,104.790400
fixed-window,fixed-w16k-zstd-3,random-1000-00026,random-1000,MHC-GRCh38,MHC,4480350,4481350,1000,100,4096,1,0,1,12339,12339,0,0,4269,0,1,1,12339,942,3228,13.098726,3.822491,3.882000,49.371000,428.740000,164.791000,3726.294000,1,33,2b8e0f970f8bd3adf5d439d7280c9d24ab569968031755caab8c3a21eacb006f,true,1,true,20.829040,51.987120,105.290400
fixed-window,fixed-w16k-zstd-3,random-1000-00027,random-1000,MHC-GRCh38,MHC,4331745,4332745,1000,100,4096,1,0,1,10751,10751,0,0,4269,0,1,1,10751,948,2740,11.340717,3.923723,9.058000,44.683000,343.986000,108.515000,2979.672000,1,10,f514fbc7ba6c3342342ea4df3bbb1339eb943d4856f213bc19cb31d4eb6460a0,true,1,true,20.786693,51.860080,104.866933
fixed-window,fixed-w16k-zstd-3,random-1000-00028,random-1000,MHC-GRCh38,MHC,3668197,3669197,1000,100,4096,1,0,1,7773,7773,0,0,4269,0,1,1,7773,890,2534,8.733708,3.067482,8.889000,35.049000,118.947000,74.131000,1122.326000,1,9,ec29ce27666900defd994b68938ec10785bd03e3477e24bd8c7e7999d204070a,true,1,true,20.707280,51.621840,104.072800
fixed-window,fixed-w16k-zstd-3,random-1000-00029,random-1000,MHC-GRCh38,MHC,3371627,3372627,1000,100,4096,1,0,1,9129,9129,0,0,4269,0,1,1,9129,843,2389,10.829181,3.821264,6.208000,40.093000,226.179000,70.264000,2017.326000,1,6,7310efd5ef673ce85a0292981e2aa2f9d728e575782158a6cce1fcc1e7d00d83,true,1,true,20.743440,51.730320,104.434400
fixed-window,fixed-w16k-zstd-3,random-1000-00030,random-1000,MHC-GRCh38,MHC,863595,864595,1000,100,4096,1,0,1,10299,10299,0,0,4269,0,1,1,10299,695,2124,14.818705,4.848870,5.829000,43.736000,317.143000,105.111000,2584.902000,1,16,e1f0e5b5e0738444990a30b50309fc1f8440118cba33fc79375d8f10db349cff,true,1,true,20.774640,51.823920,104.746400
fixed-window,fixed-w16k-zstd-3,random-1000-00031,random-1000,MHC-GRCh38,MHC,459612,460612,1000,100,4096,1,0,1,9600,9600,0,0,4269,0,1,1,9600,970,2762,9.896907,3.475742,6.865000,40.533000,246.026000,78.738000,2120.414000,1,7,473cdbefaaa0497769ca690fad91a750f13d9e251276ee588f4389875971d500,true,1,true,20.756000,51.768000,104.560000
fixed-window,fixed-w16k-zstd-3,random-1000-00032,random-1000,MHC-GRCh38,MHC,2813163,2814163,1000,100,4096,1,0,1,33881,33881,0,0,4269,0,1,1,33881,1803,9055,18.791459,3.741690,6.038000,159.981000,2583.463000,966.125000,22303.851000,1,165,28d30e5c08882e22fbf3e8e04ec858f8ad05b9f195bda0bf6462abfe5b17bec9,true,1,true,21.403493,53.710480,111.034933
fixed-window,fixed-w16k-zstd-3,random-1000-00033,random-1000,MHC-GRCh38,MHC,2627316,2628316,1000,100,4096,1,0,1,16674,16674,0,0,4269,0,1,1,16674,869,2985,19.187572,5.585930,20.495000,72.851000,868.769000,269.583000,6962.031000,1,33,ac7f52a4da7f47105beb7ff3648385f4d83acfac7446ff83443c83f771ca7a42,true,1,true,20.944640,52.333920,106.446400
fixed-window,fixed-w16k-zstd-3,random-1000-00034,random-1000,MHC-GRCh38,MHC,3196323,3197323,1000,100,4096,1,0,1,8107,8107,0,0,4269,0,1,1,8107,774,2184,10.474160,3.711996,12.790000,38.463000,170.956000,53.110000,1611.221000,1,8,ca3fdd278dbe51cf3b7c498d5f6d5ed86a6825abe46333c0f64e8720ee5a2b97,true,1,true,20.716187,51.648560,104.161867
fixed-window,fixed-w16k-zstd-3,random-1000-00035,random-1000,MHC-GRCh38,MHC,880264,881264,1000,100,4096,1,0,1,11018,11018,0,0,4269,0,1,1,11018,690,1994,15.968116,5.525577,6.398000,46.465000,389.837000,123.256000,3327.061000,1,10,02a5e630a7ecae5a6fdac57f142972a9954af6c6cbba219d351f861c5f964fe9,true,1,true,20.793813,51.881440,104.938133
fixed-window,fixed-w16k-zstd-3,random-1000-00036,random-1000,MHC-GRCh38,MHC,3737062,3738062,1000,100,4096,1,0,1,16503,16503,0,0,4269,0,1,1,16503,985,3381,16.754315,4.881100,7.760000,65.740000,811.763000,284.223000,7010.579000,1,37,469a228e6d9bff5fbb0328ce8fb57e3b07b77d96f43a7cbc983aec8a6198818e,true,1,true,20.940080,52.320240,106.400800
fixed-window,fixed-w16k-zstd-3,random-1000-00037,random-1000,MHC-GRCh38,MHC,4383459,4384459,1000,100,4096,1,0,1,9626,9626,0,0,4269,0,1,1,9626,1106,3238,8.703436,2.972823,14.814000,42.424000,252.652000,87.719000,2256.600000,1,19,411253371be4566e476b48cc4b7f28ad447dc4cf288a707c2fa95cb4566dc793,true,1,true,20.756693,51.770080,104.566933
fixed-window,fixed-w16k-zstd-3,random-1000-00038,random-1000,MHC-GRCh38,MHC,4684396,4685396,1000,100,4096,1,0,1,8541,8541,0,0,4269,0,1,1,8541,758,2164,11.267810,3.946858,5.758000,41.083000,164.181000,48.596000,1311.660000,1,6,6e8b7d54a874ed28ed66197219d6eb5f31548f3a6239be8f1e45768446caf0e4,true,1,true,20.727760,51.683280,104.277600
fixed-window,fixed-w16k-zstd-3,random-1000-00039,random-1000,MHC-GRCh38,MHC,1840922,1841922,1000,100,4096,1,0,1,9065,9065,0,0,4269,0,1,1,9065,1071,3077,8.464052,2.946051,4.924000,38.259000,173.803000,53.976000,1465.773000,1,7,9dd2befaee651158ff162690c5b1f3246ca3145d6579891ed8094240565d730b,true,1,true,20.741733,51.725200,104.417333
fixed-window,fixed-w16k-zstd-3,random-1000-00040,random-1000,MHC-GRCh38,MHC,1176039,1177039,1000,100,4096,1,0,1,15570,15570,0,0,4269,0,1,1,15570,963,3363,16.168224,4.629795,4.023000,62.583000,683.532000,288.840000,6170.031000,1,42,f8b33b78bcf1c5279facdfe4e00f7c52aaa67d61781937fbf9b04c73fa2103d1,true,1,true,20.915200,52.245600,106.152000
fixed-window,fixed-w16k-zstd-3,random-1000-00041,random-1000,MHC-GRCh38,MHC,1205328,1206328,1000,100,4096,1,0,1,15268,15268,0,0,4269,0,1,1,15268,842,2644,18.133017,5.774584,12.907000,65.952000,746.838000,241.908000,6159.895000,1,22,52591b2a1e8cf8b8b05a327b9689905427511925fc794eb44ae21f5ac7146d52,true,1,true,20.907147,52.221440,106.071467
fixed-window,fixed-w16k-zstd-3,random-1000-00042,random-1000,MHC-GRCh38,MHC,3306190,3307190,1000,100,4096,1,0,1,8277,8277,0,0,4269,0,1,1,8277,610,1679,13.568852,4.929720,14.102000,39.539000,144.495000,40.326000,1405.311000,1,2,9310d89efc905274a30cf9b1fef4ae49b6ee90246689480d75b025ca803c2c00,true,1,true,20.720720,51.662160,104.207200
fixed-window,fixed-w16k-zstd-3,random-1000-00043,random-1000,MHC-GRCh38,MHC,2602103,2603103,1000,100,4096,1,0,1,23222,23222,0,0,4269,0,1,1,23222,1091,3976,21.285060,5.840543,6.117000,91.486000,1368.966000,526.936000,12046.332000,1,55,1d83a330ebb3476db118775d7a814be1ea79b3cba075d8b2ed08963f0df68835,true,1,true,21.119253,52.857760,108.192533
fixed-window,fixed-w16k-zstd-3,random-1000-00044,random-1000,MHC-GRCh38,MHC,2395815,2396815,1000,100,4096,1,0,1,11115,11115,0,0,4269,0,1,1,11115,883,2887,12.587769,3.850017,5.908000,68.256000,471.757000,138.928000,3605.611000,1,26,658b4267df3775de1f06317a4702ed96280eed3eb902dc2c005e1a0a47a1225f,true,1,true,20.796400,51.889200,104.964000
fixed-window,fixed-w16k-zstd-3,random-1000-00045,random-1000,MHC-GRCh38,MHC,770666,771666,1000,100,4096,1,0,1,8861,8861,0,0,4269,0,1,1,8861,685,1901,12.935766,4.661231,9.660000,38.287000,202.933000,60.780000,1652.830000,1,5,203ec49a4b66b8e8bea76d9be38083e6c5efec993a3cc041356d317a48054a79,true,1,true,20.736293,51.708880,104.362933
fixed-window,fixed-w16k-zstd-3,random-1000-00046,random-1000,MHC-GRCh38,MHC,4731030,4732030,1000,100,4096,1,0,1,9573,9573,0,0,4269,0,1,1,9573,733,2267,13.060027,4.222761,1.265000,41.781000,254.282000,84.234000,2292.966000,1,10,5046675d6dc78ae7bbce313040be64f4aa3761c37dd9222c395b73c654bc9580,true,1,true,20.755280,51.765840,104.552800
fixed-window,fixed-w16k-zstd-3,random-1000-00047,random-1000,MHC-GRCh38,MHC,4696809,4697809,1000,100,4096,1,0,1,8736,8736,0,0,4269,0,1,1,8736,786,2267,11.114504,3.853551,5.818000,37.682000,172.639000,53.543000,1441.565000,1,7,c91fc7c569b4313f9104f9105e591d65193a99e68391881d82bd269e4abeafca,true,1,true,20.732960,51.698880,104.329600
fixed-window,fixed-w16k-zstd-3,random-1000-00048,random-1000,MHC-GRCh38,MHC,1378757,1379757,1000,100,4096,1,0,1,26478,26478,0,0,4269,0,1,1,26478,1125,4488,23.536000,5.899733,3.770000,107.446000,1532.072000,563.319000,12508.252000,1,66,9454b7b7fa9f4cefd2fcb6c2172f0037afe29d479b93847eaa4448b3f435dea2,true,1,true,21.206080,53.118240,109.060800
fixed-window,fixed-w16k-zstd-3,random-1000-00049,random-1000,MHC-GRCh38,MHC,485156,486156,1000,100,4096,1,0,1,8657,8657,0,0,4269,0,1,1,8657,900,2631,9.618889,3.290384,19.372000,42.875000,188.205000,56.666000,1573.297000,1,7,e9d3f144fb710b4af80a14787e3f7e19fd6f236c29a5bfcdf641e083ee21fec6,true,1,true,20.730853,51.692560,104.308533
fixed-window,fixed-w16k-zstd-3,random-10000-00000,random-10000,MHC-GRCh38,MHC,3144166,3154166,10000,100,4096,1,0,1,18071,18071,0,0,8365,0,2,2,18071,4743,15597,3.810036,1.158620,7.433000,77.451000,396.392000,201.682000,3608.409000,2,89,39b98f81c1d5508812cb847e9eb58f1e9fe6aa4825df05dcd59e9d777af57f93,true,2,true,20.981893,52.445680,106.818933
fixed-window,fixed-w16k-zstd-3,random-10000-00001,random-10000,MHC-GRCh38,MHC,1999633,2009633,10000,100,4096,1,0,1,8734,8734,0,0,4269,0,1,1,8734,4568,16007,1.911996,0.545636,19.136000,47.878000,230.762000,148.257000,2075.366000,1,97,cc684d8ba2d026ad7701177669cf186b67cd4fc92e0621bd93e4eb97431ab246,true,1,true,20.732907,51.698720,104.329067
fixed-window,fixed-w16k-zstd-3,random-10000-00002,random-10000,MHC-GRCh38,MHC,3794961,3804961,10000,100,4096,1,0,1,27903,27903,0,0,4269,0,1,1,27903,6020,22077,4.635050,1.263895,16.590000,149.221000,1345.018000,624.069000,11458.616000,2,248,190f92872e9974690d868a0e84431a5f616fe7a7f37bf2536c87916dad846075,true,2,true,21.244080,53.232240,109.440800
fixed-window,fixed-w16k-zstd-3,random-10000-00003,random-10000,MHC-GRCh38,MHC,2063456,2073456,10000,100,4096,1,0,1,15230,15230,0,0,4269,0,1,1,15230,4225,13449,3.604734,1.132426,24.724000,77.688000,241.856000,150.439000,2342.661000,2,47,10e1e139258090034fa50195ad815299965b8ff66179d168fd5246669fdd25a6,true,2,true,20.906133,52.218400,106.061333
fixed-window,fixed-w16k-zstd-3,random-10000-00004,random-10000,MHC-GRCh38,MHC,3422261,3432261,10000,100,4096,1,0,1,13825,13825,0,0,4269,0,1,1,13825,3868,12642,3.574199,1.093577,11.524000,66.843000,151.262000,85.027000,1498.331000,2,35,7377bc77555ecbeffa3faaf81f94463b392365fa6d525c02279e0ec018cc29f2,true,2,true,20.868667,52.106000,105.686667
fixed-window,fixed-w16k-zstd-3,random-10000-00005,random-10000,MHC-GRCh38,MHC,375092,385092,10000,100,4096,1,0,1,21045,21045,0,0,4269,0,1,1,21045,4569,15464,4.606041,1.360903,9.294000,91.470000,612.295000,263.386000,5331.383000,2,100,b0febf5cd626e88eacb32283496b4278437c877b9c12f4197b83f726eecd16b2,true,2,true,21.061200,52.683600,107.612000
fixed-window,fixed-w16k-zstd-3,random-10000-00006,random-10000,MHC-GRCh38,MHC,4078995,4088995,10000,100,4096,1,0,1,199777,199777,0,0,4269,0,1,1,199777,18104,109606,11.034965,1.822683,12.124000,877.840000,16669.136000,8162.936000,142782.064000,2,2121,33fae7e58ae56ce68aba4d675a33f811e5b55af9cecc59652cace3da4c7da02a,true,2,true,25.827387,66.982160,155.273867
fixed-window,fixed-w16k-zstd-3,random-10000-00007,random-10000,MHC-GRCh38,MHC,2692223,2702223,10000,100,4096,1,0,1,25907,25907,0,0,4269,0,1,1,25907,8684,40225,2.983303,0.644052,17.535000,104.704000,1544.539000,1175.864000,15377.231000,1,634,2184e6f23cd49b12f8e58d537c41ab70d502945455ed9e2edbc5fb453b400429,true,1,true,21.190853,53.072560,108.908533
fixed-window,fixed-w16k-zstd-3,random-10000-00008,random-10000,MHC-GRCh38,MHC,1602057,1612057,10000,100,4096,1,0,1,22122,22122,0,0,4269,0,1,1,22122,4963,17746,4.457385,1.246591,65.053000,100.926000,762.425000,423.157000,6575.248000,2,141,8c8382ba14db8ccb2eca890c77d2bc76bed4f97d10c79ad8ef2e17e71fa89ad2,true,2,true,21.089920,52.769760,107.899200
fixed-window,fixed-w16k-zstd-3,random-10000-00009,random-10000,MHC-GRCh38,MHC,802401,812401,10000,100,4096,1,0,1,18378,18378,0,0,4269,0,1,1,18378,4237,13507,4.337503,1.360628,24.916000,107.997000,476.331000,225.351000,4246.799000,2,57,e1afbedaefe7cd8796ed5c1395457d118ecec4ebb64d5699d40faa21ffa625c3,true,2,true,20.990080,52.470240,106.900800
fixed-window,fixed-w16k-zstd-3,random-10000-00010,random-10000,MHC-GRCh38,MHC,4572584,4582584,10000,100,4096,1,0,1,22595,22595,0,0,4269,0,1,1,22595,9513,46922,2.375171,0.481544,9.794000,91.842000,1516.693000,1296.086000,13339.624000,1,783,b9dbb3e60b8227b0fced33e36e221fc313a72535009acbe00cafeb1e13269519,true,1,true,21.102533,52.807600,108.025333
fixed-window,fixed-w16k-zstd-3,random-10000-00011,random-10000,MHC-GRCh38,MHC,1340999,1350999,10000,100,4096,1,0,1,51500,51500,0,0,4269,0,1,1,51500,8891,42333,5.792374,1.216545,47.599000,218.442000,3439.616000,1572.865000,28343.662000,2,675,0380e4c3d31e0843be239b39884bb94ed504a52351b9b739d8ae7eb58e2cd10c,true,2,true,21.873333,55.120000,115.733333
fixed-window,fixed-w16k-zstd-3,random-10000-00012,random-10000,MHC-GRCh38,MHC,2666687,2676687,10000,100,4096,1,0,1,40060,40060,0,0,4269,0,1,1,40060,7380,29951,5.428184,1.337518,60.321000,167.956000,2131.353000,1028.818000,19563.380000,2,414,14836fe4e7a9d2bb9552d874a3903f0be6ead340db1fa6966b3b3a817dbe4f0c,true,2,true,21.568267,54.204800,112.682667
fixed-window,fixed-w16k-zstd-3,random-10000-00013,random-10000,MHC-GRCh38,MHC,640027,650027,10000,100,4096,1,0,1,9204,9204,0,0,4269,0,1,1,9204,4598,15284,2.001740,0.602198,6.798000,46.893000,236.089000,142.427000,2048.586000,1,89,4e7efa88c63198f9275ded82d6b16c0b17a275ba5bd66b71b23f28ca372a35c9,true,1,true,20.745440,51.736320,104.454400
fixed-window,fixed-w16k-zstd-3,random-10000-00014,random-10000,MHC-GRCh38,MHC,392291,402291,10000,100,4096,1,0,1,18972,18972,0,0,4269,0,1,1,18972,4679,14695,4.054713,1.291051,10.075000,88.866000,559.261000,192.823000,4406.048000,2,66,680451a90ee7e61605d89eb0343574aeed831204958be96132d701d50c497a4e,true,2,true,21.005920,52.517760,107.059200
fixed-window,fixed-w16k-zstd-3,random-10000-00015,random-10000,MHC-GRCh38,MHC,3877805,3887805,10000,100,4096,1,0,1,46721,46721,0,0,4269,0,1,1,46721,9791,47287,4.771831,0.988031,14.887000,205.448000,3001.715000,1778.309000,28169.306000,2,763,4aadba18576871bc75bed9737449a77bd5e97a10e8eb617ce072a211691ac986,true,2,true,21.745893,54.737680,114.458933
fixed-window,fixed-w16k-zstd-3,random-10000-00016,random-10000,MHC-GRCh38,MHC,2635713,2645713,10000,100,4096,1,0,1,31141,31141,0,0,4269,0,1,1,31141,6057,24684,5.141324,1.261586,38.085000,176.193000,1622.223000,685.204000,12903.788000,2,290,8328fb3d0dd728da513bb7f9c844d1843cbbd91ffefcf5bf204984e450d740fc,true,2,true,21.330427,53.491280,110.304267
fixed-window,fixed-w16k-zstd-3,random-10000-00017,random-10000,MHC-GRCh38,MHC,838673,848673,10000,100,4096,1,0,1,8104,8104,0,0,4269,0,1,1,8104,4112,12778,1.970817,0.634215,20.365000,41.168000,120.425000,99.349000,1137.216000,1,45,00ae6fcca2ad3bda4a47ebd2bc82e1665cc3138cf57f62fae1693748a49364e1,true,1,true,20.716107,51.648320,104.161067
fixed-window,fixed-w16k-zstd-3,random-10000-00018,random-10000,MHC-GRCh38,MHC,1050278,1060278,10000,100,4096,1,0,1,10615,10615,0,0,4269,0,1,1,10615,4865,17640,2.181912,0.601757,7.553000,45.198000,292.024000,224.127000,2589.513000,1,151,6672b5fd0e28d817406ecdb9d2b4200fb3a47f0f89383a153cf8fa5202e19483,true,1,true,20.783067,51.849200,104.830667
fixed-window,fixed-w16k-zstd-3,random-10000-00019,random-10000,MHC-GRCh38,MHC,1468704,1478704,10000,100,4096,1,0,1,37438,37438,0,0,4269,0,1,1,37438,6027,22607,6.211714,1.656036,8.259000,157.272000,2068.892000,893.589000,17327.842000,2,255,3058de0f9d38bee4a6976a9df90cc9f93946ab681909cdb910ec0ae0260b4e30,true,2,true,21.498347,53.995040,111.983467
fixed-window,fixed-w16k-zstd-3,random-10000-00020,random-10000,MHC-GRCh38,MHC,4375098,4385098,10000,100,4096,1,0,1,9626,9626,0,0,4269,0,1,1,9626,4655,15432,2.067884,0.623769,37.817000,47.740000,261.440000,158.218000,2341.744000,1,99,f429a8329f55fe2b029240657baac19dad69e5cdb2cac19619586bcc507b583a,true,1,true,20.756693,51.770080,104.566933
fixed-window,fixed-w16k-zstd-3,random-10000-00021,random-10000,MHC-GRCh38,MHC,4581909,4591909,10000,100,4096,1,0,1,34476,34476,0,0,4269,0,1,1,34476,5723,22660,6.024113,1.521447,13.754000,177.316000,2102.120000,1198.168000,19327.464000,2,260,97e7f84529894fdcbf94838f0b8620d31a53aac88ac0d27b1c0f5f0203c8a0fc,true,2,true,21.419360,53.758080,111.193600
fixed-window,fixed-w16k-zstd-3,random-10000-00022,random-10000,MHC-GRCh38,MHC,169169,179169,10000,100,4096,1,0,1,9205,9205,0,0,4269,0,1,1,9205,4493,14648,2.048742,0.628413,65.936000,54.209000,277.668000,151.044000,2493.218000,1,84,1257627d647fa03eae664ac3c5fa9d51778dde06be8603f398b78de96aeef391,true,1,true,20.745467,51.736400,104.454667
fixed-window,fixed-w16k-zstd-3,random-10000-00023,random-10000,MHC-GRCh38,MHC,264332,274332,10000,100,4096,1,0,1,11825,11825,0,0,4269,0,1,1,11825,5211,19243,2.269238,0.614509,21.655000,55.961000,458.829000,313.872000,4214.239000,1,177,716fed6ee2ebfb3e2097a94ac458995e505d36e6ffb306f767703f8cbee56df2,true,1,true,20.815333,51.946000,105.153333
fixed-window,fixed-w16k-zstd-3,random-10000-00024,random-10000,MHC-GRCh38,MHC,4139768,4149768,10000,100,4096,1,0,1,156097,156097,0,0,4269,0,1,1,156097,14006,78630,11.145009,1.985209,14.947000,691.030000,14654.911000,6359.454000,129371.592000,2,1452,83985389cae80281e0b8edade8ee84dd61ac8d89f1c7c4371a3cf13721809093,true,2,true,24.662587,63.487760,143.625867
fixed-window,fixed-w16k-zstd-3,random-10000-00025,random-10000,MHC-GRCh38,MHC,1086948,1096948,10000,100,4096,1,0,1,9131,9131,0,0,4269,0,1,1,9131,4453,14622,2.050528,0.624470,28.108000,50.562000,263.512000,155.119000,2744.643000,1,91,cc1fd8afe6968eff93b9129098df2e482d99cb5be46c4122e69770d719c49ff2,true,1,true,20.743493,51.730480,104.434933
fixed-window,fixed-w16k-zstd-3,random-10000-00026,random-10000,MHC-GRCh38,MHC,796975,806975,10000,100,4096,1,0,1,18378,18378,0,0,4269,0,1,1,18378,4586,14796,4.007414,1.242092,13.081000,106.746000,514.859000,244.534000,4375.478000,2,76,946f59f31bc4e22dfdff7962879901c512a8b42499b5cc583d69cbc544c24a35,true,2,true,20.990080,52.470240,106.900800
fixed-window,fixed-w16k-zstd-3,random-10000-00027,random-10000,MHC-GRCh38,MHC,208422,218422,10000,100,4096,1,0,1,30170,30170,0,0,4269,0,1,1,30170,5034,18474,5.993246,1.633106,26.967000,136.281000,1352.663000,772.888000,14990.600000,2,168,16668a580712ce10bb578b1a91d9257ecc8b67b485fbf28a6a4772a24ab72d5b,true,2,true,21.304533,53.413600,110.045333
fixed-window,fixed-w16k-zstd-3,random-10000-00028,random-10000,MHC-GRCh38,MHC,4825593,4835593,10000,100,4096,1,0,1,17050,17050,0,0,4269,0,1,1,17050,4206,14796,4.053733,1.152338,4.402000,124.937000,494.011000,198.288000,4575.593000,2,75,56fed22ef21db9434fbec4a4dfae64a077e0bfa7577d4c53743ac63b1f05bd7a,true,2,true,20.954667,52.364000,106.546667
fixed-window,fixed-w16k-zstd-3,random-10000-00029,random-10000,MHC-GRCh38,MHC,1869556,1879556,10000,100,4096,1,0,1,15459,15459,0,0,4269,0,1,1,15459,5856,23478,2.639857,0.658446,26.717000,73.954000,831.126000,542.535000,7713.516000,1,276,bbfee9b5540c0eab2acd7e9e378b90aa567df20b5b9683004d28aa4726eab6b7,true,1,true,20.912240,52.236720,106.122400
fixed-window,fixed-w16k-zstd-3,random-10000-00030,random-10000,MHC-GRCh38,MHC,3525406,3535406,10000,100,4096,1,0,1,9637,9637,0,0,4269,0,1,1,9637,4738,16756,2.033981,0.575137,27.643000,51.459000,275.558000,197.986000,2651.961000,1,136,d7adce2abaa06de0650af25dce9b597f12df5a551a7231d7a540588b965e0d3d,true,1,true,20.756987,51.770960,104.569867
fixed-window,fixed-w16k-zstd-3,random-10000-00031,random-10000,MHC-GRCh38,MHC,817285,827285,10000,100,4096,1,0,1,16397,16397,0,0,4269,0,1,1,16397,4209,13112,3.895700,1.250534,9.961000,78.333000,279.433000,118.129000,2570.804000,2,50,f332e3929382b6a12083e27b77f2ce9501af9861a52e63a7e5bbd39b4c2fb0b8,true,2,true,20.937253,52.311760,106.372533
fixed-window,fixed-w16k-zstd-3,random-10000-00032,random-10000,MHC-GRCh38,MHC,2155060,2165060,10000,100,4096,1,0,1,17282,17282,0,0,4269,0,1,1,17282,4772,16071,3.621542,1.075353,7.075000,84.398000,431.394000,223.660000,3826.797000,2,110,40191e5439b0beeb05fd104dc56724a74ff7341fa7f2aa7ae46c3bb0b183cf3a,true,2,true,20.960853,52.382560,106.608533
fixed-window,fixed-w16k-zstd-3,random-10000-00033,random-10000,MHC-GRCh38,MHC,4536834,4546834,10000,100,4096,1,0,1,31511,31511,0,0,4269,0,1,1,31511,6566,27144,4.799117,1.160883,10.557000,129.704000,1915.037000,887.505000,16254.060000,2,353,10987fa5f40a447a042da9c88e51cd790c6ed0fab0f4b27ebab560a59f9a211c,true,2,true,21.340293,53.520880,110.402933
fixed-window,fixed-w16k-zstd-3,random-10000-00034,random-10000,MHC-GRCh38,MHC,3721781,3731781,10000,100,4096,1,0,1,17460,17460,0,0,4269,0,1,1,17460,6170,25262,2.829822,0.691157,41.885000,80.143000,858.407000,577.482000,7603.367000,1,306,28e8e43149e4bde7587db8e7807c8ba5cebd142be4492a7bb167096d3224f900,true,1,true,20.965600,52.396800,106.656000
fixed-window,fixed-w16k-zstd-3,random-10000-00035,random-10000,MHC-GRCh38,MHC,2921773,2931773,10000,100,4096,1,0,1,69239,69239,0,0,4269,0,1,1,69239,7049,30069,9.822528,2.302671,18.605000,289.152000,4532.602000,1835.277000,41552.436000,1,416,116c4d85770731c008a3afd4d75050abb1f6a004a3f11d79ceaacdc5d0befdfe,true,1,true,22.346373,56.539120,120.463733
fixed-window,fixed-w16k-zstd-3,random-10000-00036,random-10000,MHC-GRCh38,MHC,2022342,2032342,10000,100,4096,1,0,1,15496,15496,0,0,4269,0,1,1,15496,4172,13869,3.714286,1.117312,57.836000,103.483000,405.048000,152.771000,3104.328000,2,56,ded354f69244e941bb50934784978d7b387d48ef4762cce45fed54d708dfe63b,true,2,true,20.913227,52.239680,106.132267
fixed-window,fixed-w16k-zstd-3,random-10000-00037,random-10000,MHC-GRCh38,MHC,2903351,2913351,10000,100,4096,1,0,1,20860,20860,0,0,4269,0,1,1,20860,7259,32210,2.873674,0.647625,10.327000,81.167000,1164.530000,811.262000,11014.556000,1,463,6820c8ba0f9a26a043d85f1d9ee9a9bb0e25109fa137f896194c075e6e9b2979,true,1,true,21.056267,52.668800,107.562667
fixed-window,fixed-w16k-zstd-3,random-10000-00038,random-10000,MHC-GRCh38,MHC,1743550,1753550,10000,100,4096,1,0,1,21660,21660,0,0,4269,0,1,1,21660,5259,19094,4.118654,1.134388,34.662000,98.983000,731.648000,414.015000,6496.148000,2,177,4245dd58d7d1c2206c4f3cc75f00b7ab72ecf1031d74905d2588d8546365ff20,true,2,true,21.077600,52.732800,107.776000
fixed-window,fixed-w16k-zstd-3,random-10000-00039,random-10000,MHC-GRCh38,MHC,2503657,2513657,10000,100,4096,1,0,1,36993,36993,0,0,4269,0,1,1,36993,7844,37089,4.716089,0.997412,20.249000,153.437000,1912.440000,1109.012000,17133.897000,2,567,2213a8016cc6c057f5a1e38d7e6a104b477bc7e9e4a499bc5fd769cb092f84c9,true,2,true,21.486480,53.959440,111.864800
fixed-window,fixed-w16k-zstd-3,random-10000-00040,random-10000,MHC-GRCh38,MHC,2932138,2942138,10000,100,4096,1,0,1,89591,89591,0,0,4269,0,1,1,89591,6763,27507,13.247228,3.257025,61.246000,376.755000,5516.240000,2057.320000,48686.732000,2,361,d2757b7e004ae0acae9159fc54a0c22eb0d6f726022d05fa4457e560705ab86b,true,2,true,22.889093,58.167280,125.890933
fixed-window,fixed-w16k-zstd-3,random-10000-00041,random-10000,MHC-GRCh38,MHC,783360,793360,10000,100,4096,1,0,1,19328,19328,0,0,4269,0,1,1,19328,5096,17461,3.792779,1.106924,11.569000,87.141000,527.964000,376.307000,4730.822000,2,134,5e65270c1b5bf78832fe2277e39e6c5b8df0f0f68036e9e92519a632abed0542,true,2,true,21.015413,52.546240,107.154133
fixed-window,fixed-w16k-zstd-3,random-10000-00042,random-10000,MHC-GRCh38,MHC,2455602,2465602,10000,100,4096,1,0,1,20997,20997,0,0,4269,0,1,1,20997,5310,19567,3.954237,1.073082,12.526000,97.278000,666.138000,369.783000,5969.560000,2,187,1ac863683737b5e40be7d7d111d3e2cd76b0b93a32c10fe547dd201884f5b77f,true,2,true,21.059920,52.679760,107.599200
fixed-window,fixed-w16k-zstd-3,random-10000-00043,random-10000,MHC-GRCh38,MHC,1809625,1819625,10000,100,4096,1,0,1,17468,17468,0,0,4269,0,1,1,17468,4966,16014,3.517519,1.090796,18.394000,82.630000,361.935000,225.373000,3388.815000,2,95,a8cf05ab9f5d4e969c8720ac40234f9551c77b9393c4074a50d4cdefd6074e7e,true,2,true,20.965813,52.397440,106.658133
fixed-window,fixed-w16k-zstd-3,random-10000-00044,random-10000,MHC-GRCh38,MHC,137158,147158,10000,100,4096,1,0,1,9236,9236,0,0,4269,0,1,1,9236,4506,14355,2.049711,0.643400,15.007000,40.621000,220.264000,109.366000,1992.969000,1,59,f394da5a2f7f333a8019b7ed1bffad5cd57a7c0892701d2ecfcca3fe4f0e5889,true,1,true,20.746293,51.738880,104.462933
fixed-window,fixed-w16k-zstd-3,random-10000-00045,random-10000,MHC-GRCh38,MHC,4721118,4731118,10000,100,4096,1,0,1,9573,9573,0,0,4269,0,1,1,9573,4261,14204,2.246656,0.673965,1.276000,41.760000,259.885000,139.776000,2357.397000,1,74,45795d31562a51461f0c3adbf94e1928264e9f923302d28d748dd2445a3364d8,true,1,true,20.755280,51.765840,104.552800
fixed-window,fixed-w16k-zstd-3,random-10000-00046,random-10000,MHC-GRCh38,MHC,2609994,2619994,10000,100,4096,1,0,1,19793,19793,0,0,4269,0,1,1,19793,6996,30198,2.829188,0.655441,7.349000,75.227000,1043.156000,736.479000,9351.925000,1,422,1fa4c86045416288989ea3558c79f0d759fcf2010265116ab4e22bd61f073571,true,1,true,21.027813,52.583440,107.278133
fixed-window,fixed-w16k-zstd-3,random-10000-00047,random-10000,MHC-GRCh38,MHC,3860427,3870427,10000,100,4096,1,0,1,40114,40114,0,0,4269,0,1,1,40114,6078,24758,6.599868,1.620244,29.472000,169.525000,2125.869000,913.973000,18877.458000,2,307,a2a3530e05954057c972097786eb0caa754d4b65b264d138e14818b7fd2d2d2b,true,2,true,21.569707,54.209120,112.697067
fixed-window,fixed-w16k-zstd-3,random-10000-00048,random-10000,MHC-GRCh38,MHC,4554094,4564094,10000,100,4096,1,0,1,44493,44493,0,0,4269,0,1,1,44493,10239,51765,4.345444,0.859519,32.288000,191.260000,2971.011000,1802.561000,24782.685000,2,885,23cf9f7eadaf9d1b78d8f3b3206a6006cd1336963f033245de30987b80aaaf38,true,2,true,21.686480,54.559440,113.864800
fixed-window,fixed-w16k-zstd-3,random-10000-00049,random-10000,MHC-GRCh38,MHC,2352190,2362190,10000,100,4096,1,0,1,19272,19272,0,0,4269,0,1,1,19272,4749,16177,4.058117,1.191321,59.345000,92.556000,523.898000,246.194000,4600.904000,2,111,800091a8217f514a4ab9edd8bf729b616292a002018ce539ddc1052135ade198,true,2,true,21.013920,52.541760,107.139200
fixed-window,fixed-w16k-zstd-3,random-100000-00000,random-100000,MHC-GRCh38,MHC,4209044,4309044,100000,100,4096,1,0,1,168890,168890,0,0,4269,0,1,1,168890,65549,336308,2.576546,0.502188,16.006000,766.823000,10433.236000,9968.063000,102550.845000,8,5035,32e8083b6abd3be64c447c24584d42938879238fa3d81db158eb23a15db404f2,true,8,true,25.003733,64.511200,147.037333
fixed-window,fixed-w16k-zstd-3,random-100000-00001,random-100000,MHC-GRCh38,MHC,1722746,1822746,100000,100,4096,1,0,1,68083,68083,0,0,4269,0,1,1,68083,41890,153777,1.625280,0.442739,69.731000,309.510000,1910.059000,1796.066000,17165.775000,7,1126,45012cba45ad5936e9f619869db1564593fd295f60d5f6b4423c602499cd7d4c,true,7,true,22.315547,56.446640,120.155467
fixed-window,fixed-w16k-zstd-3,random-100000-00002,random-100000,MHC-GRCh38,MHC,3224923,3324923,100000,100,4096,1,0,1,56292,56292,0,0,4269,0,1,1,56292,35805,128622,1.572183,0.437655,48.224000,277.433000,1090.288000,875.904000,10389.331000,7,574,650e851ca4deb971c052fe1cbe4dec8752531ac0b5bffa3e125ff3dee5b64889,true,7,true,22.001120,55.503360,117.011200
fixed-window,fixed-w16k-zstd-3,random-100000-00003,random-100000,MHC-GRCh38,MHC,685079,785079,100000,100,4096,1,0,1,59295,59295,0,0,4269,0,1,1,59295,37583,129398,1.577708,0.458237,45.160000,296.038000,1307.736000,1005.464000,11285.191000,7,619,84c08e62d3f3f30d863d5a72aa03c9a5c55cb3c77246886de0ff99a3a8df0489,true,7,true,22.081200,55.743600,117.812000
fixed-window,fixed-w16k-zstd-3,random-100000-00004,random-100000,MHC-GRCh38,MHC,2437611,2537611,100000,100,4096,1,0,1,95230,95230,0,0,4269,0,1,1,95230,50339,217274,1.891774,0.438295,48.109000,425.660000,4071.996000,4615.047000,39779.116000,7,2438,c30441669e36e5b931803112b45206c2cb5ec85cea8ddd4e4883b0227dbda95b,true,7,true,23.039467,58.618400,127.394667
fixed-window,fixed-w16k-zstd-3,random-100000-00005,random-100000,MHC-GRCh38,MHC,59077,159077,100000,100,4096,1,0,1,59413,59413,0,0,4269,0,1,1,59413,39584,133167,1.500935,0.446154,48.330000,280.487000,1256.736000,1030.706000,12014.567000,7,666,59ba1c17c2eb410b568d830db351a260e2ff752b426433d90ffc1737d8d770b0,true,7,true,22.084347,55.753040,117.843467
fixed-window,fixed-w16k-zstd-3,random-100000-00006,random-100000,MHC-GRCh38,MHC,4590285,4690285,100000,100,4096,1,0,1,97915,97915,0,0,4269,0,1,1,97915,52875,223553,1.851820,0.437995,73.349000,484.284000,4812.982000,4261.346000,46127.468000,7,2617,a64377cb5e8d05256abb39b5b0c499a163809a709f3c41af5e770ba7f2927537,true,7,true,23.111067,58.833200,128.110667
fixed-window,fixed-w16k-zstd-3,random-100000-00007,random-100000,MHC-GRCh38,MHC,4485571,4585571,100000,100,4096,1,0,1,110089,110089,0,0,4269,0,1,1,110089,56571,270370,1.946032,0.407179,44.378000,484.561000,5917.105000,6239.167000,54690.180000,7,3587,62ab48c6ec685ad313f6f68d4baeecde58417e601bb21c67ddd98715c6a00523,true,7,true,23.435707,59.807120,131.357067
fixed-window,fixed-w16k-zstd-3,random-100000-00008,random-100000,MHC-GRCh38,MHC,3570722,3670722,100000,100,4096,1,0,1,65397,65397,0,0,8365,0,2,2,65397,36956,127803,1.769591,0.511702,39.653000,303.204000,1234.702000,885.210000,11923.645000,8,556,19a7c76674610d2342c9fbea62a10888959bd988453261d682ff12781765db7f,true,8,true,22.243920,56.231760,119.439200
fixed-window,fixed-w16k-zstd-3,random-100000-00009,random-100000,MHC-GRCh38,MHC,4287809,4387809,100000,100,4096,1,0,1,95000,95000,0,0,4269,0,1,1,95000,47841,194241,1.985744,0.489083,35.964000,444.060000,4096.011000,3232.518000,37403.626000,7,1990,e91c65af67f8f894b81a4673e1737501a8afddef2ca98f315b4e21b673474899,true,7,true,23.033333,58.600000,127.333333
fixed-window,fixed-w16k-zstd-3,random-100000-00010,random-100000,MHC-GRCh38,MHC,4025165,4125165,100000,100,4096,1,0,1,600114,600114,0,0,4269,0,1,1,600114,195330,1335954,3.072308,0.449203,47.126000,2584.523000,46345.808000,55313.660000,442804.171000,7,26102,60c3e5d638a71bece86def27f59a9a6e97e4a340ab34a627a420102128dc7751,true,7,true,36.503040,99.009120,262.030400
fixed-window,fixed-w16k-zstd-3,random-100000-00011,random-100000,MHC-GRCh38,MHC,1237510,1337510,100000,100,4096,1,0,1,129400,129400,0,0,4269,0,1,1,129400,56167,273054,2.303844,0.473899,98.262000,544.357000,6800.207000,6089.591000,61277.011000,7,3680,b5901726f77ee00314f015b59d51c14df7d08ac58444abc0c107aaa1fad54194,true,7,true,23.950667,61.352000,136.506667
fixed-window,fixed-w16k-zstd-3,random-100000-00012,random-100000,MHC-GRCh38,MHC,282699,382699,100000,100,4096,1,0,1,72093,72093,0,0,4269,0,1,1,72093,39955,154486,1.804355,0.466664,76.767000,315.297000,2052.109000,1736.387000,18395.217000,7,1125,54d663c12cc9be7f5115a95bbb1f5585d772564d5c50833e8e3e231d8ac57d04,true,7,true,22.422480,56.767440,121.224800
fixed-window,fixed-w16k-zstd-3,random-100000-00013,random-100000,MHC-GRCh38,MHC,2461234,2561234,100000,100,4096,1,0,1,110886,110886,0,0,4269,0,1,1,110886,54888,245800,2.020223,0.451123,41.121000,483.822000,5202.172000,4989.679000,49013.837000,7,3052,2bb8cc4a820ed95bff9ee3b3c46eb345ab1f54ddfb2c3a1e4352f0d092909be6,true,7,true,23.456960,59.870880,131.569600
fixed-window,fixed-w16k-zstd-3,random-100000-00014,random-100000,MHC-GRCh38,MHC,39688,139688,100000,100,4096,1,0,1,59140,59140,0,0,4269,0,1,1,59140,39348,132047,1.502999,0.447871,14.071000,275.295000,1184.631000,960.046000,11422.705000,7,646,49e9f4bf234851cead81bf6a2e1d729c848b791a51ba72c1987113f60a240b6a,true,7,true,22.077067,55.731200,117.770667
fixed-window,fixed-w16k-zstd-3,random-100000-00015,random-100000,MHC-GRCh38,MHC,2966751,3066751,100000,100,4096,1,0,1,87756,87756,0,0,4269,0,1,1,87756,48092,201421,1.824753,0.435684,20.374000,375.190000,3443.996000,3271.505000,32179.292000,7,2141,442bb6b3657e1304642ee8c0bcbd72d2f571e2e86754bfe071952ddddff873a1,true,7,true,22.840160,58.020480,125.401600
fixed-window,fixed-w16k-zstd-3,random-100000-00016,random-100000,MHC-GRCh38,MHC,1970326,2070326,100000,100,4096,1,0,1,57947,57947,0,0,4269,0,1,1,57947,37997,132429,1.525041,0.437570,48.983000,264.557000,1204.308000,1067.415000,11588.587000,7,670,4cff76d0bc8547d0bb83fbfddae6d561248770f8eb6d289574e84183ab26b92c,true,7,true,22.045253,55.635760,117.452533
fixed-window,fixed-w16k-zstd-3,random-100000-00017,random-100000,MHC-GRCh38,MHC,4296183,4396183,100000,100,4096,1,0,1,84179,84179,0,0,4269,0,1,1,84179,46041,183355,1.828349,0.459104,31.506000,358.939000,3080.173000,3143.968000,28882.694000,7,1760,b1cfc8cace350414b28c0a4117c8afa27ff174db67eac05a7f047798af51a501,true,7,true,22.744773,57.734320,124.447733
fixed-window,fixed-w16k-zstd-3,random-100000-00018,random-100000,MHC-GRCh38,MHC,3769659,3869659,100000,100,4096,1,0,1,110860,110860,0,0,4269,0,1,1,110860,52205,225406,2.123551,0.491824,28.971000,498.210000,5425.532000,4555.191000,49540.288000,7,2651,607bfe669aea0f45aa46f0730afa870a0e69c165fe376da184fb2b772d3d903f,true,7,true,23.456267,59.868800,131.562667
fixed-window,fixed-w16k-zstd-3,random-100000-00019,random-100000,MHC-GRCh38,MHC,1836841,1936841,100000,100,4096,1,0,1,78204,78204,0,0,4269,0,1,1,78204,44076,170246,1.774299,0.459359,34.588000,341.439000,2648.366000,2328.819000,24164.639000,7,1484,191113f90170e5126479711af08690601fe73171464bc55d00b41c9a484dbce4,true,7,true,22.585440,57.256320,122.854400
fixed-window,fixed-w16k-zstd-3,random-100000-00020,random-100000,MHC-GRCh38,MHC,3910205,4010205,100000,100,4096,1,0,1,239563,239563,0,0,4269,0,1,1,239563,93677,549369,2.557330,0.436069,45.562000,1079.263000,16585.500000,19331.095000,157532.989000,7,9437,c2e42215450f8c2661b6b451ce0936abf551ae7bff855ff84da5bc8a7968c84b,true,7,true,26.888347,70.165040,165.883467
fixed-window,fixed-w16k-zstd-3,random-100000-00021,random-100000,MHC-GRCh38,MHC,647943,747943,100000,100,4096,1,0,1,62687,62687,0,0,4269,0,1,1,62687,39520,139207,1.586210,0.450315,74.201000,279.726000,1468.142000,1261.656000,13472.702000,7,813,9e8cef8b753db677c29fef3d40400b533e52821777595a9a27e595ddf2ec1410,true,7,true,22.171653,56.014960,118.716533
fixed-window,fixed-w16k-zstd-3,random-100000-00022,random-100000,MHC-GRCh38,MHC,2004256,2104256,100000,100,4096,1,0,1,54766,54766,0,0,8365,0,2,2,54766,36386,127123,1.505139,0.430811,45.325000,254.191000,969.597000,828.084000,9535.571000,7,543,4ee366a8da2710ed0df259697678c9601ea059d22cc1970349d48b067d071050,true,7,true,21.960427,55.381280,116.604267
fixed-window,fixed-w16k-zstd-3,random-100000-00023,random-100000,MHC-GRCh38,MHC,948617,1048617,100000,100,4096,1,0,1,68668,68668,0,0,8365,0,2,2,68668,39993,131493,1.717000,0.522218,40.409000,304.447000,1421.163000,1079.672000,13362.770000,8,662,7bc1c13ea33f55081af4faee96164e11cf58980e23d0069f1e9c2ef5f79923b0,true,8,true,22.331147,56.493440,120.311467
fixed-window,fixed-w16k-zstd-3,random-100000-00024,random-100000,MHC-GRCh38,MHC,172774,272774,100000,100,4096,1,0,1,84541,84541,0,0,4269,0,1,1,84541,45425,181900,1.861112,0.464766,30.187000,364.735000,2824.358000,2708.616000,26731.340000,7,1689,703f31b2efa3cdf99ce82955f7c26f58193bb7fdca05725347534130514df260,true,7,true,22.754427,57.763280,124.544267
fixed-window,fixed-w16k-zstd-3,random-100000-00025,random-100000,MHC-GRCh38,MHC,2486989,2586989,100000,100,4096,1,0,1,113688,113688,0,0,4269,0,1,1,113688,55621,247440,2.043976,0.459457,53.848000,497.778000,5483.927000,4951.443000,50840.164000,7,3082,7ccc96b968dbd73138b0bef8cd2e06317cf09ae4f3bc17493b7415dccc5dff50,true,7,true,23.531680,60.095040,132.316800
fixed-window,fixed-w16k-zstd-3,random-100000-00026,random-100000,MHC-GRCh38,MHC,1930943,2030943,100000,100,4096,1,0,1,67818,67818,0,0,4269,0,1,1,67818,40603,155026,1.670271,0.437462,18.882000,303.924000,1899.272000,1641.949000,17680.252000,7,1095,14334b554e3e9655c965408117e425948d6c83d11aa07182bce0d72eda4ee2f3,true,7,true,22.308480,56.425440,120.084800
fixed-window,fixed-w16k-zstd-3,random-100000-00027,random-100000,MHC-GRCh38,MHC,204534,304534,100000,100,4096,1,0,1,88357,88357,0,0,4269,0,1,1,88357,43536,177520,2.029516,0.497730,38.861000,372.906000,3135.215000,2581.090000,28626.095000,7,1603,4d57d41cb194b884a41da65fdd22aea0a8c27db77bb5042f7d0adeb7c73d1dc4,true,7,true,22.856187,58.068560,125.561867
fixed-window,fixed-w16k-zstd-3,random-100000-00028,random-100000,MHC-GRCh38,MHC,3890508,3990508,100000,100,4096,1,0,1,161959,161959,0,0,4269,0,1,1,161959,66475,349427,2.436390,0.463499,20.195000,763.724000,10294.929000,10093.452000,96302.670000,7,5265,64fb347e77ea288d38a2ce9574ee30d2b4be5888a322149fd1b42e9fcddf651c,true,7,true,24.818907,63.956720,145.189067
fixed-window,fixed-w16k-zstd-3,random-100000-00029,random-100000,MHC-GRCh38,MHC,1400303,1500303,100000,100,4096,1,0,1,174682,174682,0,0,4269,0,1,1,174682,73403,404332,2.379766,0.432026,76.247000,791.726000,10421.286000,11610.673000,95970.527000,7,6494,7dd51bacace475b905c71c96b5738874cb4cc596d2f22d2b5deaf2e9a383e677,true,7,true,25.158187,64.974560,148.581867
fixed-window,fixed-w16k-zstd-3,random-100000-00030,random-100000,MHC-GRCh38,MHC,1669721,1769721,100000,100,4096,1,0,1,78823,78823,0,0,4269,0,1,1,78823,42397,157902,1.859165,0.499189,75.792000,345.754000,2186.804000,1828.289000,19571.250000,8,1197,741ec828d1c9c77374a42df4205c1d246e1a2241e64f0977b6df22d8e0fc21c8,true,8,true,22.601947,57.305840,123.019467
fixed-window,fixed-w16k-zstd-3,random-100000-00031,random-100000,MHC-GRCh38,MHC,215439,315439,100000,100,4096,1,0,1,80526,80526,0,0,4269,0,1,1,80526,42453,174311,1.896827,0.461967,22.574000,358.118000,2643.599000,2372.396000,24651.599000,7,1540,ae3a38a78bc54df8bb5b64aa04e50d7ffa6086417a22570c069468d140ac8134,true,7,true,22.647360,57.442080,123.473600
fixed-window,fixed-w16k-zstd-3,random-100000-00032,random-100000,MHC-GRCh38,MHC,3542671,3642671,100000,100,4096,1,0,1,57056,57056,0,0,4269,0,1,1,57056,36059,128867,1.582296,0.442751,36.147000,260.806000,1097.501000,885.999000,10967.761000,7,589,d9aa6d23a6b62c66ac19183747bb2ccc720333a4958454dfb6ebe7f9093d9823,true,7,true,22.021493,55.564480,117.214933
fixed-window,fixed-w16k-zstd-3,random-100000-00033,random-100000,MHC-GRCh38,MHC,1452240,1552240,100000,100,4096,1,0,1,110896,110896,0,0,4269,0,1,1,110896,53441,226826,2.075111,0.488903,42.291000,493.064000,5288.596000,4398.064000,48218.464000,7,2682,f312a374776582f5db71384d371c7852297f13be6b7d80811998a767c99d0521,true,7,true,23.457227,59.871680,131.572267
fixed-window,fixed-w16k-zstd-3,random-100000-00034,random-100000,MHC-GRCh38,MHC,3935885,4035885,100000,100,4096,1,0,1,413945,413945,0,0,4269,0,1,1,413945,139924,921400,2.958356,0.449257,20.308000,1832.795000,30471.031000,36982.652000,293783.828000,7,17261,680dd4f3ec892eac167ab5a6873f8f6087006b60e939e70cdfa62634dba8df50,true,7,true,31.538533,84.115600,212.385333
fixed-window,fixed-w16k-zstd-3,random-100000-00035,random-100000,MHC-GRCh38,MHC,1231487,1331487,100000,100,4096,1,0,1,129400,129400,0,0,4269,0,1,1,129400,55437,266371,2.334181,0.485789,109.704000,545.431000,6770.665000,6171.912000,62041.132000,7,3548,a6f4f67b33da190409f770417ecd57abcd7c7a2004d5dbbe705d0e0195b028d6,true,7,true,23.950667,61.352000,136.506667
fixed-window,fixed-w16k-zstd-3,random-100000-00036,random-100000,MHC-GRCh38,MHC,2059084,2159084,100000,100,4096,1,0,1,54586,54586,0,0,8365,0,2,2,54586,36196,127019,1.508067,0.429747,77.059000,260.032000,955.691000,776.484000,9400.337000,7,538,7ba622d78759052db8d982897a8062ed4af62fb0c3e56c393bff47168a846746,true,7,true,21.955627,55.366880,116.556267
fixed-window,fixed-w16k-zstd-3,random-100000-00037,random-100000,MHC-GRCh38,MHC,3340862,3440862,100000,100,4096,1,0,1,61269,61269,0,0,4269,0,1,1,61269,35829,126567,1.710039,0.484084,30.890000,282.016000,1042.113000,804.106000,10050.344000,8,523,8f92362b65b7867abc7d88837e976f16d7b1427e6c2fd60925b6a36405d74c45,true,8,true,22.133840,55.901520,118.338400
fixed-window,fixed-w16k-zstd-3,random-100000-00038,random-100000,MHC-GRCh38,MHC,921258,1021258,100000,100,4096,1,0,1,56819,56819,0,0,4269,0,1,1,56819,37547,123746,1.513277,0.459158,33.542000,300.718000,1006.545000,756.254000,9751.306000,7,503,fe6971683ac4cb90cf56fb9f5347d1e1e3915baaeac17f866aa71221850e0484,true,7,true,22.015173,55.545520,117.151733
fixed-window,fixed-w16k-zstd-3,random-100000-00039,random-100000,MHC-GRCh38,MHC,3395378,3495378,100000,100,4096,1,0,1,54013,54013,0,0,4269,0,1,1,54013,35350,121563,1.527949,0.444321,39.180000,246.637000,856.330000,646.947000,8394.671000,7,421,8fd62575ba7d7fa67094b8797b763eea904ce8ce888a1edaefbf979e2ae9f190,true,7,true,21.940347,55.321040,116.403467
fixed-window,fixed-w16k-zstd-3,random-100000-00040,random-100000,MHC-GRCh38,MHC,3429684,3529684,100000,100,4096,1,0,1,57352,57352,0,0,4269,0,1,1,57352,29606,126327,1.937175,0.453996,22.469000,252.954000,1016.380000,896.761000,9930.948000,7,544,61b06d01fabee659f928ce9e22b30229cf5e353fcee2cef89edece567e762fd2,true,7,true,22.029387,55.588160,117.293867
fixed-window,fixed-w16k-zstd-3,random-100000-00041,random-100000,MHC-GRCh38,MHC,3427206,3527206,100000,100,4096,1,0,1,57352,57352,0,0,4269,0,1,1,57352,29726,123989,1.929355,0.462557,50.021000,267.499000,1037.161000,805.811000,9962.743000,7,508,6821e84b1deb499b912b5a16cacd9b5ec8aaa72b621ff610358cfb368894c6a9,true,7,true,22.029387,55.588160,117.293867
fixed-window,fixed-w16k-zstd-3,random-100000-00042,random-100000,MHC-GRCh38,MHC,58582,158582,100000,100,4096,1,0,1,59413,59413,0,0,4269,0,1,1,59413,39339,131815,1.510282,0.450730,32.775000,265.654000,1219.274000,985.477000,11654.848000,7,657,82b32e58f297137f6f7535bdf2eb588af4aa71aa6df0203286fe8d2d7f8e5bf9,true,7,true,22.084347,55.753040,117.843467
fixed-window,fixed-w16k-zstd-3,random-100000-00043,random-100000,MHC-GRCh38,MHC,1799230,1899230,100000,100,4096,1,0,1,75193,75193,0,0,4269,0,1,1,75193,43889,164657,1.713254,0.456664,44.111000,318.395000,2315.321000,2056.955000,21454.994000,7,1361,5e209164a6d6d0b416b39033eaecdfd097226c6f9e44113e43baa8d3c33e60aa,true,7,true,22.505147,57.015440,122.051467
fixed-window,fixed-w16k-zstd-3,random-100000-00044,random-100000,MHC-GRCh38,MHC,2029904,2129904,100000,100,4096,1,0,1,53872,53872,0,0,8365,0,2,2,53872,35539,122861,1.515856,0.438479,37.878000,260.286000,935.399000,725.539000,9338.368000,7,470,9b34d642d44e33b8d3dc1fb0c0c7218c45b39847f81e08e0bdd1638eb51cbb49,true,7,true,21.936587,55.309760,116.365867
fixed-window,fixed-w16k-zstd-3,random-100000-00045,random-100000,MHC-GRCh38,MHC,2203224,2303224,100000,100,4096,1,0,1,71128,71128,0,0,4269,0,1,1,71128,42056,160964,1.691269,0.441888,34.189000,318.996000,2347.725000,1943.336000,21077.673000,7,1259,00efee7b857ee2a42a3e9b229d16099845462f14df5c618e4ed1841c22718ce0,true,7,true,22.396747,56.690240,120.967467
fixed-window,fixed-w16k-zstd-3,random-100000-00046,random-100000,MHC-GRCh38,MHC,3746831,3846831,100000,100,4096,1,0,1,101119,101119,0,0,4269,0,1,1,101119,50625,216741,1.997412,0.466543,34.326000,437.799000,4740.461000,4032.429000,41864.366000,7,2470,d61ab2ea1e1e9487260bfbe5d2488c2cec6c526e5bb9bf6a52237f97f4e90c0b,true,7,true,23.196507,59.089520,128.965067
fixed-window,fixed-w16k-zstd-3,random-100000-00047,random-100000,MHC-GRCh38,MHC,1030366,1130366,100000,100,4096,1,0,1,67155,67155,0,0,8365,0,2,2,67155,41915,151001,1.602171,0.444732,62.510000,296.942000,1819.576000,1578.563000,16834.113000,7,1060,21ce84bf8f5904f7cb4b2ae730a9f26a9eff03d4dc6c29533169a8be2f8b3f78,true,7,true,22.290800,56.372400,119.908000
fixed-window,fixed-w16k-zstd-3,random-100000-00048,random-100000,MHC-GRCh38,MHC,56321,156321,100000,100,4096,1,0,1,59413,59413,0,0,4269,0,1,1,59413,39043,132098,1.521732,0.449765,18.865000,269.172000,1202.820000,978.721000,11633.222000,7,658,30f6997af384861b66cbde6b6df4bd27d969367a13ba29f59c35b701cc8eec5c,true,7,true,22.084347,55.753040,117.843467
fixed-window,fixed-w16k-zstd-3,random-100000-00049,random-100000,MHC-GRCh38,MHC,3965305,4065305,100000,100,4096,1,0,1,591232,591232,0,0,4269,0,1,1,591232,181639,1237196,3.254984,0.477881,31.386000,2560.385000,44285.321000,53180.847000,424748.580000,7,23853,34c70f32e7b8ed5e39bf6e0e44bd8a8dc0f5d9bf00f9942637ed7e48dad193ae,true,7,true,36.266187,98.298560,259.661867
fixed-window,fixed-w16k-zstd-3,random-1000000-00000,random-1000000,MHC-GRCh38,MHC,3703931,4703931,1000000,100,4096,1,0,1,1770071,1770071,0,0,8365,0,2,2,1770071,784207,4586858,2.257148,0.385901,122.248000,7642.625000,117302.921000,164049.683000,1153087.280000,62,75838,b26c97ec2a7fb940493f82b62b481b46beacdfa595721f11a193b58027f0b1f3,true,62,true,67.701893,192.605680,574.018933
fixed-window,fixed-w16k-zstd-3,random-1000000-00001,random-1000000,MHC-GRCh38,MHC,3632612,4632612,1000000,100,4096,1,0,1,1762610,1762610,0,0,12461,0,3,3,1762610,779351,4562015,2.261638,0.386367,145.280000,7947.770000,114563.207000,169147.140000,1147717.881000,62,75315,94f7c7d0b1ae09ba541ca857766196b61c4ba1adfeeb19af925848792c4c09c5,true,62,true,67.502933,192.008800,572.029333
fixed-window,fixed-w16k-zstd-3,random-1000000-00002,random-1000000,MHC-GRCh38,MHC,3624947,4624947,1000000,100,4096,1,0,1,1762610,1762610,0,0,12461,0,3,3,1762610,776788,4543230,2.269100,0.387964,152.971000,8065.461000,117470.247000,160268.667000,1155500.286000,62,74916,88e91d1e0de657bab4c0ad575227c287c44ac4e560df51fd43b24cbdc0f4622d,true,62,true,67.502933,192.008800,572.029333
fixed-window,fixed-w16k-zstd-3,random-1000000-00003,random-1000000,MHC-GRCh38,MHC,2794835,3794835,1000000,100,4096,1,0,1,861468,861468,0,0,12461,0,3,3,861468,448045,2122776,1.922727,0.405821,142.062000,3834.647000,38146.400000,50650.492000,381462.428000,62,23835,2d0e9e1b290926dd5615ea6c3930186ed496aae62ddd5fb8a1ce9d8b8698d576,true,62,true,43.472480,119.917440,331.724800
fixed-window,fixed-w16k-zstd-3,random-1000000-00004,random-1000000,MHC-GRCh38,MHC,1751327,2751327,1000000,100,4096,1,0,1,759540,759540,0,0,12461,0,3,3,759540,427961,1864043,1.774788,0.407469,173.086000,3404.793000,28812.030000,38260.379000,283159.214000,62,18290,74e1e08faee499d4beee11e8aa18c77387f176f5710e79c6cdbc25ae375c3c11,true,62,true,40.754400,111.763200,304.544000
fixed-window,fixed-w16k-zstd-3,random-1000000-00005,random-1000000,MHC-GRCh38,MHC,1372175,2372175,1000000,100,4096,1,0,1,756979,756979,0,0,12461,0,3,3,756979,425166,1862689,1.780432,0.406390,117.887000,3334.465000,28734.194000,37180.893000,273484.231000,62,18330,784d02b051e807ea010e615f84e5e3f9ef6e30eb24cb3a6ad41a6804e3cf41c6,true,62,true,40.686107,111.558320,303.861067
fixed-window,fixed-w16k-zstd-3,random-1000000-00006,random-1000000,MHC-GRCh38,MHC,73751,1073751,1000000,100,4096,1,0,1,584461,584461,0,0,12461,0,3,3,584461,363827,1435089,1.606426,0.407265,150.652000,2531.388000,14604.585000,17214.041000,136780.398000,62,9189,b4e354d200b565762bf84f63ea41b1938b6a2ac7f751537c990855dab2551c60,true,62,true,36.085627,97.756880,257.856267
fixed-window,fixed-w16k-zstd-3,random-1000000-00007,random-1000000,MHC-GRCh38,MHC,2455346,3455346,1000000,100,4096,1,0,1,1053162,1053162,0,0,12461,0,3,3,1053162,531080,2651358,1.983057,0.397216,114.523000,4678.581000,54940.745000,71921.429000,553617.517000,62,35073,d6269473041251ffa945ecade12e7e6098972e7b005e7b8c77838027114e3105,true,62,true,48.584320,135.252960,382.843200
fixed-window,fixed-w16k-zstd-3,random-1000000-00008,random-1000000,MHC-GRCh38,MHC,2705443,3705443,1000000,100,4096,1,0,1,919774,919774,0,0,12461,0,3,3,919774,475014,2324187,1.936309,0.395740,117.885000,4167.313000,43249.176000,63721.221000,444784.314000,62,28142,959909843bd2bb5593526798607900182177c1d8a13c1ff9a11d6f32f95701f4,true,62,true,45.027307,124.581920,347.273067
fixed-window,fixed-w16k-zstd-3,random-1000000-00009,random-1000000,MHC-GRCh38,MHC,2329813,3329813,1000000,100,4096,1,0,1,1068935,1068935,0,0,12461,0,3,3,1068935,537311,2687000,1.989416,0.397817,131.397000,4751.640000,54543.753000,73975.708000,544195.054000,62,35815,1bc72119fedee3116c34581fd49548b8caa180caa8a79cf6493b4ab588a45a1d,true,62,true,49.004933,136.514800,387.049333
fixed-window,fixed-w16k-zstd-3,random-1000000-00010,random-1000000,MHC-GRCh38,MHC,92105,1092105,1000000,100,4096,1,0,1,586251,586251,0,0,12461,0,3,3,586251,364596,1438886,1.607947,0.407434,137.620000,2628.343000,14748.913000,18069.022000,139792.526000,62,9265,293695f7b50203eed6fd200f3248f006594412ffa4a4198eb640a693d1a859d8,true,62,true,36.133360,97.900080,258.333600
fixed-window,fixed-w16k-zstd-3,random-1000000-00011,random-1000000,MHC-GRCh38,MHC,3823648,4823648,1000000,100,4096,1,0,1,1725017,1725017,0,0,12461,0,3,3,1725017,767718,4470520,2.246941,0.385865,115.816000,7504.340000,112073.131000,160669.533000,1119021.888000,62,73374,03e9ae8b275d748f3873899c2d03ca6cc7e122a1f2c8f1a71d0688231efc58d6,true,62,true,66.500453,189.001360,562.004533
fixed-window,fixed-w16k-zstd-3,random-1000000-00012,random-1000000,MHC-GRCh38,MHC,3719850,4719850,1000000,100,4096,1,0,1,1764731,1764731,0,0,12461,0,3,3,1764731,781907,4571236,2.256958,0.386051,158.474000,7682.381000,116100.812000,162987.782000,1138020.291000,62,75508,2af5677fccd3b9c77c7e0dd0e96c03a3bec8268fad952b7a7557e6360c6a276b,true,62,true,67.559493,192.178480,572.594933
fixed-window,fixed-w16k-zstd-3,random-1000000-00013,random-1000000,MHC-GRCh38,MHC,1094013,2094013,1000000,100,4096,1,0,1,873304,873304,0,0,8365,0,2,2,873304,465788,2158062,1.874896,0.404670,146.041000,3836.695000,37323.022000,50382.470000,356800.780000,62,24597,9998571a1898cec27a1ea2862ab71ad127e694928f1c38567742ff8130ffe1c9,true,62,true,43.788107,120.864320,334.881067
fixed-window,fixed-w16k-zstd-3,random-1000000-00014,random-1000000,MHC-GRCh38,MHC,2807699,3807699,1000000,100,4096,1,0,1,836558,836558,0,0,12461,0,3,3,836558,446070,2100657,1.875396,0.398236,125.339000,3717.433000,36314.007000,48809.001000,367939.888000,62,23356,af44e7822ac6eed39a846f1b3c88565af03d9c7035df6315503a0f8951ca3a72,true,62,true,42.808213,117.924640,325.082133
fixed-window,fixed-w16k-zstd-3,random-1000000-00015,random-1000000,MHC-GRCh38,MHC,711119,1711119,1000000,100,4096,1,0,1,851475,851475,0,0,12461,0,3,3,851475,457930,2100277,1.859400,0.405411,234.251000,3941.232000,35913.680000,46890.973000,347812.068000,62,23414,1fe009721ae21f6afb0030a7a089a5f42317e9b9873ddb9a4f399497ef50bf90,true,62,true,43.206000,119.118000,329.060000
fixed-window,fixed-w16k-zstd-3,random-1000000-00016,random-1000000,MHC-GRCh38,MHC,2845528,3845528,1000000,100,4096,1,0,1,775634,775634,0,0,12461,0,3,3,775634,416355,1877825,1.862915,0.413049,118.634000,3367.002000,29984.084000,38596.407000,295945.497000,62,18599,f88d5435fd08324c43d68a0f72617d49c2dce2cdc38f12ff5f1f029575d1e06a,true,62,true,41.183573,113.050720,308.835733
fixed-window,fixed-w16k-zstd-3,random-1000000-00017,random-1000000,MHC-GRCh38,MHC,1974230,2974230,1000000,100,4096,1,0,1,1063795,1063795,0,0,12461,0,3,3,1063795,536168,2664099,1.984070,0.399308,153.546000,4698.524000,53693.833000,72857.139000,537817.799000,62,35346,551dfe47cca13ee46f12f6004dc9439aad217bc6bd40ab98b2dd613c9e08e372,true,62,true,48.867867,136.103600,385.678667
fixed-window,fixed-w16k-zstd-3,random-1000000-00018,random-1000000,MHC-GRCh38,MHC,1992390,2992390,1000000,100,4096,1,0,1,1074132,1074132,0,0,12461,0,3,3,1074132,539202,2697879,1.992077,0.398139,126.253000,4709.161000,54410.567000,76658.710000,545834.374000,62,36067,7345147af20eeb118ea25cbb1e99e45209bb83f5ea3814e4ff0006e2d716250d,true,62,true,49.143520,136.930560,388.435200
fixed-window,fixed-w16k-zstd-3,random-1000000-00019,random-1000000,MHC-GRCh38,MHC,322227,1322227,1000000,100,4096,1,0,1,650548,650548,0,0,12461,0,3,3,650548,385435,1585622,1.687828,0.410279,126.028000,2864.873000,19933.920000,24695.303000,188754.334000,62,12428,57d508930a07266b49df3a40bd2ff73f5371c678f0810c4488f03ad500f5ce50,true,62,true,37.847947,103.043840,275.479467
fixed-window,fixed-w16k-zstd-3,random-1000000-00020,random-1000000,MHC-GRCh38,MHC,3577478,4577478,1000000,100,4096,1,0,1,1731376,1731376,0,0,12461,0,3,3,1731376,769349,4479972,2.250443,0.386470,110.050000,7847.936000,116375.463000,156415.404000,1107591.405000,62,73555,47c21c1045955378459ee00b07dea253bef3c7071321089824f7d266683f0ed0,true,62,true,66.670027,189.510080,563.700267
fixed-window,fixed-w16k-zstd-3,random-1000000-00021,random-1000000,MHC-GRCh38,MHC,3388932,4388932,1000000,100,4096,1,0,1,1672797,1672797,0,0,12461,0,3,3,1672797,739808,4334580,2.261123,0.385919,167.264000,7281.885000,105808.482000,149896.718000,1051176.915000,62,70503,fd45bbee2dc1176a265c64597b653be367193c875e1256cbd04b7ab3034c233b,true,62,true,65.107920,184.823760,548.079200
fixed-window,fixed-w16k-zstd-3,random-1000000-00022,random-1000000,MHC-GRCh38,MHC,554951,1554951,1000000,100,4096,1,0,1,834162,834162,0,0,8365,0,2,2,834162,447310,2061004,1.864841,0.404736,149.912000,3600.242000,33581.589000,45067.791000,322383.959000,62,22587,48f71d07f20c89e9dac40a0eb0db9bbacc66308c93f61f44af7edd434ca1398f,true,62,true,42.744320,117.732960,324.443200
fixed-window,fixed-w16k-zstd-3,random-1000000-00023,random-1000000,MHC-GRCh38,MHC,952249,1952249,1000000,100,4096,1,0,1,878108,878108,0,0,12461,0,3,3,878108,467549,2155946,1.878109,0.407296,109.048000,3881.519000,37363.653000,51066.918000,364418.655000,62,24589,4a4440e1ace6f7142001a74483862b87d5bcf206c4a9e4a9a67c4d38531f5efb,true,62,true,43.916213,121.248640,336.162133
fixed-window,fixed-w16k-zstd-3,random-1000000-00024,random-1000000,MHC-GRCh38,MHC,1184608,2184608,1000000,100,4096,1,0,1,859972,859972,0,0,12461,0,3,3,859972,459323,2122034,1.872260,0.405258,186.064000,3784.713000,36754.521000,48337.247000,353309.598000,62,23856,a4ae3a1878e1169345e4fbb02c936c6307c27623ad764f1f7f79d436e368859b,true,62,true,43.432587,119.797760,331.325867
fixed-window,fixed-w16k-zstd-3,random-1000000-00025,random-1000000,MHC-GRCh38,MHC,1338039,2338039,1000000,100,4096,1,0,1,789207,789207,0,0,12461,0,3,3,789207,436059,1949188,1.809863,0.404890,128.213000,3399.952000,31238.725000,41176.008000,298221.035000,62,20179,470ada55d1277708ddb8ba03fa4dfec6538763d0b7737a7aa96b06a385ab3f80,true,62,true,41.545520,114.136560,312.455200
fixed-window,fixed-w16k-zstd-3,random-1000000-00026,random-1000000,MHC-GRCh38,MHC,2952014,3952014,1000000,100,4096,1,0,1,689647,689647,0,0,12461,0,3,3,689647,394823,1717122,1.746724,0.401630,129.049000,3039.349000,24239.395000,29306.264000,235501.034000,62,15124,a0d98d2f718148bec626d5216204a068289a7e72929090781336570ecd0a65ba,true,62,true,38.890587,106.171760,285.905867
fixed-window,fixed-w16k-zstd-3,random-1000000-00027,random-1000000,MHC-GRCh38,MHC,1870809,2870809,1000000,100,4096,1,0,1,973693,973693,0,0,12461,0,3,3,973693,500649,2421925,1.944862,0.402033,110.670000,4319.098000,47349.695000,63174.485000,471993.298000,62,30209,265baddd14d48b8ff58937a7fe7163ceb0494542f704af225b24d25dad2c0691,true,62,true,46.465147,128.895440,361.651467
fixed-window,fixed-w16k-zstd-3,random-1000000-00028,random-1000000,MHC-GRCh38,MHC,1203836,2203836,1000000,100,4096,1,0,1,845817,845817,0,0,12461,0,3,3,845817,454759,2090232,1.859924,0.404652,101.119000,3801.461000,35720.142000,47732.682000,339949.290000,62,23176,7c2ea57903982b0e5e105a9a9c735b8f4b47b2e9901cb9a445a9bb85d4818e74,true,62,true,43.055120,118.665360,327.551200
fixed-window,fixed-w16k-zstd-3,random-1000000-00029,random-1000000,MHC-GRCh38,MHC,1429528,2429528,1000000,100,4096,1,0,1,690145,690145,0,0,12461,0,3,3,690145,404749,1700972,1.705118,0.405736,127.146000,3091.210000,23773.885000,30056.463000,225595.100000,62,14858,a982fb629a5d4f42b3bbff00ef4b0a3429062d61a32d6e105d6264f893a7dc09,true,62,true,38.903867,106.211600,286.038667
fixed-window,fixed-w16k-zstd-3,random-1000000-00030,random-1000000,MHC-GRCh38,MHC,1281840,2281840,1000000,100,4096,1,0,1,813169,813169,0,0,12461,0,3,3,813169,443759,2018115,1.832456,0.402935,138.092000,3594.978000,33385.929000,44027.074000,318650.804000,62,21654,74320e0fe62159d7e1a16715c15392baea70a2f4f0a254184f3e100043c83e80,true,62,true,42.184507,116.053520,318.845067
fixed-window,fixed-w16k-zstd-3,random-1000000-00031,random-1000000,MHC-GRCh38,MHC,8225,1008225,1000000,100,4096,1,0,1,577924,577924,0,0,8365,0,2,2,577924,362389,1419253,1.594761,0.407203,117.311000,2500.273000,13983.860000,16171.098000,131937.513000,62,8846,30408d4bcab76ea00038368a9c8c26d5b6dd9cc70936d646b5bb25edb92c8711,true,62,true,35.911307,97.233920,256.113067
fixed-window,fixed-w16k-zstd-3,random-1000000-00032,random-1000000,MHC-GRCh38,MHC,2647156,3647156,1000000,100,4096,1,0,1,958979,958979,0,0,8365,0,2,2,958979,490934,2423048,1.953377,0.395774,114.764000,4267.725000,46967.563000,62015.139000,469369.116000,62,30239,5eb8196c34f5e9c13d788b072827151a7ba899ba49671d2864afd58584587b15,true,62,true,46.072773,127.718320,357.727733
fixed-window,fixed-w16k-zstd-3,random-1000000-00033,random-1000000,MHC-GRCh38,MHC,1021875,2021875,1000000,100,4096,1,0,1,880642,880642,0,0,12461,0,3,3,880642,468904,2173817,1.878086,0.405113,119.686000,3830.515000,37636.224000,50459.208000,362520.074000,62,24948,cc6e961683fad3f712de71c6327e632e16512716d90fa372baaf2a8c043e924d,true,62,true,43.983787,121.451360,336.837867
fixed-window,fixed-w16k-zstd-3,random-1000000-00034,random-1000000,MHC-GRCh38,MHC,1702048,2702048,1000000,100,4096,1,0,1,719202,719202,0,0,12461,0,3,3,719202,413532,1776992,1.739169,0.404730,124.883000,3141.037000,25427.645000,32266.205000,243532.105000,62,16434,cc625ddf5cb171f269e82a7243d46ad4007d02cda62a99fea9e197a2a74df79d,true,62,true,39.678720,108.536160,293.787200
fixed-window,fixed-w16k-zstd-3,random-1000000-00035,random-1000000,MHC-GRCh38,MHC,3941206,4941206,1000000,100,4096,1,0,1,1654430,1654430,0,0,12461,0,3,3,1654430,740295,4279211,2.234825,0.386620,112.266000,7144.572000,105298.448000,148210.806000,1037799.263000,62,69348,d9b75fc887f1bd97487d2ae6b97bfeb9161c60db749716cd48a5b6be90212551,true,62,true,64.618133,183.354400,543.181333
fixed-window,fixed-w16k-zstd-3,random-1000000-00036,random-1000000,MHC-GRCh38,MHC,3109002,4109002,1000000,100,4096,1,0,1,1275215,1275215,0,0,12461,0,3,3,1275215,594475,3260786,2.145111,0.391076,167.214000,5975.914000,75743.080000,99273.390000,717097.572000,62,47647,a1139bc1b3cc0c9be8c29a3b5e5d434fc8f53a70f5e2430c82aed268c9bbbb1b,true,62,true,54.505733,153.017200,442.057333
fixed-window,fixed-w16k-zstd-3,random-1000000-00037,random-1000000,MHC-GRCh38,MHC,723032,1723032,1000000,100,4096,1,0,1,854733,854733,0,0,12461,0,3,3,854733,458246,2103900,1.865227,0.406261,159.946000,3816.003000,36324.815000,49024.806000,348589.939000,62,23483,b65d7bd46ed8e38a08863bd42c3915c37b1802240e9d27376f81af61ecb56717,true,62,true,43.292880,119.378640,329.928800
fixed-window,fixed-w16k-zstd-3,random-1000000-00038,random-1000000,MHC-GRCh38,MHC,3366612,4366612,1000000,100,4096,1,0,1,1672300,1672300,0,0,12461,0,3,3,1672300,737951,4324607,2.266140,0.386694,131.426000,7493.235000,109756.708000,150496.746000,1091398.121000,62,70287,f5d440d6ad7c2be86ae2bbc2176586965b72a222f7736504830d8232b0c8a08a,true,62,true,65.094667,184.784000,547.946667
fixed-window,fixed-w16k-zstd-3,random-1000000-00039,random-1000000,MHC-GRCh38,MHC,2014029,3014029,1000000,100,4096,1,0,1,1077070,1077070,0,0,12461,0,3,3,1077070,542012,2711969,1.987170,0.397154,162.671000,4803.211000,54852.911000,76166.969000,553173.957000,62,36367,e0b7422bdce755136ed16c213df63bf8aeee75a73b077978ac4fd21116f1c384,true,62,true,49.221867,137.165600,389.218667
fixed-window,fixed-w16k-zstd-3,random-1000000-00040,random-1000000,MHC-GRCh38,MHC,2480500,3480500,1000000,100,4096,1,0,1,1048414,1048414,0,0,12461,0,3,3,1048414,528679,2631700,1.983082,0.398379,142.563000,4724.312000,53677.041000,71667.258000,541287.580000,62,34657,101e004141f9320463ea0bdcf1f4a847b36c3a4ad8df506c8ef404a7afd734d8,true,62,true,48.457707,134.873120,381.577067
fixed-window,fixed-w16k-zstd-3,random-1000000-00041,random-1000000,MHC-GRCh38,MHC,1705935,2705935,1000000,100,4096,1,0,1,731923,731923,0,0,12461,0,3,3,731923,414435,1782615,1.766074,0.410589,138.076000,3255.398000,26579.721000,32852.113000,253797.797000,62,16535,bb07e8949b83f9c2fd5e6b6f69aa706ed297830d1fb5b09de7d3c599c7424f5c,true,62,true,40.017947,109.553840,297.179467
fixed-window,fixed-w16k-zstd-3,random-1000000-00042,random-1000000,MHC-GRCh38,MHC,3191759,4191759,1000000,100,4096,1,0,1,1557059,1557059,0,0,8365,0,2,2,1557059,691133,4015780,2.252908,0.387735,116.935000,6796.917000,95490.523000,134654.206000,954074.355000,62,63684,d682a19a254b6fb86a20dab23a7ae3aa673c51f6eeaa9a5a09120d312e127c45,true,62,true,62.021573,175.564720,517.215733
fixed-window,fixed-w16k-zstd-3,random-1000000-00043,random-1000000,MHC-GRCh38,MHC,3565676,4565676,1000000,100,4096,1,0,1,1716785,1716785,0,0,12461,0,3,3,1716785,764994,4445883,2.244181,0.386152,141.832000,7500.138000,109568.901000,159350.017000,1094826.512000,62,72826,3cbf420d44080cc3112e3437cae5b3aeef9aab63f41c91a565a2514da9d0bc2d,true,62,true,66.280933,188.342800,559.809333
fixed-window,fixed-w16k-zstd-3,random-1000000-00044,random-1000000,MHC-GRCh38,MHC,1816865,2816865,1000000,100,4096,1,0,1,854386,854386,0,0,12461,0,3,3,854386,463536,2129298,1.843192,0.401252,152.788000,3984.579000,39029.184000,50161.005000,379473.862000,62,23931,1fa19d458d5147285c6865dbabed0f6de9a1785d5f01a9ab8795da621c6ffa7e,true,62,true,43.283627,119.350880,329.836267
fixed-window,fixed-w16k-zstd-3,random-1000000-00045,random-1000000,MHC-GRCh38,MHC,3842818,4842818,1000000,100,4096,1,0,1,1717642,1717642,0,0,12461,0,3,3,1717642,765333,4452461,2.244307,0.385774,131.569000,7598.027000,114676.755000,157055.858000,1121219.490000,62,72970,950cab52da1779ae974072802c0839806719cdb6609614eca9f769bfbdcd3b60,true,62,true,66.303787,188.411360,560.037867
fixed-window,fixed-w16k-zstd-3,random-1000000-00046,random-1000000,MHC-GRCh38,MHC,3283569,4283569,1000000,100,4096,1,0,1,1646512,1646512,0,0,12461,0,3,3,1646512,727203,4266746,2.264171,0.385894,174.205000,7275.624000,106219.153000,149125.482000,1053314.091000,62,69043,03e119d6acb173780e9f8b0afd6d6df26c11148dcc49f3c21d7003c28709c507,true,62,true,64.406987,182.720960,541.069867
fixed-window,fixed-w16k-zstd-3,random-1000000-00047,random-1000000,MHC-GRCh38,MHC,50408,1050408,1000000,100,4096,1,0,1,583105,583105,0,0,12461,0,3,3,583105,363132,1427900,1.605766,0.408365,161.814000,2580.588000,14502.972000,16852.998000,137040.086000,62,9021,295a00d2fa7963302f87ca50c102aadbd8a70a31b6ab42184526ae9c7ab6d617,true,62,true,36.049467,97.648400,257.494667
fixed-window,fixed-w16k-zstd-3,random-1000000-00048,random-1000000,MHC-GRCh38,MHC,437446,1437446,1000000,100,4096,1,0,1,787210,787210,0,0,12461,0,3,3,787210,429513,1927434,1.832797,0.408424,105.470000,3458.240000,30455.391000,40823.935000,294980.094000,62,19755,5e1a8f5b5cc81b4401749fa955735a077a400f064b4fbe4f32c3a289d868657a,true,62,true,41.492267,113.976800,311.922667
fixed-window,fixed-w16k-zstd-3,random-1000000-00049,random-1000000,MHC-GRCh38,MHC,137312,1137312,1000000,100,4096,1,0,1,588813,588813,0,0,12461,0,3,3,588813,365421,1445026,1.611328,0.407476,114.627000,2624.577000,15175.131000,18411.988000,143216.345000,62,9393,4f8904e413da28cbdb847c7e5b34d19f5679e12b5d22eca0b80bd17b1a48d09f,true,62,true,36.201680,98.105040,259.016800
fixed-window,fixed-w16k-zstd-3,random-1000-00000,random-1000,MHC-GRCh38,MHC,2654244,2655244,1000,100,16384,3,0,3,37566,37566,0,16384,4269,4096,1,0,17086,902,2731,41.647450,13.755401,8.498000,72.230000,861.482000,273.162000,7347.794000,1,20,9e6a7e61454f808e71928eb50122ac51264140a3a46e543aacd032ce0325eff6,true,1,true,62.501760,156.005280,316.017600
fixed-window,fixed-w16k-zstd-3,random-1000-00001,random-1000,MHC-GRCh38,MHC,4897918,4898918,1000,100,16384,2,0,2,19329,19329,0,0,4269,4096,1,0,15233,1029,2915,18.784257,6.630875,31.611000,73.926000,228.337000,86.953000,2044.446000,2,5,497aab4941ed7432ed072eaf08976ff3f4d82435c6a9015ff9486bca77b954a4,true,2,true,41.515440,103.546320,209.154400
fixed-window,fixed-w16k-zstd-3,random-1000-00002,random-1000,MHC-GRCh38,MHC,1758423,1759423,1000,100,16384,2,0,2,9845,9845,0,0,4269,269,1,0,9576,637,1847,15.455259,5.330265,14.183000,41.219000,248.386000,80.124000,2208.249000,1,10,327e35d7f0654c035cbcaa43da5b9ed09c32120481462e7264ee394269ab1547,true,1,true,41.262533,102.787600,206.625333
fixed-window,fixed-w16k-zstd-3,random-1000-00003,random-1000,MHC-GRCh38,MHC,3202374,3203374,1000,100,16384,2,0,2,12203,12203,0,0,4269,4096,1,0,8107,921,2656,13.249729,4.594503,12.021000,37.163000,168.069000,51.333000,1571.018000,1,5,1128b520ef62fa03c97fd28004a4d38be7744f8a143c72fc91256a04a90cce39,true,1,true,41.325413,102.976240,207.254133
fixed-window,fixed-w16k-zstd-3,random-1000-00004,random-1000,MHC-GRCh38,MHC,1529093,1530093,1000,100,16384,1,0,1,11848,11848,0,0,4269,0,1,0,11848,675,1884,17.552593,6.288747,8.506000,48.409000,412.756000,130.688000,3483.687000,1,7,34fc65eed42004cb8ea69be32e673e03aa31969502eb93d63dc299a011286a0c,true,1,true,20.815947,51.947840,105.159467
fixed-window,fixed-w16k-zstd-3,random-1000-00005,random-1000,MHC-GRCh38,MHC,999079,1000079,1000,100,16384,1,0,1,18219,18219,0,0,4269,0,1,0,18219,813,2483,22.409594,7.337495,11.123000,81.574000,465.697000,144.461000,4035.179000,2,19,060fd8696c789e1f3091c610af3213cb02caf610c1344e81b814e59d08e28ff1,true,2,true,20.985840,52.457520,106.858400
fixed-window,fixed-w16k-zstd-3,random-1000-00006,random-1000,MHC-GRCh38,MHC,4410732,4411732,1000,100,16384,2,0,2,12508,12508,0,0,4269,4096,1,0,8412,633,1820,19.759874,6.872527,19.798000,37.825000,201.694000,58.479000,1760.144000,1,7,3d525188226a2b4b93a86cd996e399423bdf6c1fd28a1be1746ab93287767321,true,1,true,41.333547,103.000640,207.335467
fixed-window,fixed-w16k-zstd-3,random-1000-00007,random-1000,MHC-GRCh38,MHC,2388877,2389877,1000,100,16384,2,0,2,13318,13318,0,0,4269,4096,1,0,9222,719,2057,18.522949,6.474477,12.423000,39.552000,207.112000,66.386000,1875.645000,1,7,4120304f0fd3201fe597ea047e702194ca80cec4119d40e02bf87bdc869b9ed6,true,1,true,41.355147,103.065440,207.551467
fixed-window,fixed-w16k-zstd-3,random-1000-00008,random-1000,MHC-GRCh38,MHC,844767,845767,1000,100,16384,1,0,1,8104,8104,0,0,4269,0,1,1,8104,680,1955,11.917647,4.145269,6.283000,35.573000,117.299000,69.074000,1074.104000,1,10,2f4cccf6900e96c63c33d73e1d1dc9352113232b55055f63b7d58742e9c3f133,true,1,true,20.716107,51.648320,104.161067
fixed-window,fixed-w16k-zstd-3,random-1000-00009,random-1000,MHC-GRCh38,MHC,3227097,3228097,1000,100,16384,1,0,1,16082,16082,0,0,4269,0,1,1,16082,652,1812,24.665644,8.875276,6.616000,73.277000,290.624000,87.521000,2642.283000,2,4,1e4a019e1726e8ba65e852d04625ac9dc15994657eedbff25580493c66713e8f,true,2,true,20.928853,52.286560,106.288533
fixed-window,fixed-w16k-zstd-3,random-1000-00010,random-1000,MHC-GRCh38,MHC,2263341,2264341,1000,100,16384,1,0,1,12318,12318,0,0,4269,0,1,1,12318,756,2259,16.293651,5.452855,10.859000,54.747000,474.015000,153.756000,3670.551000,1,14,42081a21e00ed8b30f3963590fb9f6fa845048ae8d09140e66d6a1ea388a893e,true,1,true,20.828480,51.985440,105.284800
fixed-window,fixed-w16k-zstd-3,random-1000-00011,random-1000,MHC-GRCh38,MHC,2372803,2373803,1000,100,16384,1,0,1,9334,9334,0,0,4269,0,1,1,9334,969,2988,9.632611,3.123829,11.469000,41.583000,244.515000,80.071000,2124.370000,1,15,f6124a9d542a83f41cb0ca4cf2157c76d8ee4a805e2df448d7f9583cf0ace903,true,1,true,20.748907,51.746720,104.489067
fixed-window,fixed-w16k-zstd-3,random-1000-00012,random-1000,MHC-GRCh38,MHC,3184950,3185950,1000,100,16384,1,0,1,8238,8238,0,0,4269,0,1,1,8238,713,2159,11.553997,3.815655,5.959000,37.581000,167.719000,52.471000,1408.009000,1,7,ae2c19e612e81a1a34a7b2d8e17a0fdfa8fd1b3a559d43fdc510eb262f125e39,true,1,true,20.719680,51.659040,104.196800
fixed-window,fixed-w16k-zstd-3,random-1000-00013,random-1000,MHC-GRCh38,MHC,2471785,2472785,1000,100,16384,1,0,1,11692,11692,0,0,4269,0,1,1,11692,821,2423,14.241169,4.825423,5.697000,47.422000,424.315000,154.060000,3729.087000,1,16,78359ae698fdb0f3f0217a4c946017c335c5690a0595edb49e77167232e722b7,true,1,true,20.811787,51.935360,105.117867
fixed-window,fixed-w16k-zstd-3,random-1000-00014,random-1000,MHC-GRCh38,MHC,333531,334531,1000,100,16384,1,0,1,7952,7952,0,0,4269,0,1,0,7952,943,2762,8.432662,2.879073,12.634000,39.254000,151.598000,45.868000,1262.347000,1,5,0363ab622e676d6a8bebb0247e376934c6da8bf3fb4ab519c09d27a8e9869c44,true,1,true,20.712053,51.636160,104.120533
fixed-window,fixed-w16k-zstd-3,random-1000-00015,random-1000,MHC-GRCh38,MHC,1587266,1588266,1000,100,16384,1,0,1,14476,14476,0,0,4269,0,1,1,14476,879,2784,16.468714,5.199713,4.366000,58.975000,601.070000,212.650000,5287.268000,1,25,a074279b4584b1a09e38170fd91ae5214a908a8452b206c2dfdf7244446b39a2,true,1,true,20.886027,52.158080,105.860267
fixed-window,fixed-w16k-zstd-3,random-1000-00016,random-1000,MHC-GRCh38,MHC,4179654,4180654,1000,100,16384,2,0,2,44302,44302,0,0,4269,4096,1,0,40206,1512,6962,29.300265,6.363401,17.487000,179.317000,3188.361000,1034.302000,26979.185000,1,118,13cedfee0c486b99f64e1ea06492b81ad7d0bea4a804ce6481c9adfec9b1e7bb,true,1,true,42.181387,105.544160,215.813867
fixed-window,fixed-w16k-zstd-3,random-1000-00017,random-1000,MHC-GRCh38,MHC,703981,704981,1000,100,16384,1,0,1,16440,16440,0,0,4269,0,1,1,16440,861,2467,19.094077,6.663964,23.809000,89.259000,310.800000,132.565000,2745.118000,2,13,ff7bbf634c71c6f1dd35a8040bef4c4f021bf3d07d17436282ce68d43a7db554,true,2,true,20.938400,52.315200,106.384000
fixed-window,fixed-w16k-zstd-3,random-1000-00018,random-1000,MHC-GRCh38,MHC,3890814,3891814,1000,100,16384,1,0,1,24538,24538,0,0,4269,0,1,1,24538,1896,9803,12.941983,2.503111,10.391000,109.772000,1838.587000,724.209000,16241.847000,1,179,711e6c17be3b6bd0f4d3649373e43b88471c92aeea294c33d690ed4ec2db8328,true,1,true,21.154347,52.963040,108.543467
fixed-window,fixed-w16k-zstd-3,random-1000-00019,random-1000,MHC-GRCh38,MHC,973637,974637,1000,100,16384,1,0,1,7018,7018,0,0,4269,0,1,1,7018,1104,3198,6.356884,2.194497,24.161000,41.878000,86.583000,49.174000,821.757000,1,8,c729361adead1455d9c7e7f8df38e26b3f81c2e2c16d71543aa3dab946deef4c,true,1,true,20.687147,51.561440,103.871467
fixed-window,fixed-w16k-zstd-3,random-1000-00020,random-1000,MHC-GRCh38,MHC,1049451,1050451,1000,100,16384,1,0,1,10615,10615,0,0,4269,0,1,1,10615,892,2542,11.900224,4.175846,4.886000,43.859000,295.588000,92.517000,2480.903000,1,5,978106361b9ce1848ba41b6852d66c128be9639f490c001a2df3714fce3ec657,true,1,true,20.783067,51.849200,104.830667
fixed-window,fixed-w16k-zstd-3,random-1000-00021,random-1000,MHC-GRCh38,MHC,2164019,2165019,1000,100,16384,1,0,1,9579,9579,0,0,4269,0,1,1,9579,1011,3651,9.474777,2.623665,5.160000,40.923000,285.454000,128.547000,2605.220000,1,48,9d5820195af9df31011983a492f80f8052801fe20211e0742fe90b2c66ff5ac6,true,1,true,20.755440,51.766320,104.554400
fixed-window,fixed-w16k-zstd-3,random-1000-00022,random-1000,MHC-GRCh38,MHC,394097,395097,1000,100,16384,1,0,1,9088,9088,0,0,4269,0,1,1,9088,1014,2948,8.962525,3.082768,7.509000,44.364000,213.764000,70.248000,1875.946000,1,14,b230b53d8764c7051d4fa7d2eba4a8c8aa170718a9374ddfe08ba15cd0af9850,true,1,true,20.742347,51.727040,104.423467
fixed-window,fixed-w16k-zstd-3,random-1000-00023,random-1000,MHC-GRCh38,MHC,453671,454671,1000,100,16384,1,0,1,9269,9269,0,0,4269,0,1,1,9269,777,2302,11.929215,4.026499,8.482000,39.955000,229.020000,71.850000,1916.732000,1,10,954fad997258c1d7bcb313252e890385367c01dfeda2c65bddb69060fdf33d30,true,1,true,20.747173,51.741520,104.471733
fixed-window,fixed-w16k-zstd-3,random-1000-00024,random-1000,MHC-GRCh38,MHC,3072536,3073536,1000,100,16384,1,0,1,8015,8015,0,0,4269,0,1,1,8015,1213,3672,6.607585,2.182734,6.431000,35.326000,121.371000,75.852000,1199.561000,1,12,e7be4c820bdefafd6078c3fe9bd23ef2eb0272186b6010a2f49036aeeee737c6,true,1,true,20.713733,51.641200,104.137333
fixed-window,fixed-w16k-zstd-3,random-1000-00025,random-1000,MHC-GRCh38,MHC,188333,189333,1000,100,16384,1,0,1,10464,10464,0,0,4269,0,1,1,10464,697,2100,15.012912,4.982857,3.837000,43.656000,284.745000,107.404000,2532.299000,1,11,6e02a0d61b3cc382fad437c58cd512111cc499bd269c8617735f70aa2439bc25,true,1,true,20.779040,51.837120,104.790400
fixed-window,fixed-w16k-zstd-3,random-1000-00026,random-1000,MHC-GRCh38,MHC,4480350,4481350,1000,100,16384,1,0,1,12339,12339,0,0,4269,0,1,1,12339,942,3228,13.098726,3.822491,4.638000,54.190000,451.006000,176.137000,3951.861000,1,33,2b8e0f970f8bd3adf5d439d7280c9d24ab569968031755caab8c3a21eacb006f,true,1,true,20.829040,51.987120,105.290400
fixed-window,fixed-w16k-zstd-3,random-1000-00027,random-1000,MHC-GRCh38,MHC,4331745,4332745,1000,100,16384,1,0,1,10751,10751,0,0,4269,0,1,1,10751,948,2740,11.340717,3.923723,11.956000,50.099000,351.136000,114.663000,3024.441000,1,10,f514fbc7ba6c3342342ea4df3bbb1339eb943d4856f213bc19cb31d4eb6460a0,true,1,true,20.786693,51.860080,104.866933
fixed-window,fixed-w16k-zstd-3,random-1000-00028,random-1000,MHC-GRCh38,MHC,3668197,3669197,1000,100,16384,1,0,1,7773,7773,0,0,4269,0,1,1,7773,890,2534,8.733708,3.067482,7.533000,34.261000,112.198000,65.361000,1065.873000,1,9,ec29ce27666900defd994b68938ec10785bd03e3477e24bd8c7e7999d204070a,true,1,true,20.707280,51.621840,104.072800
fixed-window,fixed-w16k-zstd-3,random-1000-00029,random-1000,MHC-GRCh38,MHC,3371627,3372627,1000,100,16384,1,0,1,9129,9129,0,0,4269,0,1,1,9129,843,2389,10.829181,3.821264,3.483000,39.813000,223.888000,67.799000,2049.859000,1,6,7310efd5ef673ce85a0292981e2aa2f9d728e575782158a6cce1fcc1e7d00d83,true,1,true,20.743440,51.730320,104.434400
fixed-window,fixed-w16k-zstd-3,random-1000-00030,random-1000,MHC-GRCh38,MHC,863595,864595,1000,100,16384,1,0,1,10299,10299,0,0,4269,0,1,1,10299,695,2124,14.818705,4.848870,4.737000,43.225000,335.714000,114.713000,2749.247000,1,16,e1f0e5b5e0738444990a30b50309fc1f8440118cba33fc79375d8f10db349cff,true,1,true,20.774640,51.823920,104.746400
fixed-window,fixed-w16k-zstd-3,random-1000-00031,random-1000,MHC-GRCh38,MHC,459612,460612,1000,100,16384,1,0,1,9600,9600,0,0,4269,0,1,1,9600,970,2762,9.896907,3.475742,8.773000,45.212000,244.744000,77.722000,2179.180000,1,7,473cdbefaaa0497769ca690fad91a750f13d9e251276ee588f4389875971d500,true,1,true,20.756000,51.768000,104.560000
fixed-window,fixed-w16k-zstd-3,random-1000-00032,random-1000,MHC-GRCh38,MHC,2813163,2814163,1000,100,16384,1,0,1,33881,33881,0,0,4269,0,1,1,33881,1803,9055,18.791459,3.741690,6.043000,155.713000,2509.592000,953.884000,22843.365000,1,165,28d30e5c08882e22fbf3e8e04ec858f8ad05b9f195bda0bf6462abfe5b17bec9,true,1,true,21.403493,53.710480,111.034933
fixed-window,fixed-w16k-zstd-3,random-1000-00033,random-1000,MHC-GRCh38,MHC,2627316,2628316,1000,100,16384,1,0,1,16674,16674,0,0,4269,0,1,1,16674,869,2985,19.187572,5.585930,25.662000,71.124000,806.513000,277.880000,7256.673000,1,33,ac7f52a4da7f47105beb7ff3648385f4d83acfac7446ff83443c83f771ca7a42,true,1,true,20.944640,52.333920,106.446400
fixed-window,fixed-w16k-zstd-3,random-1000-00034,random-1000,MHC-GRCh38,MHC,3196323,3197323,1000,100,16384,1,0,1,8107,8107,0,0,4269,0,1,1,8107,774,2184,10.474160,3.711996,24.941000,42.058000,178.982000,51.501000,1611.110000,1,8,ca3fdd278dbe51cf3b7c498d5f6d5ed86a6825abe46333c0f64e8720ee5a2b97,true,1,true,20.716187,51.648560,104.161867
fixed-window,fixed-w16k-zstd-3,random-1000-00035,random-1000,MHC-GRCh38,MHC,880264,881264,1000,100,16384,1,0,1,11018,11018,0,0,4269,0,1,1,11018,690,1994,15.968116,5.525577,5.023000,46.170000,382.751000,124.238000,3313.324000,1,10,02a5e630a7ecae5a6fdac57f142972a9954af6c6cbba219d351f861c5f964fe9,true,1,true,20.793813,51.881440,104.938133
fixed-window,fixed-w16k-zstd-3,random-1000-00036,random-1000,MHC-GRCh38,MHC,3737062,3738062,1000,100,16384,1,0,1,16503,16503,0,0,4269,0,1,1,16503,985,3381,16.754315,4.881100,7.328000,67.355000,848.241000,290.997000,7132.997000,1,37,469a228e6d9bff5fbb0328ce8fb57e3b07b77d96f43a7cbc983aec8a6198818e,true,1,true,20.940080,52.320240,106.400800
fixed-window,fixed-w16k-zstd-3,random-1000-00037,random-1000,MHC-GRCh38,MHC,4383459,4384459,1000,100,16384,1,0,1,9626,9626,0,0,4269,0,1,1,9626,1106,3238,8.703436,2.972823,16.372000,46.178000,250.271000,86.756000,2212.475000,1,19,411253371be4566e476b48cc4b7f28ad447dc4cf288a707c2fa95cb4566dc793,true,1,true,20.756693,51.770080,104.566933
fixed-window,fixed-w16k-zstd-3,random-1000-00038,random-1000,MHC-GRCh38,MHC,4684396,4685396,1000,100,16384,1,0,1,8541,8541,0,0,4269,0,1,1,8541,758,2164,11.267810,3.946858,5.282000,37.589000,165.094000,50.705000,1342.944000,1,6,6e8b7d54a874ed28ed66197219d6eb5f31548f3a6239be8f1e45768446caf0e4,true,1,true,20.727760,51.683280,104.277600
fixed-window,fixed-w16k-zstd-3,random-1000-00039,random-1000,MHC-GRCh38,MHC,1840922,1841922,1000,100,16384,1,0,1,9065,9065,0,0,4269,0,1,1,9065,1071,3077,8.464052,2.946051,5.877000,40.096000,176.725000,54.182000,1492.911000,1,7,9dd2befaee651158ff162690c5b1f3246ca3145d6579891ed8094240565d730b,true,1,true,20.741733,51.725200,104.417333
fixed-window,fixed-w16k-zstd-3,random-1000-00040,random-1000,MHC-GRCh38,MHC,1176039,1177039,1000,100,16384,1,0,1,15570,15570,0,0,4269,0,1,1,15570,963,3363,16.168224,4.629795,4.755000,63.731000,720.293000,294.040000,5915.044000,1,42,f8b33b78bcf1c5279facdfe4e00f7c52aaa67d61781937fbf9b04c73fa2103d1,true,1,true,20.915200,52.245600,106.152000
fixed-window,fixed-w16k-zstd-3,random-1000-00041,random-1000,MHC-GRCh38,MHC,1205328,1206328,1000,100,16384,1,0,1,15268,15268,0,0,4269,0,1,1,15268,842,2644,18.133017,5.774584,8.892000,63.605000,745.425000,257.455000,6578.623000,1,22,52591b2a1e8cf8b8b05a327b9689905427511925fc794eb44ae21f5ac7146d52,true,1,true,20.907147,52.221440,106.071467
fixed-window,fixed-w16k-zstd-3,random-1000-00042,random-1000,MHC-GRCh38,MHC,3306190,3307190,1000,100,16384,1,0,1,8277,8277,0,0,4269,0,1,1,8277,610,1679,13.568852,4.929720,15.974000,44.317000,156.967000,40.569000,1446.817000,1,2,9310d89efc905274a30cf9b1fef4ae49b6ee90246689480d75b025ca803c2c00,true,1,true,20.720720,51.662160,104.207200
fixed-window,fixed-w16k-zstd-3,random-1000-00043,random-1000,MHC-GRCh38,MHC,2602103,2603103,1000,100,16384,1,0,1,23222,23222,0,0,4269,0,1,1,23222,1091,3976,21.285060,5.840543,5.826000,91.038000,1318.384000,453.108000,11374.122000,1,55,1d83a330ebb3476db118775d7a814be1ea79b3cba075d8b2ed08963f0df68835,true,1,true,21.119253,52.857760,108.192533
fixed-window,fixed-w16k-zstd-3,random-1000-00044,random-1000,MHC-GRCh38,MHC,2395815,2396815,1000,100,16384,1,0,1,11115,11115,0,0,4269,0,1,1,11115,883,2887,12.587769,3.850017,23.318000,51.794000,387.312000,150.512000,3503.737000,1,26,658b4267df3775de1f06317a4702ed96280eed3eb902dc2c005e1a0a47a1225f,true,1,true,20.796400,51.889200,104.964000
fixed-window,fixed-w16k-zstd-3,random-1000-00045,random-1000,MHC-GRCh38,MHC,770666,771666,1000,100,16384,1,0,1,8861,8861,0,0,4269,0,1,1,8861,685,1901,12.935766,4.661231,14.285000,43.061000,209.159000,61.719000,1725.575000,1,5,203ec49a4b66b8e8bea76d9be38083e6c5efec993a3cc041356d317a48054a79,true,1,true,20.736293,51.708880,104.362933
fixed-window,fixed-w16k-zstd-3,random-1000-00046,random-1000,MHC-GRCh38,MHC,4731030,4732030,1000,100,16384,1,0,1,9573,9573,0,0,4269,0,1,1,9573,733,2267,13.060027,4.222761,1.231000,44.282000,253.153000,96.170000,2349.085000,1,10,5046675d6dc78ae7bbce313040be64f4aa3761c37dd9222c395b73c654bc9580,true,1,true,20.755280,51.765840,104.552800
fixed-window,fixed-w16k-zstd-3,random-1000-00047,random-1000,MHC-GRCh38,MHC,4696809,4697809,1000,100,16384,1,0,1,8736,8736,0,0,4269,0,1,1,8736,786,2267,11.114504,3.853551,6.787000,37.357000,169.876000,51.962000,1398.450000,1,7,c91fc7c569b4313f9104f9105e591d65193a99e68391881d82bd269e4abeafca,true,1,true,20.732960,51.698880,104.329600
fixed-window,fixed-w16k-zstd-3,random-1000-00048,random-1000,MHC-GRCh38,MHC,1378757,1379757,1000,100,16384,1,0,1,26478,26478,0,0,4269,0,1,1,26478,1125,4488,23.536000,5.899733,5.527000,103.333000,1415.400000,574.027000,12449.660000,1,66,9454b7b7fa9f4cefd2fcb6c2172f0037afe29d479b93847eaa4448b3f435dea2,true,1,true,21.206080,53.118240,109.060800
fixed-window,fixed-w16k-zstd-3,random-1000-00049,random-1000,MHC-GRCh38,MHC,485156,486156,1000,100,16384,1,0,1,8657,8657,0,0,4269,0,1,1,8657,900,2631,9.618889,3.290384,19.369000,45.197000,187.309000,62.321000,1969.342000,1,7,e9d3f144fb710b4af80a14787e3f7e19fd6f236c29a5bfcdf641e083ee21fec6,true,1,true,20.730853,51.692560,104.308533
fixed-window,fixed-w16k-zstd-3,random-10000-00000,random-10000,MHC-GRCh38,MHC,3144166,3154166,10000,100,16384,1,0,1,18071,18071,0,0,8365,0,2,2,18071,4743,15597,3.810036,1.158620,11.067000,83.250000,428.432000,207.212000,3798.840000,2,89,39b98f81c1d5508812cb847e9eb58f1e9fe6aa4825df05dcd59e9d777af57f93,true,2,true,20.981893,52.445680,106.818933
fixed-window,fixed-w16k-zstd-3,random-10000-00001,random-10000,MHC-GRCh38,MHC,1999633,2009633,10000,100,16384,1,0,1,8734,8734,0,0,4269,0,1,1,8734,4568,16007,1.911996,0.545636,14.740000,40.827000,214.163000,149.040000,2112.257000,1,97,cc684d8ba2d026ad7701177669cf186b67cd4fc92e0621bd93e4eb97431ab246,true,1,true,20.732907,51.698720,104.329067
fixed-window,fixed-w16k-zstd-3,random-10000-00002,random-10000,MHC-GRCh38,MHC,3794961,3804961,10000,100,16384,1,0,1,27903,27903,0,0,4269,0,1,1,27903,6020,22077,4.635050,1.263895,11.724000,139.357000,1324.338000,638.943000,12380.776000,2,248,190f92872e9974690d868a0e84431a5f616fe7a7f37bf2536c87916dad846075,true,2,true,21.244080,53.232240,109.440800
fixed-window,fixed-w16k-zstd-3,random-10000-00003,random-10000,MHC-GRCh38,MHC,2063456,2073456,10000,100,16384,1,0,1,15230,15230,0,0,4269,0,1,1,15230,4225,13449,3.604734,1.132426,35.092000,82.959000,285.280000,157.708000,2530.363000,2,47,10e1e139258090034fa50195ad815299965b8ff66179d168fd5246669fdd25a6,true,2,true,20.906133,52.218400,106.061333
fixed-window,fixed-w16k-zstd-3,random-10000-00004,random-10000,MHC-GRCh38,MHC,3422261,3432261,10000,100,16384,1,0,1,13825,13825,0,0,4269,0,1,1,13825,3868,12642,3.574199,1.093577,10.430000,68.771000,148.837000,86.613000,1484.639000,2,35,7377bc77555ecbeffa3faaf81f94463b392365fa6d525c02279e0ec018cc29f2,true,2,true,20.868667,52.106000,105.686667
fixed-window,fixed-w16k-zstd-3,random-10000-00005,random-10000,MHC-GRCh38,MHC,375092,385092,10000,100,16384,1,0,1,21045,21045,0,0,4269,0,1,1,21045,4569,15464,4.606041,1.360903,9.714000,89.605000,656.602000,271.486000,5392.597000,2,100,b0febf5cd626e88eacb32283496b4278437c877b9c12f4197b83f726eecd16b2,true,2,true,21.061200,52.683600,107.612000
fixed-window,fixed-w16k-zstd-3,random-10000-00006,random-10000,MHC-GRCh38,MHC,4078995,4088995,10000,100,16384,1,0,1,199777,199777,0,0,4269,0,1,1,199777,18104,109606,11.034965,1.822683,19.705000,885.759000,15906.161000,7520.428000,138769.104000,2,2121,33fae7e58ae56ce68aba4d675a33f811e5b55af9cecc59652cace3da4c7da02a,true,2,true,25.827387,66.982160,155.273867
fixed-window,fixed-w16k-zstd-3,random-10000-00007,random-10000,MHC-GRCh38,MHC,2692223,2702223,10000,100,16384,1,0,1,25907,25907,0,0,4269,0,1,1,25907,8684,40225,2.983303,0.644052,28.780000,105.742000,1555.398000,1104.360000,14124.290000,1,634,2184e6f23cd49b12f8e58d537c41ab70d502945455ed9e2edbc5fb453b400429,true,1,true,21.190853,53.072560,108.908533
fixed-window,fixed-w16k-zstd-3,random-10000-00008,random-10000,MHC-GRCh38,MHC,1602057,1612057,10000,100,16384,1,0,1,22122,22122,0,0,4269,0,1,1,22122,4963,17746,4.457385,1.246591,62.210000,104.491000,744.169000,351.145000,6615.187000,2,141,8c8382ba14db8ccb2eca890c77d2bc76bed4f97d10c79ad8ef2e17e71fa89ad2,true,2,true,21.089920,52.769760,107.899200
fixed-window,fixed-w16k-zstd-3,random-10000-00009,random-10000,MHC-GRCh38,MHC,802401,812401,10000,100,16384,1,0,1,18378,18378,0,0,4269,0,1,1,18378,4237,13507,4.337503,1.360628,16.233000,82.006000,450.742000,206.941000,3939.503000,2,57,e1afbedaefe7cd8796ed5c1395457d118ecec4ebb64d5699d40faa21ffa625c3,true,2,true,20.990080,52.470240,106.900800
fixed-window,fixed-w16k-zstd-3,random-10000-00010,random-10000,MHC-GRCh38,MHC,4572584,4582584,10000,100,16384,1,0,1,22595,22595,0,0,4269,0,1,1,22595,9513,46922,2.375171,0.481544,12.543000,91.429000,1521.462000,1307.834000,12935.609000,1,783,b9dbb3e60b8227b0fced33e36e221fc313a72535009acbe00cafeb1e13269519,true,1,true,21.102533,52.807600,108.025333
fixed-window,fixed-w16k-zstd-3,random-10000-00011,random-10000,MHC-GRCh38,MHC,1340999,1350999,10000,100,16384,1,0,1,51500,51500,0,0,4269,0,1,1,51500,8891,42333,5.792374,1.216545,52.297000,215.380000,3215.475000,1599.519000,27882.773000,2,675,0380e4c3d31e0843be239b39884bb94ed504a52351b9b739d8ae7eb58e2cd10c,true,2,true,21.873333,55.120000,115.733333
fixed-window,fixed-w16k-zstd-3,random-10000-00012,random-10000,MHC-GRCh38,MHC,2666687,2676687,10000,100,16384,1,0,1,40060,40060,0,0,4269,0,1,1,40060,7380,29951,5.428184,1.337518,85.568000,167.836000,2144.636000,1034.566000,19021.657000,2,414,14836fe4e7a9d2bb9552d874a3903f0be6ead340db1fa6966b3b3a817dbe4f0c,true,2,true,21.568267,54.204800,112.682667
fixed-window,fixed-w16k-zstd-3,random-10000-00013,random-10000,MHC-GRCh38,MHC,640027,650027,10000,100,16384,1,0,1,9204,9204,0,0,4269,0,1,1,9204,4598,15284,2.001740,0.602198,55.034000,59.509000,259.198000,139.307000,2092.701000,1,89,4e7efa88c63198f9275ded82d6b16c0b17a275ba5bd66b71b23f28ca372a35c9,true,1,true,20.745440,51.736320,104.454400
fixed-window,fixed-w16k-zstd-3,random-10000-00014,random-10000,MHC-GRCh38,MHC,392291,402291,10000,100,16384,1,0,1,18972,18972,0,0,4269,0,1,1,18972,4679,14695,4.054713,1.291051,11.637000,85.668000,469.046000,193.742000,4140.767000,2,66,680451a90ee7e61605d89eb0343574aeed831204958be96132d701d50c497a4e,true,2,true,21.005920,52.517760,107.059200
fixed-window,fixed-w16k-zstd-3,random-10000-00015,random-10000,MHC-GRCh38,MHC,3877805,3887805,10000,100,16384,1,0,1,46721,46721,0,0,4269,0,1,1,46721,9791,47287,4.771831,0.988031,12.532000,205.170000,3017.702000,1721.050000,27424.274000,2,763,4aadba18576871bc75bed9737449a77bd5e97a10e8eb617ce072a211691ac986,true,2,true,21.745893,54.737680,114.458933
fixed-window,fixed-w16k-zstd-3,random-10000-00016,random-10000,MHC-GRCh38,MHC,2635713,2645713,10000,100,16384,1,0,1,31141,31141,0,0,4269,0,1,1,31141,6057,24684,5.141324,1.261586,58.608000,136.849000,1433.483000,717.768000,12697.943000,2,290,8328fb3d0dd728da513bb7f9c844d1843cbbd91ffefcf5bf204984e450d740fc,true,2,true,21.330427,53.491280,110.304267
fixed-window,fixed-w16k-zstd-3,random-10000-00017,random-10000,MHC-GRCh38,MHC,838673,848673,10000,100,16384,1,0,1,8104,8104,0,0,4269,0,1,1,8104,4112,12778,1.970817,0.634215,35.063000,41.142000,128.815000,101.095000,1172.264000,1,45,00ae6fcca2ad3bda4a47ebd2bc82e1665cc3138cf57f62fae1693748a49364e1,true,1,true,20.716107,51.648320,104.161067
fixed-window,fixed-w16k-zstd-3,random-10000-00018,random-10000,MHC-GRCh38,MHC,1050278,1060278,10000,100,16384,1,0,1,10615,10615,0,0,4269,0,1,1,10615,4865,17640,2.181912,0.601757,7.918000,45.920000,313.262000,222.823000,2725.030000,1,151,6672b5fd0e28d817406ecdb9d2b4200fb3a47f0f89383a153cf8fa5202e19483,true,1,true,20.783067,51.849200,104.830667
fixed-window,fixed-w16k-zstd-3,random-10000-00019,random-10000,MHC-GRCh38,MHC,1468704,1478704,10000,100,16384,1,0,1,37438,37438,0,0,4269,0,1,1,37438,6027,22607,6.211714,1.656036,9.509000,156.424000,2076.687000,868.924000,17120.703000,2,255,3058de0f9d38bee4a6976a9df90cc9f93946ab681909cdb910ec0ae0260b4e30,true,2,true,21.498347,53.995040,111.983467
fixed-window,fixed-w16k-zstd-3,random-10000-00020,random-10000,MHC-GRCh38,MHC,4375098,4385098,10000,100,16384,1,0,1,9626,9626,0,0,4269,0,1,1,9626,4655,15432,2.067884,0.623769,27.184000,44.873000,250.020000,155.669000,2291.534000,1,99,f429a8329f55fe2b029240657baac19dad69e5cdb2cac19619586bcc507b583a,true,1,true,20.756693,51.770080,104.566933
fixed-window,fixed-w16k-zstd-3,random-10000-00021,random-10000,MHC-GRCh38,MHC,4581909,4591909,10000,100,16384,1,0,1,34476,34476,0,0,4269,0,1,1,34476,5723,22660,6.024113,1.521447,9.309000,150.509000,2015.146000,831.236000,16692.369000,2,260,97e7f84529894fdcbf94838f0b8620d31a53aac88ac0d27b1c0f5f0203c8a0fc,true,2,true,21.419360,53.758080,111.193600
fixed-window,fixed-w16k-zstd-3,random-10000-00022,random-10000,MHC-GRCh38,MHC,169169,179169,10000,100,16384,1,0,1,9205,9205,0,0,4269,0,1,1,9205,4493,14648,2.048742,0.628413,43.778000,42.978000,216.980000,141.565000,2135.979000,1,84,1257627d647fa03eae664ac3c5fa9d51778dde06be8603f398b78de96aeef391,true,1,true,20.745467,51.736400,104.454667
fixed-window,fixed-w16k-zstd-3,random-10000-00023,random-10000,MHC-GRCh38,MHC,264332,274332,10000,100,16384,1,0,1,11825,11825,0,0,4269,0,1,1,11825,5211,19243,2.269238,0.614509,9.953000,49.452000,430.693000,298.797000,3758.616000,1,177,716fed6ee2ebfb3e2097a94ac458995e505d36e6ffb306f767703f8cbee56df2,true,1,true,20.815333,51.946000,105.153333
fixed-window,fixed-w16k-zstd-3,random-10000-00024,random-10000,MHC-GRCh38,MHC,4139768,4149768,10000,100,16384,1,0,1,156097,156097,0,0,4269,0,1,1,156097,14006,78630,11.145009,1.985209,13.414000,676.530000,12185.596000,5675.985000,109072.948000,2,1452,83985389cae80281e0b8edade8ee84dd61ac8d89f1c7c4371a3cf13721809093,true,2,true,24.662587,63.487760,143.625867
fixed-window,fixed-w16k-zstd-3,random-10000-00025,random-10000,MHC-GRCh38,MHC,1086948,1096948,10000,100,16384,1,0,1,9131,9131,0,0,4269,0,1,1,9131,4453,14622,2.050528,0.624470,67.377000,44.602000,251.693000,145.318000,2288.461000,1,91,cc1fd8afe6968eff93b9129098df2e482d99cb5be46c4122e69770d719c49ff2,true,1,true,20.743493,51.730480,104.434933
fixed-window,fixed-w16k-zstd-3,random-10000-00026,random-10000,MHC-GRCh38,MHC,796975,806975,10000,100,16384,1,0,1,18378,18378,0,0,4269,0,1,1,18378,4586,14796,4.007414,1.242092,11.029000,79.874000,456.742000,189.336000,3944.937000,2,76,946f59f31bc4e22dfdff7962879901c512a8b42499b5cc583d69cbc544c24a35,true,2,true,20.990080,52.470240,106.900800
fixed-window,fixed-w16k-zstd-3,random-10000-00027,random-10000,MHC-GRCh38,MHC,208422,218422,10000,100,16384,1,0,1,30170,30170,0,0,4269,0,1,1,30170,5034,18474,5.993246,1.633106,9.845000,121.459000,1190.252000,522.163000,10224.866000,2,168,16668a580712ce10bb578b1a91d9257ecc8b67b485fbf28a6a4772a24ab72d5b,true,2,true,21.304533,53.413600,110.045333
fixed-window,fixed-w16k-zstd-3,random-10000-00028,random-10000,MHC-GRCh38,MHC,4825593,4835593,10000,100,16384,1,0,1,17050,17050,0,0,4269,0,1,1,17050,4206,14796,4.053733,1.152338,2.257000,81.121000,401.904000,180.806000,3632.536000,2,75,56fed22ef21db9434fbec4a4dfae64a077e0bfa7577d4c53743ac63b1f05bd7a,true,2,true,20.954667,52.364000,106.546667
fixed-window,fixed-w16k-zstd-3,random-10000-00029,random-10000,MHC-GRCh38,MHC,1869556,1879556,10000,100,16384,1,0,1,15459,15459,0,0,4269,0,1,1,15459,5856,23478,2.639857,0.658446,15.270000,63.098000,718.678000,486.819000,6338.387000,1,276,bbfee9b5540c0eab2acd7e9e378b90aa567df20b5b9683004d28aa4726eab6b7,true,1,true,20.912240,52.236720,106.122400
fixed-window,fixed-w16k-zstd-3,random-10000-00030,random-10000,MHC-GRCh38,MHC,3525406,3535406,10000,100,16384,1,0,1,9637,9637,0,0,4269,0,1,1,9637,4738,16756,2.033981,0.575137,20.128000,45.461000,267.376000,196.590000,2430.606000,1,136,d7adce2abaa06de0650af25dce9b597f12df5a551a7231d7a540588b965e0d3d,true,1,true,20.756987,51.770960,104.569867
fixed-window,fixed-w16k-zstd-3,random-10000-00031,random-10000,MHC-GRCh38,MHC,817285,827285,10000,100,16384,1,0,1,16397,16397,0,0,4269,0,1,1,16397,4209,13112,3.895700,1.250534,9.365000,75.075000,305.050000,116.342000,2590.427000,2,50,f332e3929382b6a12083e27b77f2ce9501af9861a52e63a7e5bbd39b4c2fb0b8,true,2,true,20.937253,52.311760,106.372533
fixed-window,fixed-w16k-zstd-3,random-10000-00032,random-10000,MHC-GRCh38,MHC,2155060,2165060,10000,100,16384,1,0,1,17282,17282,0,0,4269,0,1,1,17282,4772,16071,3.621542,1.075353,6.275000,78.389000,415.009000,221.496000,3772.571000,2,110,40191e5439b0beeb05fd104dc56724a74ff7341fa7f2aa7ae46c3bb0b183cf3a,true,2,true,20.960853,52.382560,106.608533
fixed-window,fixed-w16k-zstd-3,random-10000-00033,random-10000,MHC-GRCh38,MHC,4536834,4546834,10000,100,16384,1,0,1,31511,31511,0,0,4269,0,1,1,31511,6566,27144,4.799117,1.160883,10.976000,128.011000,1720.393000,875.646000,16073.537000,2,353,10987fa5f40a447a042da9c88e51cd790c6ed0fab0f4b27ebab560a59f9a211c,true,2,true,21.340293,53.520880,110.402933
fixed-window,fixed-w16k-zstd-3,random-10000-00034,random-10000,MHC-GRCh38,MHC,3721781,3731781,10000,100,16384,1,0,1,17460,17460,0,0,4269,0,1,1,17460,6170,25262,2.829822,0.691157,44.765000,78.707000,845.971000,557.549000,7662.908000,1,306,28e8e43149e4bde7587db8e7807c8ba5cebd142be4492a7bb167096d3224f900,true,1,true,20.965600,52.396800,106.656000
fixed-window,fixed-w16k-zstd-3,random-10000-00035,random-10000,MHC-GRCh38,MHC,2921773,2931773,10000,100,16384,1,0,1,69239,69239,0,0,4269,0,1,1,69239,7049,30069,9.822528,2.302671,26.754000,289.248000,4391.593000,2053.069000,41204.018000,1,416,116c4d85770731c008a3afd4d75050abb1f6a004a3f11d79ceaacdc5d0befdfe,true,1,true,22.346373,56.539120,120.463733
fixed-window,fixed-w16k-zstd-3,random-10000-00036,random-10000,MHC-GRCh38,MHC,2022342,2032342,10000,100,16384,1,0,1,15496,15496,0,0,4269,0,1,1,15496,4172,13869,3.714286,1.117312,48.173000,77.618000,307.637000,148.529000,2769.043000,2,56,ded354f69244e941bb50934784978d7b387d48ef4762cce45fed54d708dfe63b,true,2,true,20.913227,52.239680,106.132267
fixed-window,fixed-w16k-zstd-3,random-10000-00037,random-10000,MHC-GRCh38,MHC,2903351,2913351,10000,100,16384,1,0,1,20860,20860,0,0,4269,0,1,1,20860,7259,32210,2.873674,0.647625,9.191000,85.838000,1194.223000,835.828000,10848.981000,1,463,6820c8ba0f9a26a043d85f1d9ee9a9bb0e25109fa137f896194c075e6e9b2979,true,1,true,21.056267,52.668800,107.562667
fixed-window,fixed-w16k-zstd-3,random-10000-00038,random-10000,MHC-GRCh38,MHC,1743550,1753550,10000,100,16384,1,0,1,21660,21660,0,0,4269,0,1,1,21660,5259,19094,4.118654,1.134388,32.567000,101.087000,732.935000,378.547000,6216.872000,2,177,4245dd58d7d1c2206c4f3cc75f00b7ab72ecf1031d74905d2588d8546365ff20,true,2,true,21.077600,52.732800,107.776000
fixed-window,fixed-w16k-zstd-3,random-10000-00039,random-10000,MHC-GRCh38,MHC,2503657,2513657,10000,100,16384,1,0,1,36993,36993,0,0,4269,0,1,1,36993,7844,37089,4.716089,0.997412,18.624000,150.646000,1907.019000,1192.343000,17211.935000,2,567,2213a8016cc6c057f5a1e38d7e6a104b477bc7e9e4a499bc5fd769cb092f84c9,true,2,true,21.486480,53.959440,111.864800
fixed-window,fixed-w16k-zstd-3,random-10000-00040,random-10000,MHC-GRCh38,MHC,2932138,2942138,10000,100,16384,1,0,1,89591,89591,0,0,4269,0,1,1,89591,6763,27507,13.247228,3.257025,63.916000,371.869000,5400.815000,2133.819000,49200.722000,2,361,d2757b7e004ae0acae9159fc54a0c22eb0d6f726022d05fa4457e560705ab86b,true,2,true,22.889093,58.167280,125.890933
fixed-window,fixed-w16k-zstd-3,random-10000-00041,random-10000,MHC-GRCh38,MHC,783360,793360,10000,100,16384,1,0,1,19328,19328,0,0,4269,0,1,1,19328,5096,17461,3.792779,1.106924,48.284000,88.083000,561.389000,269.654000,4652.779000,2,134,5e65270c1b5bf78832fe2277e39e6c5b8df0f0f68036e9e92519a632abed0542,true,2,true,21.015413,52.546240,107.154133
fixed-window,fixed-w16k-zstd-3,random-10000-00042,random-10000,MHC-GRCh38,MHC,2455602,2465602,10000,100,16384,1,0,1,20997,20997,0,0,4269,0,1,1,20997,5310,19567,3.954237,1.073082,13.799000,93.634000,663.907000,377.627000,5897.115000,2,187,1ac863683737b5e40be7d7d111d3e2cd76b0b93a32c10fe547dd201884f5b77f,true,2,true,21.059920,52.679760,107.599200
fixed-window,fixed-w16k-zstd-3,random-10000-00043,random-10000,MHC-GRCh38,MHC,1809625,1819625,10000,100,16384,1,0,1,17468,17468,0,0,4269,0,1,1,17468,4966,16014,3.517519,1.090796,16.973000,83.624000,360.190000,222.927000,3296.878000,2,95,a8cf05ab9f5d4e969c8720ac40234f9551c77b9393c4074a50d4cdefd6074e7e,true,2,true,20.965813,52.397440,106.658133
fixed-window,fixed-w16k-zstd-3,random-10000-00044,random-10000,MHC-GRCh38,MHC,137158,147158,10000,100,16384,1,0,1,9236,9236,0,0,4269,0,1,1,9236,4506,14355,2.049711,0.643400,13.133000,41.113000,212.520000,110.102000,2005.880000,1,59,f394da5a2f7f333a8019b7ed1bffad5cd57a7c0892701d2ecfcca3fe4f0e5889,true,1,true,20.746293,51.738880,104.462933
fixed-window,fixed-w16k-zstd-3,random-10000-00045,random-10000,MHC-GRCh38,MHC,4721118,4731118,10000,100,16384,1,0,1,9573,9573,0,0,4269,0,1,1,9573,4261,14204,2.246656,0.673965,1.434000,42.731000,257.081000,144.511000,2424.172000,1,74,45795d31562a51461f0c3adbf94e1928264e9f923302d28d748dd2445a3364d8,true,1,true,20.755280,51.765840,104.552800
fixed-window,fixed-w16k-zstd-3,random-10000-00046,random-10000,MHC-GRCh38,MHC,2609994,2619994,10000,100,16384,1,0,1,19793,19793,0,0,4269,0,1,1,19793,6996,30198,2.829188,0.655441,8.120000,76.736000,1042.116000,735.109000,9483.519000,1,422,1fa4c86045416288989ea3558c79f0d759fcf2010265116ab4e22bd61f073571,true,1,true,21.027813,52.583440,107.278133
fixed-window,fixed-w16k-zstd-3,random-10000-00047,random-10000,MHC-GRCh38,MHC,3860427,3870427,10000,100,16384,1,0,1,40114,40114,0,0,4269,0,1,1,40114,6078,24758,6.599868,1.620244,29.660000,169.210000,2137.655000,942.722000,20127.115000,2,307,a2a3530e05954057c972097786eb0caa754d4b65b264d138e14818b7fd2d2d2b,true,2,true,21.569707,54.209120,112.697067
fixed-window,fixed-w16k-zstd-3,random-10000-00048,random-10000,MHC-GRCh38,MHC,4554094,4564094,10000,100,16384,1,0,1,44493,44493,0,0,4269,0,1,1,44493,10239,51765,4.345444,0.859519,55.791000,245.002000,3533.857000,1761.507000,25588.198000,2,885,23cf9f7eadaf9d1b78d8f3b3206a6006cd1336963f033245de30987b80aaaf38,true,2,true,21.686480,54.559440,113.864800
fixed-window,fixed-w16k-zstd-3,random-10000-00049,random-10000,MHC-GRCh38,MHC,2352190,2362190,10000,100,16384,1,0,1,19272,19272,0,0,4269,0,1,1,19272,4749,16177,4.058117,1.191321,53.775000,98.330000,525.783000,249.415000,4709.458000,2,111,800091a8217f514a4ab9edd8bf729b616292a002018ce539ddc1052135ade198,true,2,true,21.013920,52.541760,107.139200
fixed-window,fixed-w16k-zstd-3,random-100000-00000,random-100000,MHC-GRCh38,MHC,4209044,4309044,100000,100,16384,1,0,1,168890,168890,0,0,4269,0,1,1,168890,65549,336308,2.576546,0.502188,19.369000,755.766000,10322.914000,9600.654000,100631.638000,8,5035,32e8083b6abd3be64c447c24584d42938879238fa3d81db158eb23a15db404f2,true,8,true,25.003733,64.511200,147.037333
fixed-window,fixed-w16k-zstd-3,random-100000-00001,random-100000,MHC-GRCh38,MHC,1722746,1822746,100000,100,16384,1,0,1,68083,68083,0,0,4269,0,1,1,68083,41890,153777,1.625280,0.442739,86.408000,298.212000,1886.511000,1701.232000,16953.464000,7,1126,45012cba45ad5936e9f619869db1564593fd295f60d5f6b4423c602499cd7d4c,true,7,true,22.315547,56.446640,120.155467
fixed-window,fixed-w16k-zstd-3,random-100000-00002,random-100000,MHC-GRCh38,MHC,3224923,3324923,100000,100,16384,1,0,1,56292,56292,0,0,4269,0,1,1,56292,35805,128622,1.572183,0.437655,41.911000,256.423000,1034.249000,851.385000,10214.885000,7,574,650e851ca4deb971c052fe1cbe4dec8752531ac0b5bffa3e125ff3dee5b64889,true,7,true,22.001120,55.503360,117.011200
fixed-window,fixed-w16k-zstd-3,random-100000-00003,random-100000,MHC-GRCh38,MHC,685079,785079,100000,100,16384,1,0,1,59295,59295,0,0,4269,0,1,1,59295,37583,129398,1.577708,0.458237,40.155000,259.833000,1223.828000,938.399000,11011.571000,7,619,84c08e62d3f3f30d863d5a72aa03c9a5c55cb3c77246886de0ff99a3a8df0489,true,7,true,22.081200,55.743600,117.812000
fixed-window,fixed-w16k-zstd-3,random-100000-00004,random-100000,MHC-GRCh38,MHC,2437611,2537611,100000,100,16384,1,0,1,95230,95230,0,0,4269,0,1,1,95230,50339,217274,1.891774,0.438295,42.531000,416.108000,4031.184000,3740.525000,37755.275000,7,2438,c30441669e36e5b931803112b45206c2cb5ec85cea8ddd4e4883b0227dbda95b,true,7,true,23.039467,58.618400,127.394667
fixed-window,fixed-w16k-zstd-3,random-100000-00005,random-100000,MHC-GRCh38,MHC,59077,159077,100000,100,16384,1,0,1,59413,59413,0,0,4269,0,1,1,59413,39584,133167,1.500935,0.446154,40.259000,272.329000,1212.938000,995.639000,11725.581000,7,666,59ba1c17c2eb410b568d830db351a260e2ff752b426433d90ffc1737d8d770b0,true,7,true,22.084347,55.753040,117.843467
fixed-window,fixed-w16k-zstd-3,random-100000-00006,random-100000,MHC-GRCh38,MHC,4590285,4690285,100000,100,16384,1,0,1,97915,97915,0,0,4269,0,1,1,97915,52875,223553,1.851820,0.437995,45.808000,421.605000,4342.426000,4242.219000,40534.426000,7,2617,a64377cb5e8d05256abb39b5b0c499a163809a709f3c41af5e770ba7f2927537,true,7,true,23.111067,58.833200,128.110667
fixed-window,fixed-w16k-zstd-3,random-100000-00007,random-100000,MHC-GRCh38,MHC,4485571,4585571,100000,100,16384,1,0,1,110089,110089,0,0,4269,0,1,1,110089,56571,270370,1.946032,0.407179,54.154000,543.412000,6092.125000,5923.651000,55677.241000,7,3587,62ab48c6ec685ad313f6f68d4baeecde58417e601bb21c67ddd98715c6a00523,true,7,true,23.435707,59.807120,131.357067
fixed-window,fixed-w16k-zstd-3,random-100000-00008,random-100000,MHC-GRCh38,MHC,3570722,3670722,100000,100,16384,1,0,1,65397,65397,0,0,8365,0,2,2,65397,36956,127803,1.769591,0.511702,75.278000,299.242000,1202.428000,886.473000,11916.399000,8,556,19a7c76674610d2342c9fbea62a10888959bd988453261d682ff12781765db7f,true,8,true,22.243920,56.231760,119.439200
fixed-window,fixed-w16k-zstd-3,random-100000-00009,random-100000,MHC-GRCh38,MHC,4287809,4387809,100000,100,16384,1,0,1,95000,95000,0,0,4269,0,1,1,95000,47841,194241,1.985744,0.489083,37.395000,430.202000,4014.777000,3275.303000,37246.337000,7,1990,e91c65af67f8f894b81a4673e1737501a8afddef2ca98f315b4e21b673474899,true,7,true,23.033333,58.600000,127.333333
fixed-window,fixed-w16k-zstd-3,random-100000-00010,random-100000,MHC-GRCh38,MHC,4025165,4125165,100000,100,16384,1,0,1,600114,600114,0,0,4269,0,1,1,600114,195330,1335954,3.072308,0.449203,38.514000,2591.331000,45111.721000,56318.274000,437600.584000,7,26102,60c3e5d638a71bece86def27f59a9a6e97e4a340ab34a627a420102128dc7751,true,7,true,36.503040,99.009120,262.030400
fixed-window,fixed-w16k-zstd-3,random-100000-00011,random-100000,MHC-GRCh38,MHC,1237510,1337510,100000,100,16384,1,0,1,129400,129400,0,0,4269,0,1,1,129400,56167,273054,2.303844,0.473899,98.438000,548.411000,6764.067000,6396.325000,61936.250000,7,3680,b5901726f77ee00314f015b59d51c14df7d08ac58444abc0c107aaa1fad54194,true,7,true,23.950667,61.352000,136.506667
fixed-window,fixed-w16k-zstd-3,random-100000-00012,random-100000,MHC-GRCh38,MHC,282699,382699,100000,100,16384,1,0,1,72093,72093,0,0,4269,0,1,1,72093,39955,154486,1.804355,0.466664,65.594000,320.756000,2043.565000,1751.433000,18495.262000,7,1125,54d663c12cc9be7f5115a95bbb1f5585d772564d5c50833e8e3e231d8ac57d04,true,7,true,22.422480,56.767440,121.224800
fixed-window,fixed-w16k-zstd-3,random-100000-00013,random-100000,MHC-GRCh38,MHC,2461234,2561234,100000,100,16384,1,0,1,110886,110886,0,0,4269,0,1,1,110886,54888,245800,2.020223,0.451123,44.732000,469.063000,5248.590000,4884.703000,48991.811000,7,3052,2bb8cc4a820ed95bff9ee3b3c46eb345ab1f54ddfb2c3a1e4352f0d092909be6,true,7,true,23.456960,59.870880,131.569600
fixed-window,fixed-w16k-zstd-3,random-100000-00014,random-100000,MHC-GRCh38,MHC,39688,139688,100000,100,16384,1,0,1,59140,59140,0,0,4269,0,1,1,59140,39348,132047,1.502999,0.447871,61.422000,266.878000,1200.844000,1387.078000,12373.002000,7,646,49e9f4bf234851cead81bf6a2e1d729c848b791a51ba72c1987113f60a240b6a,true,7,true,22.077067,55.731200,117.770667
fixed-window,fixed-w16k-zstd-3,random-100000-00015,random-100000,MHC-GRCh38,MHC,2966751,3066751,100000,100,16384,1,0,1,87756,87756,0,0,4269,0,1,1,87756,48092,201421,1.824753,0.435684,74.399000,427.688000,4097.794000,3273.323000,36691.827000,7,2141,442bb6b3657e1304642ee8c0bcbd72d2f571e2e86754bfe071952ddddff873a1,true,7,true,22.840160,58.020480,125.401600
fixed-window,fixed-w16k-zstd-3,random-100000-00016,random-100000,MHC-GRCh38,MHC,1970326,2070326,100000,100,16384,1,0,1,57947,57947,0,0,4269,0,1,1,57947,37997,132429,1.525041,0.437570,35.369000,310.423000,1247.076000,1072.347000,12568.313000,7,670,4cff76d0bc8547d0bb83fbfddae6d561248770f8eb6d289574e84183ab26b92c,true,7,true,22.045253,55.635760,117.452533
fixed-window,fixed-w16k-zstd-3,random-100000-00017,random-100000,MHC-GRCh38,MHC,4296183,4396183,100000,100,16384,1,0,1,84179,84179,0,0,4269,0,1,1,84179,46041,183355,1.828349,0.459104,50.892000,377.174000,3125.937000,2902.809000,29363.387000,7,1760,b1cfc8cace350414b28c0a4117c8afa27ff174db67eac05a7f047798af51a501,true,7,true,22.744773,57.734320,124.447733
fixed-window,fixed-w16k-zstd-3,random-100000-00018,random-100000,MHC-GRCh38,MHC,3769659,3869659,100000,100,16384,1,0,1,110860,110860,0,0,4269,0,1,1,110860,52205,225406,2.123551,0.491824,50.027000,493.652000,5321.937000,4694.910000,49837.327000,7,2651,607bfe669aea0f45aa46f0730afa870a0e69c165fe376da184fb2b772d3d903f,true,7,true,23.456267,59.868800,131.562667
fixed-window,fixed-w16k-zstd-3,random-100000-00019,random-100000,MHC-GRCh38,MHC,1836841,1936841,100000,100,16384,1,0,1,78204,78204,0,0,4269,0,1,1,78204,44076,170246,1.774299,0.459359,63.119000,348.614000,2664.790000,2380.637000,24835.380000,7,1484,191113f90170e5126479711af08690601fe73171464bc55d00b41c9a484dbce4,true,7,true,22.585440,57.256320,122.854400
fixed-window,fixed-w16k-zstd-3,random-100000-00020,random-100000,MHC-GRCh38,MHC,3910205,4010205,100000,100,16384,1,0,1,239563,239563,0,0,4269,0,1,1,239563,93677,549369,2.557330,0.436069,46.324000,1091.289000,16824.579000,20582.422000,163189.252000,7,9437,c2e42215450f8c2661b6b451ce0936abf551ae7bff855ff84da5bc8a7968c84b,true,7,true,26.888347,70.165040,165.883467
fixed-window,fixed-w16k-zstd-3,random-100000-00021,random-100000,MHC-GRCh38,MHC,647943,747943,100000,100,16384,1,0,1,62687,62687,0,0,4269,0,1,1,62687,39520,139207,1.586210,0.450315,98.585000,295.151000,1502.128000,1271.338000,13944.549000,7,813,9e8cef8b753db677c29fef3d40400b533e52821777595a9a27e595ddf2ec1410,true,7,true,22.171653,56.014960,118.716533
fixed-window,fixed-w16k-zstd-3,random-100000-00022,random-100000,MHC-GRCh38,MHC,2004256,2104256,100000,100,16384,1,0,1,54766,54766,0,0,8365,0,2,2,54766,36386,127123,1.505139,0.430811,54.265000,265.477000,1006.671000,844.614000,9799.915000,7,543,4ee366a8da2710ed0df259697678c9601ea059d22cc1970349d48b067d071050,true,7,true,21.960427,55.381280,116.604267
fixed-window,fixed-w16k-zstd-3,random-100000-00023,random-100000,MHC-GRCh38,MHC,948617,1048617,100000,100,16384,1,0,1,68668,68668,0,0,8365,0,2,2,68668,39993,131493,1.717000,0.522218,42.643000,309.128000,1511.245000,1111.785000,13747.360000,8,662,7bc1c13ea33f55081af4faee96164e11cf58980e23d0069f1e9c2ef5f79923b0,true,8,true,22.331147,56.493440,120.311467
fixed-window,fixed-w16k-zstd-3,random-100000-00024,random-100000,MHC-GRCh38,MHC,172774,272774,100000,100,16384,1,0,1,84541,84541,0,0,4269,0,1,1,84541,45425,181900,1.861112,0.464766,15.875000,379.075000,2931.735000,3180.272000,28298.223000,7,1689,703f31b2efa3cdf99ce82955f7c26f58193bb7fdca05725347534130514df260,true,7,true,22.754427,57.763280,124.544267
fixed-window,fixed-w16k-zstd-3,random-100000-00025,random-100000,MHC-GRCh38,MHC,2486989,2586989,100000,100,16384,1,0,1,113688,113688,0,0,4269,0,1,1,113688,55621,247440,2.043976,0.459457,49.919000,500.060000,5521.439000,5236.986000,51651.763000,7,3082,7ccc96b968dbd73138b0bef8cd2e06317cf09ae4f3bc17493b7415dccc5dff50,true,7,true,23.531680,60.095040,132.316800
fixed-window,fixed-w16k-zstd-3,random-100000-00026,random-100000,MHC-GRCh38,MHC,1930943,2030943,100000,100,16384,1,0,1,67818,67818,0,0,4269,0,1,1,67818,40603,155026,1.670271,0.437462,68.996000,304.345000,1919.776000,1666.085000,17781.933000,7,1095,14334b554e3e9655c965408117e425948d6c83d11aa07182bce0d72eda4ee2f3,true,7,true,22.308480,56.425440,120.084800
fixed-window,fixed-w16k-zstd-3,random-100000-00027,random-100000,MHC-GRCh38,MHC,204534,304534,100000,100,16384,1,0,1,88357,88357,0,0,4269,0,1,1,88357,43536,177520,2.029516,0.497730,40.637000,379.348000,3180.128000,2576.018000,28938.567000,7,1603,4d57d41cb194b884a41da65fdd22aea0a8c27db77bb5042f7d0adeb7c73d1dc4,true,7,true,22.856187,58.068560,125.561867
fixed-window,fixed-w16k-zstd-3,random-100000-00028,random-100000,MHC-GRCh38,MHC,3890508,3990508,100000,100,16384,1,0,1,161959,161959,0,0,4269,0,1,1,161959,66475,349427,2.436390,0.463499,24.884000,749.456000,10395.772000,9844.423000,96846.039000,7,5265,64fb347e77ea288d38a2ce9574ee30d2b4be5888a322149fd1b42e9fcddf651c,true,7,true,24.818907,63.956720,145.189067
fixed-window,fixed-w16k-zstd-3,random-100000-00029,random-100000,MHC-GRCh38,MHC,1400303,1500303,100000,100,16384,1,0,1,174682,174682,0,0,4269,0,1,1,174682,73403,404332,2.379766,0.432026,50.994000,799.526000,10386.624000,11819.856000,96815.178000,7,6494,7dd51bacace475b905c71c96b5738874cb4cc596d2f22d2b5deaf2e9a383e677,true,7,true,25.158187,64.974560,148.581867
fixed-window,fixed-w16k-zstd-3,random-100000-00030,random-100000,MHC-GRCh38,MHC,1669721,1769721,100000,100,16384,1,0,1,78823,78823,0,0,4269,0,1,1,78823,42397,157902,1.859165,0.499189,18.282000,352.554000,2201.876000,1856.154000,19778.564000,8,1197,741ec828d1c9c77374a42df4205c1d246e1a2241e64f0977b6df22d8e0fc21c8,true,8,true,22.601947,57.305840,123.019467
fixed-window,fixed-w16k-zstd-3,random-100000-00031,random-100000,MHC-GRCh38,MHC,215439,315439,100000,100,16384,1,0,1,80526,80526,0,0,4269,0,1,1,80526,42453,174311,1.896827,0.461967,43.111000,376.544000,2681.599000,2421.020000,24703.216000,7,1540,ae3a38a78bc54df8bb5b64aa04e50d7ffa6086417a22570c069468d140ac8134,true,7,true,22.647360,57.442080,123.473600
fixed-window,fixed-w16k-zstd-3,random-100000-00032,random-100000,MHC-GRCh38,MHC,3542671,3642671,100000,100,16384,1,0,1,57056,57056,0,0,4269,0,1,1,57056,36059,128867,1.582296,0.442751,45.265000,263.582000,1101.962000,894.279000,10890.251000,7,589,d9aa6d23a6b62c66ac19183747bb2ccc720333a4958454dfb6ebe7f9093d9823,true,7,true,22.021493,55.564480,117.214933
fixed-window,fixed-w16k-zstd-3,random-100000-00033,random-100000,MHC-GRCh38,MHC,1452240,1552240,100000,100,16384,1,0,1,110896,110896,0,0,4269,0,1,1,110896,53441,226826,2.075111,0.488903,40.074000,472.298000,5242.603000,4371.760000,46901.064000,7,2682,f312a374776582f5db71384d371c7852297f13be6b7d80811998a767c99d0521,true,7,true,23.457227,59.871680,131.572267
fixed-window,fixed-w16k-zstd-3,random-100000-00034,random-100000,MHC-GRCh38,MHC,3935885,4035885,100000,100,16384,1,0,1,413945,413945,0,0,4269,0,1,1,413945,139924,921400,2.958356,0.449257,66.234000,1839.265000,31298.991000,36138.554000,300396.582000,7,17261,680dd4f3ec892eac167ab5a6873f8f6087006b60e939e70cdfa62634dba8df50,true,7,true,31.538533,84.115600,212.385333
fixed-window,fixed-w16k-zstd-3,random-100000-00035,random-100000,MHC-GRCh38,MHC,1231487,1331487,100000,100,16384,1,0,1,129400,129400,0,0,4269,0,1,1,129400,55437,266371,2.334181,0.485789,128.483000,535.455000,6765.871000,6080.891000,61171.694000,7,3548,a6f4f67b33da190409f770417ecd57abcd7c7a2004d5dbbe705d0e0195b028d6,true,7,true,23.950667,61.352000,136.506667
fixed-window,fixed-w16k-zstd-3,random-100000-00036,random-100000,MHC-GRCh38,MHC,2059084,2159084,100000,100,16384,1,0,1,54586,54586,0,0,8365,0,2,2,54586,36196,127019,1.508067,0.429747,90.267000,258.090000,948.828000,812.568000,9439.070000,7,538,7ba622d78759052db8d982897a8062ed4af62fb0c3e56c393bff47168a846746,true,7,true,21.955627,55.366880,116.556267
fixed-window,fixed-w16k-zstd-3,random-100000-00037,random-100000,MHC-GRCh38,MHC,3340862,3440862,100000,100,16384,1,0,1,61269,61269,0,0,4269,0,1,1,61269,35829,126567,1.710039,0.484084,36.644000,290.854000,1027.308000,820.782000,10087.198000,8,523,8f92362b65b7867abc7d88837e976f16d7b1427e6c2fd60925b6a36405d74c45,true,8,true,22.133840,55.901520,118.338400
fixed-window,fixed-w16k-zstd-3,random-100000-00038,random-100000,MHC-GRCh38,MHC,921258,1021258,100000,100,16384,1,0,1,56819,56819,0,0,4269,0,1,1,56819,37547,123746,1.513277,0.459158,41.465000,252.177000,1002.548000,768.318000,9839.701000,7,503,fe6971683ac4cb90cf56fb9f5347d1e1e3915baaeac17f866aa71221850e0484,true,7,true,22.015173,55.545520,117.151733
fixed-window,fixed-w16k-zstd-3,random-100000-00039,random-100000,MHC-GRCh38,MHC,3395378,3495378,100000,100,16384,1,0,1,54013,54013,0,0,4269,0,1,1,54013,35350,121563,1.527949,0.444321,32.542000,246.591000,859.173000,646.153000,8378.649000,7,421,8fd62575ba7d7fa67094b8797b763eea904ce8ce888a1edaefbf979e2ae9f190,true,7,true,21.940347,55.321040,116.403467
fixed-window,fixed-w16k-zstd-3,random-100000-00040,random-100000,MHC-GRCh38,MHC,3429684,3529684,100000,100,16384,1,0,1,57352,57352,0,0,4269,0,1,1,57352,29606,126327,1.937175,0.453996,33.321000,254.079000,1031.935000,817.866000,9806.379000,7,544,61b06d01fabee659f928ce9e22b30229cf5e353fcee2cef89edece567e762fd2,true,7,true,22.029387,55.588160,117.293867
fixed-window,fixed-w16k-zstd-3,random-100000-00041,random-100000,MHC-GRCh38,MHC,3427206,3527206,100000,100,16384,1,0,1,57352,57352,0,0,4269,0,1,1,57352,29726,123989,1.929355,0.462557,38.346000,253.889000,1028.709000,781.139000,9770.462000,7,508,6821e84b1deb499b912b5a16cacd9b5ec8aaa72b621ff610358cfb368894c6a9,true,7,true,22.029387,55.588160,117.293867
fixed-window,fixed-w16k-zstd-3,random-100000-00042,random-100000,MHC-GRCh38,MHC,58582,158582,100000,100,16384,1,0,1,59413,59413,0,0,4269,0,1,1,59413,39339,131815,1.510282,0.450730,26.171000,265.021000,1222.299000,1018.427000,11695.607000,7,657,82b32e58f297137f6f7535bdf2eb588af4aa71aa6df0203286fe8d2d7f8e5bf9,true,7,true,22.084347,55.753040,117.843467
fixed-window,fixed-w16k-zstd-3,random-100000-00043,random-100000,MHC-GRCh38,MHC,1799230,1899230,100000,100,16384,1,0,1,75193,75193,0,0,4269,0,1,1,75193,43889,164657,1.713254,0.456664,34.238000,323.324000,2350.543000,2076.082000,21754.837000,7,1361,5e209164a6d6d0b416b39033eaecdfd097226c6f9e44113e43baa8d3c33e60aa,true,7,true,22.505147,57.015440,122.051467
fixed-window,fixed-w16k-zstd-3,random-100000-00044,random-100000,MHC-GRCh38,MHC,2029904,2129904,100000,100,16384,1,0,1,53872,53872,0,0,8365,0,2,2,53872,35539,122861,1.515856,0.438479,41.605000,269.496000,923.840000,714.604000,9204.600000,7,470,9b34d642d44e33b8d3dc1fb0c0c7218c45b39847f81e08e0bdd1638eb51cbb49,true,7,true,21.936587,55.309760,116.365867
fixed-window,fixed-w16k-zstd-3,random-100000-00045,random-100000,MHC-GRCh38,MHC,2203224,2303224,100000,100,16384,1,0,1,71128,71128,0,0,4269,0,1,1,71128,42056,160964,1.691269,0.441888,38.435000,322.295000,2340.363000,2324.836000,21653.158000,7,1259,00efee7b857ee2a42a3e9b229d16099845462f14df5c618e4ed1841c22718ce0,true,7,true,22.396747,56.690240,120.967467
fixed-window,fixed-w16k-zstd-3,random-100000-00046,random-100000,MHC-GRCh38,MHC,3746831,3846831,100000,100,16384,1,0,1,101119,101119,0,0,4269,0,1,1,101119,50625,216741,1.997412,0.466543,23.604000,493.958000,4771.793000,3982.040000,42517.454000,7,2470,d61ab2ea1e1e9487260bfbe5d2488c2cec6c526e5bb9bf6a52237f97f4e90c0b,true,7,true,23.196507,59.089520,128.965067
fixed-window,fixed-w16k-zstd-3,random-100000-00047,random-100000,MHC-GRCh38,MHC,1030366,1130366,100000,100,16384,1,0,1,67155,67155,0,0,8365,0,2,2,67155,41915,151001,1.602171,0.444732,41.997000,311.897000,1839.523000,1632.755000,17403.563000,7,1060,21ce84bf8f5904f7cb4b2ae730a9f26a9eff03d4dc6c29533169a8be2f8b3f78,true,7,true,22.290800,56.372400,119.908000
fixed-window,fixed-w16k-zstd-3,random-100000-00048,random-100000,MHC-GRCh38,MHC,56321,156321,100000,100,16384,1,0,1,59413,59413,0,0,4269,0,1,1,59413,39043,132098,1.521732,0.449765,40.382000,267.301000,1212.778000,992.511000,11748.771000,7,658,30f6997af384861b66cbde6b6df4bd27d969367a13ba29f59c35b701cc8eec5c,true,7,true,22.084347,55.753040,117.843467
fixed-window,fixed-w16k-zstd-3,random-100000-00049,random-100000,MHC-GRCh38,MHC,3965305,4065305,100000,100,16384,1,0,1,591232,591232,0,0,4269,0,1,1,591232,181639,1237196,3.254984,0.477881,43.831000,2553.451000,44592.790000,51726.451000,423110.204000,7,23853,34c70f32e7b8ed5e39bf6e0e44bd8a8dc0f5d9bf00f9942637ed7e48dad193ae,true,7,true,36.266187,98.298560,259.661867
fixed-window,fixed-w16k-zstd-3,random-1000000-00000,random-1000000,MHC-GRCh38,MHC,3703931,4703931,1000000,100,16384,1,0,1,1770071,1770071,0,0,8365,0,2,2,1770071,784207,4586858,2.257148,0.385901,135.383000,8128.443000,122286.192000,162520.976000,1164057.959000,62,75838,b26c97ec2a7fb940493f82b62b481b46beacdfa595721f11a193b58027f0b1f3,true,62,true,67.701893,192.605680,574.018933
fixed-window,fixed-w16k-zstd-3,random-1000000-00001,random-1000000,MHC-GRCh38,MHC,3632612,4632612,1000000,100,16384,1,0,1,1762610,1762610,0,0,12461,0,3,3,1762610,779351,4562015,2.261638,0.386367,245.205000,7769.190000,116188.736000,164040.721000,1136680.561000,62,75315,94f7c7d0b1ae09ba541ca857766196b61c4ba1adfeeb19af925848792c4c09c5,true,62,true,67.502933,192.008800,572.029333
fixed-window,fixed-w16k-zstd-3,random-1000000-00002,random-1000000,MHC-GRCh38,MHC,3624947,4624947,1000000,100,16384,1,0,1,1762610,1762610,0,0,12461,0,3,3,1762610,776788,4543230,2.269100,0.387964,156.030000,7941.298000,116928.941000,164758.601000,1153944.722000,62,74916,88e91d1e0de657bab4c0ad575227c287c44ac4e560df51fd43b24cbdc0f4622d,true,62,true,67.502933,192.008800,572.029333
fixed-window,fixed-w16k-zstd-3,random-1000000-00003,random-1000000,MHC-GRCh38,MHC,2794835,3794835,1000000,100,16384,1,0,1,861468,861468,0,0,12461,0,3,3,861468,448045,2122776,1.922727,0.405821,196.437000,3831.103000,38684.887000,49865.437000,382773.509000,62,23835,2d0e9e1b290926dd5615ea6c3930186ed496aae62ddd5fb8a1ce9d8b8698d576,true,62,true,43.472480,119.917440,331.724800
fixed-window,fixed-w16k-zstd-3,random-1000000-00004,random-1000000,MHC-GRCh38,MHC,1751327,2751327,1000000,100,16384,1,0,1,759540,759540,0,0,12461,0,3,3,759540,427961,1864043,1.774788,0.407469,143.734000,3307.175000,29145.717000,36979.860000,282407.239000,62,18290,74e1e08faee499d4beee11e8aa18c77387f176f5710e79c6cdbc25ae375c3c11,true,62,true,40.754400,111.763200,304.544000
fixed-window,fixed-w16k-zstd-3,random-1000000-00005,random-1000000,MHC-GRCh38,MHC,1372175,2372175,1000000,100,16384,1,0,1,756979,756979,0,0,12461,0,3,3,756979,425166,1862689,1.780432,0.406390,125.481000,3307.333000,28949.363000,37291.160000,274565.319000,62,18330,784d02b051e807ea010e615f84e5e3f9ef6e30eb24cb3a6ad41a6804e3cf41c6,true,62,true,40.686107,111.558320,303.861067
fixed-window,fixed-w16k-zstd-3,random-1000000-00006,random-1000000,MHC-GRCh38,MHC,73751,1073751,1000000,100,16384,1,0,1,584461,584461,0,0,12461,0,3,3,584461,363827,1435089,1.606426,0.407265,145.081000,2542.375000,14698.808000,18092.682000,139349.215000,62,9189,b4e354d200b565762bf84f63ea41b1938b6a2ac7f751537c990855dab2551c60,true,62,true,36.085627,97.756880,257.856267
fixed-window,fixed-w16k-zstd-3,random-1000000-00007,random-1000000,MHC-GRCh38,MHC,2455346,3455346,1000000,100,16384,1,0,1,1053162,1053162,0,0,12461,0,3,3,1053162,531080,2651358,1.983057,0.397216,118.768000,4852.238000,55111.761000,77449.639000,553683.941000,62,35073,d6269473041251ffa945ecade12e7e6098972e7b005e7b8c77838027114e3105,true,62,true,48.584320,135.252960,382.843200
fixed-window,fixed-w16k-zstd-3,random-1000000-00008,random-1000000,MHC-GRCh38,MHC,2705443,3705443,1000000,100,16384,1,0,1,919774,919774,0,0,12461,0,3,3,919774,475014,2324187,1.936309,0.395740,166.906000,4163.829000,44848.453000,58211.984000,452168.569000,62,28142,959909843bd2bb5593526798607900182177c1d8a13c1ff9a11d6f32f95701f4,true,62,true,45.027307,124.581920,347.273067
fixed-window,fixed-w16k-zstd-3,random-1000000-00009,random-1000000,MHC-GRCh38,MHC,2329813,3329813,1000000,100,16384,1,0,1,1068935,1068935,0,0,12461,0,3,3,1068935,537311,2687000,1.989416,0.397817,157.752000,4747.010000,55661.974000,74869.032000,553273.774000,62,35815,1bc72119fedee3116c34581fd49548b8caa180caa8a79cf6493b4ab588a45a1d,true,62,true,49.004933,136.514800,387.049333
fixed-window,fixed-w16k-zstd-3,random-1000000-00010,random-1000000,MHC-GRCh38,MHC,92105,1092105,1000000,100,16384,1,0,1,586251,586251,0,0,12461,0,3,3,586251,364596,1438886,1.607947,0.407434,126.425000,2643.174000,14995.310000,17753.637000,141628.139000,62,9265,293695f7b50203eed6fd200f3248f006594412ffa4a4198eb640a693d1a859d8,true,62,true,36.133360,97.900080,258.333600
fixed-window,fixed-w16k-zstd-3,random-1000000-00011,random-1000000,MHC-GRCh38,MHC,3823648,4823648,1000000,100,16384,1,0,1,1725017,1725017,0,0,12461,0,3,3,1725017,767718,4470520,2.246941,0.385865,115.588000,7618.010000,114343.218000,158284.151000,1129919.213000,62,73374,03e9ae8b275d748f3873899c2d03ca6cc7e122a1f2c8f1a71d0688231efc58d6,true,62,true,66.500453,189.001360,562.004533
fixed-window,fixed-w16k-zstd-3,random-1000000-00012,random-1000000,MHC-GRCh38,MHC,3719850,4719850,1000000,100,16384,1,0,1,1764731,1764731,0,0,12461,0,3,3,1764731,781907,4571236,2.256958,0.386051,173.556000,7641.994000,116325.686000,162343.779000,1144564.995000,62,75508,2af5677fccd3b9c77c7e0dd0e96c03a3bec8268fad952b7a7557e6360c6a276b,true,62,true,67.559493,192.178480,572.594933
fixed-window,fixed-w16k-zstd-3,random-1000000-00013,random-1000000,MHC-GRCh38,MHC,1094013,2094013,1000000,100,16384,1,0,1,873304,873304,0,0,8365,0,2,2,873304,465788,2158062,1.874896,0.404670,205.147000,3924.777000,37838.907000,51149.975000,361003.149000,62,24597,9998571a1898cec27a1ea2862ab71ad127e694928f1c38567742ff8130ffe1c9,true,62,true,43.788107,120.864320,334.881067
fixed-window,fixed-w16k-zstd-3,random-1000000-00014,random-1000000,MHC-GRCh38,MHC,2807699,3807699,1000000,100,16384,1,0,1,836558,836558,0,0,12461,0,3,3,836558,446070,2100657,1.875396,0.398236,134.707000,3670.705000,36529.260000,48190.576000,363794.597000,62,23356,af44e7822ac6eed39a846f1b3c88565af03d9c7035df6315503a0f8951ca3a72,true,62,true,42.808213,117.924640,325.082133
fixed-window,fixed-w16k-zstd-3,random-1000000-00015,random-1000000,MHC-GRCh38,MHC,711119,1711119,1000000,100,16384,1,0,1,851475,851475,0,0,12461,0,3,3,851475,457930,2100277,1.859400,0.405411,170.786000,3827.192000,35714.205000,48791.229000,342794.939000,62,23414,1fe009721ae21f6afb0030a7a089a5f42317e9b9873ddb9a4f399497ef50bf90,true,62,true,43.206000,119.118000,329.060000
fixed-window,fixed-w16k-zstd-3,random-1000000-00016,random-1000000,MHC-GRCh38,MHC,2845528,3845528,1000000,100,16384,1,0,1,775634,775634,0,0,12461,0,3,3,775634,416355,1877825,1.862915,0.413049,127.811000,3498.591000,30731.854000,39272.569000,305655.670000,62,18599,f88d5435fd08324c43d68a0f72617d49c2dce2cdc38f12ff5f1f029575d1e06a,true,62,true,41.183573,113.050720,308.835733
fixed-window,fixed-w16k-zstd-3,random-1000000-00017,random-1000000,MHC-GRCh38,MHC,1974230,2974230,1000000,100,16384,1,0,1,1063795,1063795,0,0,12461,0,3,3,1063795,536168,2664099,1.984070,0.399308,150.441000,4763.282000,54603.599000,74799.724000,551813.807000,62,35346,551dfe47cca13ee46f12f6004dc9439aad217bc6bd40ab98b2dd613c9e08e372,true,62,true,48.867867,136.103600,385.678667
fixed-window,fixed-w16k-zstd-3,random-1000000-00018,random-1000000,MHC-GRCh38,MHC,1992390,2992390,1000000,100,16384,1,0,1,1074132,1074132,0,0,12461,0,3,3,1074132,539202,2697879,1.992077,0.398139,129.267000,4856.864000,55974.990000,76834.965000,565026.142000,62,36067,7345147af20eeb118ea25cbb1e99e45209bb83f5ea3814e4ff0006e2d716250d,true,62,true,49.143520,136.930560,388.435200
fixed-window,fixed-w16k-zstd-3,random-1000000-00019,random-1000000,MHC-GRCh38,MHC,322227,1322227,1000000,100,16384,1,0,1,650548,650548,0,0,12461,0,3,3,650548,385435,1585622,1.687828,0.410279,151.653000,2823.212000,19894.994000,24874.229000,189344.939000,62,12428,57d508930a07266b49df3a40bd2ff73f5371c678f0810c4488f03ad500f5ce50,true,62,true,37.847947,103.043840,275.479467
fixed-window,fixed-w16k-zstd-3,random-1000000-00020,random-1000000,MHC-GRCh38,MHC,3577478,4577478,1000000,100,16384,1,0,1,1731376,1731376,0,0,12461,0,3,3,1731376,769349,4479972,2.250443,0.386470,114.409000,7787.655000,119791.572000,159921.698000,1149901.562000,62,73555,47c21c1045955378459ee00b07dea253bef3c7071321089824f7d266683f0ed0,true,62,true,66.670027,189.510080,563.700267
fixed-window,fixed-w16k-zstd-3,random-1000000-00021,random-1000000,MHC-GRCh38,MHC,3388932,4388932,1000000,100,16384,1,0,1,1672797,1672797,0,0,12461,0,3,3,1672797,739808,4334580,2.261123,0.385919,347.176000,7924.553000,109910.941000,151998.700000,1097123.505000,62,70503,fd45bbee2dc1176a265c64597b653be367193c875e1256cbd04b7ab3034c233b,true,62,true,65.107920,184.823760,548.079200
fixed-window,fixed-w16k-zstd-3,random-1000000-00022,random-1000000,MHC-GRCh38,MHC,554951,1554951,1000000,100,16384,1,0,1,834162,834162,0,0,8365,0,2,2,834162,447310,2061004,1.864841,0.404736,157.960000,3747.745000,34387.787000,46035.274000,334032.173000,62,22587,48f71d07f20c89e9dac40a0eb0db9bbacc66308c93f61f44af7edd434ca1398f,true,62,true,42.744320,117.732960,324.443200
fixed-window,fixed-w16k-zstd-3,random-1000000-00023,random-1000000,MHC-GRCh38,MHC,952249,1952249,1000000,100,16384,1,0,1,878108,878108,0,0,12461,0,3,3,878108,467549,2155946,1.878109,0.407296,123.844000,3841.691000,37662.851000,50244.948000,364495.216000,62,24589,4a4440e1ace6f7142001a74483862b87d5bcf206c4a9e4a9a67c4d38531f5efb,true,62,true,43.916213,121.248640,336.162133
fixed-window,fixed-w16k-zstd-3,random-1000000-00024,random-1000000,MHC-GRCh38,MHC,1184608,2184608,1000000,100,16384,1,0,1,859972,859972,0,0,12461,0,3,3,859972,459323,2122034,1.872260,0.405258,122.874000,3731.973000,36827.634000,49070.764000,352240.489000,62,23856,a4ae3a1878e1169345e4fbb02c936c6307c27623ad764f1f7f79d436e368859b,true,62,true,43.432587,119.797760,331.325867
fixed-window,fixed-w16k-zstd-3,random-1000000-00025,random-1000000,MHC-GRCh38,MHC,1338039,2338039,1000000,100,16384,1,0,1,789207,789207,0,0,12461,0,3,3,789207,436059,1949188,1.809863,0.404890,161.874000,3582.240000,32132.991000,42364.642000,313890.736000,62,20179,470ada55d1277708ddb8ba03fa4dfec6538763d0b7737a7aa96b06a385ab3f80,true,62,true,41.545520,114.136560,312.455200
fixed-window,fixed-w16k-zstd-3,random-1000000-00026,random-1000000,MHC-GRCh38,MHC,2952014,3952014,1000000,100,16384,1,0,1,689647,689647,0,0,12461,0,3,3,689647,394823,1717122,1.746724,0.401630,141.295000,3051.549000,24402.812000,29714.387000,235724.511000,62,15124,a0d98d2f718148bec626d5216204a068289a7e72929090781336570ecd0a65ba,true,62,true,38.890587,106.171760,285.905867
fixed-window,fixed-w16k-zstd-3,random-1000000-00027,random-1000000,MHC-GRCh38,MHC,1870809,2870809,1000000,100,16384,1,0,1,973693,973693,0,0,12461,0,3,3,973693,500649,2421925,1.944862,0.402033,115.379000,4406.882000,48057.756000,63836.866000,480793.751000,62,30209,265baddd14d48b8ff58937a7fe7163ceb0494542f704af225b24d25dad2c0691,true,62,true,46.465147,128.895440,361.651467
fixed-window,fixed-w16k-zstd-3,random-1000000-00028,random-1000000,MHC-GRCh38,MHC,1203836,2203836,1000000,100,16384,1,0,1,845817,845817,0,0,12461,0,3,3,845817,454759,2090232,1.859924,0.404652,122.401000,3945.900000,36949.048000,49117.515000,358095.062000,62,23176,7c2ea57903982b0e5e105a9a9c735b8f4b47b2e9901cb9a445a9bb85d4818e74,true,62,true,43.055120,118.665360,327.551200
fixed-window,fixed-w16k-zstd-3,random-1000000-00029,random-1000000,MHC-GRCh38,MHC,1429528,2429528,1000000,100,16384,1,0,1,690145,690145,0,0,12461,0,3,3,690145,404749,1700972,1.705118,0.405736,154.144000,2990.995000,24103.443000,29613.208000,227626.597000,62,14858,a982fb629a5d4f42b3bbff00ef4b0a3429062d61a32d6e105d6264f893a7dc09,true,62,true,38.903867,106.211600,286.038667
fixed-window,fixed-w16k-zstd-3,random-1000000-00030,random-1000000,MHC-GRCh38,MHC,1281840,2281840,1000000,100,16384,1,0,1,813169,813169,0,0,12461,0,3,3,813169,443759,2018115,1.832456,0.402935,160.079000,3761.213000,33828.696000,61115.668000,346891.583000,62,21654,74320e0fe62159d7e1a16715c15392baea70a2f4f0a254184f3e100043c83e80,true,62,true,42.184507,116.053520,318.845067
fixed-window,fixed-w16k-zstd-3,random-1000000-00031,random-1000000,MHC-GRCh38,MHC,8225,1008225,1000000,100,16384,1,0,1,577924,577924,0,0,8365,0,2,2,577924,362389,1419253,1.594761,0.407203,271.332000,3153.541000,16280.625000,18672.996000,162636.247000,62,8846,30408d4bcab76ea00038368a9c8c26d5b6dd9cc70936d646b5bb25edb92c8711,true,62,true,35.911307,97.233920,256.113067
fixed-window,fixed-w16k-zstd-3,random-1000000-00032,random-1000000,MHC-GRCh38,MHC,2647156,3647156,1000000,100,16384,1,0,1,958979,958979,0,0,8365,0,2,2,958979,490934,2423048,1.953377,0.395774,113.711000,4298.112000,48803.084000,67497.739000,495512.279000,62,30239,5eb8196c34f5e9c13d788b072827151a7ba899ba49671d2864afd58584587b15,true,62,true,46.072773,127.718320,357.727733
fixed-window,fixed-w16k-zstd-3,random-1000000-00033,random-1000000,MHC-GRCh38,MHC,1021875,2021875,1000000,100,16384,1,0,1,880642,880642,0,0,12461,0,3,3,880642,468904,2173817,1.878086,0.405113,139.712000,4140.783000,38833.159000,66374.671000,389115.474000,62,24948,cc6e961683fad3f712de71c6327e632e16512716d90fa372baaf2a8c043e924d,true,62,true,43.983787,121.451360,336.837867
fixed-window,fixed-w16k-zstd-3,random-1000000-00034,random-1000000,MHC-GRCh38,MHC,1702048,2702048,1000000,100,16384,1,0,1,719202,719202,0,0,12461,0,3,3,719202,413532,1776992,1.739169,0.404730,170.869000,3205.680000,26255.858000,34004.016000,258015.204000,62,16434,cc625ddf5cb171f269e82a7243d46ad4007d02cda62a99fea9e197a2a74df79d,true,62,true,39.678720,108.536160,293.787200
fixed-window,fixed-w16k-zstd-3,random-1000000-00035,random-1000000,MHC-GRCh38,MHC,3941206,4941206,1000000,100,16384,1,0,1,1654430,1654430,0,0,12461,0,3,3,1654430,740295,4279211,2.234825,0.386620,123.186000,7264.038000,107823.925000,149544.150000,1075117.733000,62,69348,d9b75fc887f1bd97487d2ae6b97bfeb9161c60db749716cd48a5b6be90212551,true,62,true,64.618133,183.354400,543.181333
fixed-window,fixed-w16k-zstd-3,random-1000000-00036,random-1000000,MHC-GRCh38,MHC,3109002,4109002,1000000,100,16384,1,0,1,1275215,1275215,0,0,12461,0,3,3,1275215,594475,3260786,2.145111,0.391076,196.944000,5865.061000,73610.689000,100521.405000,726138.827000,62,47647,a1139bc1b3cc0c9be8c29a3b5e5d434fc8f53a70f5e2430c82aed268c9bbbb1b,true,62,true,54.505733,153.017200,442.057333
fixed-window,fixed-w16k-zstd-3,random-1000000-00037,random-1000000,MHC-GRCh38,MHC,723032,1723032,1000000,100,16384,1,0,1,854733,854733,0,0,12461,0,3,3,854733,458246,2103900,1.865227,0.406261,157.929000,3736.230000,35762.210000,51729.888000,346444.822000,62,23483,b65d7bd46ed8e38a08863bd42c3915c37b1802240e9d27376f81af61ecb56717,true,62,true,43.292880,119.378640,329.928800
fixed-window,fixed-w16k-zstd-3,random-1000000-00038,random-1000000,MHC-GRCh38,MHC,3366612,4366612,1000000,100,16384,1,0,1,1672300,1672300,0,0,12461,0,3,3,1672300,737951,4324607,2.266140,0.386694,143.800000,7333.514000,108071.225000,155412.670000,1079421.898000,62,70287,f5d440d6ad7c2be86ae2bbc2176586965b72a222f7736504830d8232b0c8a08a,true,62,true,65.094667,184.784000,547.946667
fixed-window,fixed-w16k-zstd-3,random-1000000-00039,random-1000000,MHC-GRCh38,MHC,2014029,3014029,1000000,100,16384,1,0,1,1077070,1077070,0,0,12461,0,3,3,1077070,542012,2711969,1.987170,0.397154,131.446000,4778.808000,56191.095000,83153.765000,571518.651000,62,36367,e0b7422bdce755136ed16c213df63bf8aeee75a73b077978ac4fd21116f1c384,true,62,true,49.221867,137.165600,389.218667
fixed-window,fixed-w16k-zstd-3,random-1000000-00040,random-1000000,MHC-GRCh38,MHC,2480500,3480500,1000000,100,16384,1,0,1,1048414,1048414,0,0,12461,0,3,3,1048414,528679,2631700,1.983082,0.398379,129.772000,4680.160000,54059.972000,72637.460000,535253.262000,62,34657,101e004141f9320463ea0bdcf1f4a847b36c3a4ad8df506c8ef404a7afd734d8,true,62,true,48.457707,134.873120,381.577067
fixed-window,fixed-w16k-zstd-3,random-1000000-00041,random-1000000,MHC-GRCh38,MHC,1705935,2705935,1000000,100,16384,1,0,1,731923,731923,0,0,12461,0,3,3,731923,414435,1782615,1.766074,0.410589,149.403000,3267.248000,26757.776000,33594.834000,259455.873000,62,16535,bb07e8949b83f9c2fd5e6b6f69aa706ed297830d1fb5b09de7d3c599c7424f5c,true,62,true,40.017947,109.553840,297.179467
fixed-window,fixed-w16k-zstd-3,random-1000000-00042,random-1000000,MHC-GRCh38,MHC,3191759,4191759,1000000,100,16384,1,0,1,1557059,1557059,0,0,8365,0,2,2,1557059,691133,4015780,2.252908,0.387735,124.830000,6855.434000,96535.409000,146593.800000,972201.261000,62,63684,d682a19a254b6fb86a20dab23a7ae3aa673c51f6eeaa9a5a09120d312e127c45,true,62,true,62.021573,175.564720,517.215733
fixed-window,fixed-w16k-zstd-3,random-1000000-00043,random-1000000,MHC-GRCh38,MHC,3565676,4565676,1000000,100,16384,1,0,1,1716785,1716785,0,0,12461,0,3,3,1716785,764994,4445883,2.244181,0.386152,177.925000,7629.448000,112829.870000,161481.097000,1119237.811000,62,72826,3cbf420d44080cc3112e3437cae5b3aeef9aab63f41c91a565a2514da9d0bc2d,true,62,true,66.280933,188.342800,559.809333
fixed-window,fixed-w16k-zstd-3,random-1000000-00044,random-1000000,MHC-GRCh38,MHC,1816865,2816865,1000000,100,16384,1,0,1,854386,854386,0,0,12461,0,3,3,854386,463536,2129298,1.843192,0.401252,183.421000,4048.095000,38004.391000,50156.905000,377220.752000,62,23931,1fa19d458d5147285c6865dbabed0f6de9a1785d5f01a9ab8795da621c6ffa7e,true,62,true,43.283627,119.350880,329.836267
fixed-window,fixed-w16k-zstd-3,random-1000000-00045,random-1000000,MHC-GRCh38,MHC,3842818,4842818,1000000,100,16384,1,0,1,1717642,1717642,0,0,12461,0,3,3,1717642,765333,4452461,2.244307,0.385774,138.761000,7741.191000,113818.493000,159157.372000,1123006.072000,62,72970,950cab52da1779ae974072802c0839806719cdb6609614eca9f769bfbdcd3b60,true,62,true,66.303787,188.411360,560.037867
fixed-window,fixed-w16k-zstd-3,random-1000000-00046,random-1000000,MHC-GRCh38,MHC,3283569,4283569,1000000,100,16384,1,0,1,1646512,1646512,0,0,12461,0,3,3,1646512,727203,4266746,2.264171,0.385894,174.566000,7323.779000,106547.435000,149838.189000,1059763.004000,62,69043,03e119d6acb173780e9f8b0afd6d6df26c11148dcc49f3c21d7003c28709c507,true,62,true,64.406987,182.720960,541.069867
fixed-window,fixed-w16k-zstd-3,random-1000000-00047,random-1000000,MHC-GRCh38,MHC,50408,1050408,1000000,100,16384,1,0,1,583105,583105,0,0,12461,0,3,3,583105,363132,1427900,1.605766,0.408365,187.193000,2571.033000,14556.871000,16980.308000,137287.427000,62,9021,295a00d2fa7963302f87ca50c102aadbd8a70a31b6ab42184526ae9c7ab6d617,true,62,true,36.049467,97.648400,257.494667
fixed-window,fixed-w16k-zstd-3,random-1000000-00048,random-1000000,MHC-GRCh38,MHC,437446,1437446,1000000,100,16384,1,0,1,787210,787210,0,0,12461,0,3,3,787210,429513,1927434,1.832797,0.408424,115.168000,3484.637000,30414.086000,40053.046000,291827.949000,62,19755,5e1a8f5b5cc81b4401749fa955735a077a400f064b4fbe4f32c3a289d868657a,true,62,true,41.492267,113.976800,311.922667
fixed-window,fixed-w16k-zstd-3,random-1000000-00049,random-1000000,MHC-GRCh38,MHC,137312,1137312,1000000,100,16384,1,0,1,588813,588813,0,0,12461,0,3,3,588813,365421,1445026,1.611328,0.407476,118.942000,2578.410000,15032.613000,18083.290000,143058.977000,62,9393,4f8904e413da28cbdb847c7e5b34d19f5679e12b5d22eca0b80bd17b1a48d09f,true,62,true,36.201680,98.105040,259.016800
fixed-window,fixed-w16k-zstd-3,random-1000-00000,random-1000,MHC-GRCh38,MHC,2654244,2655244,1000,100,65536,3,0,3,37566,37566,0,16384,4269,4096,1,0,17086,902,2731,41.647450,13.755401,8.228000,71.519000,840.905000,264.763000,7392.761000,1,20,9e6a7e61454f808e71928eb50122ac51264140a3a46e543aacd032ce0325eff6,true,1,true,62.501760,156.005280,316.017600
fixed-window,fixed-w16k-zstd-3,random-1000-00001,random-1000,MHC-GRCh38,MHC,4897918,4898918,1000,100,65536,2,0,2,19329,19329,0,0,4269,4096,1,0,15233,1029,2915,18.784257,6.630875,26.340000,72.709000,222.106000,88.136000,2006.990000,2,5,497aab4941ed7432ed072eaf08976ff3f4d82435c6a9015ff9486bca77b954a4,true,2,true,41.515440,103.546320,209.154400
fixed-window,fixed-w16k-zstd-3,random-1000-00002,random-1000,MHC-GRCh38,MHC,1758423,1759423,1000,100,65536,2,0,2,9845,9845,0,0,4269,269,1,0,9576,637,1847,15.455259,5.330265,13.679000,40.796000,248.517000,82.757000,2175.716000,1,10,327e35d7f0654c035cbcaa43da5b9ed09c32120481462e7264ee394269ab1547,true,1,true,41.262533,102.787600,206.625333
fixed-window,fixed-w16k-zstd-3,random-1000-00003,random-1000,MHC-GRCh38,MHC,3202374,3203374,1000,100,65536,2,0,2,12203,12203,0,0,4269,4096,1,0,8107,921,2656,13.249729,4.594503,11.398000,37.390000,167.094000,50.625000,1576.414000,1,5,1128b520ef62fa03c97fd28004a4d38be7744f8a143c72fc91256a04a90cce39,true,1,true,41.325413,102.976240,207.254133
fixed-window,fixed-w16k-zstd-3,random-1000-00004,random-1000,MHC-GRCh38,MHC,1529093,1530093,1000,100,65536,1,0,1,11848,11848,0,0,4269,0,1,0,11848,675,1884,17.552593,6.288747,6.441000,47.959000,409.662000,125.726000,3634.431000,1,7,34fc65eed42004cb8ea69be32e673e03aa31969502eb93d63dc299a011286a0c,true,1,true,20.815947,51.947840,105.159467
fixed-window,fixed-w16k-zstd-3,random-1000-00005,random-1000,MHC-GRCh38,MHC,999079,1000079,1000,100,65536,1,0,1,18219,18219,0,0,4269,0,1,0,18219,813,2483,22.409594,7.337495,12.400000,81.204000,437.605000,140.677000,3950.121000,2,19,060fd8696c789e1f3091c610af3213cb02caf610c1344e81b814e59d08e28ff1,true,2,true,20.985840,52.457520,106.858400
fixed-window,fixed-w16k-zstd-3,random-1000-00006,random-1000,MHC-GRCh38,MHC,4410732,4411732,1000,100,65536,2,0,2,12508,12508,0,0,4269,4096,1,0,8412,633,1820,19.759874,6.872527,17.965000,37.266000,177.196000,56.275000,1721.547000,1,7,3d525188226a2b4b93a86cd996e399423bdf6c1fd28a1be1746ab93287767321,true,1,true,41.333547,103.000640,207.335467
fixed-window,fixed-w16k-zstd-3,random-1000-00007,random-1000,MHC-GRCh38,MHC,2388877,2389877,1000,100,65536,2,0,2,13318,13318,0,0,4269,4096,1,0,9222,719,2057,18.522949,6.474477,11.743000,39.506000,206.438000,68.857000,1868.123000,1,7,4120304f0fd3201fe597ea047e702194ca80cec4119d40e02bf87bdc869b9ed6,true,1,true,41.355147,103.065440,207.551467
fixed-window,fixed-w16k-zstd-3,random-1000-00008,random-1000,MHC-GRCh38,MHC,844767,845767,1000,100,65536,1,0,1,8104,8104,0,0,4269,0,1,1,8104,680,1955,11.917647,4.145269,5.903000,35.472000,117.326000,67.687000,1070.708000,1,10,2f4cccf6900e96c63c33d73e1d1dc9352113232b55055f63b7d58742e9c3f133,true,1,true,20.716107,51.648320,104.161067
fixed-window,fixed-w16k-zstd-3,random-1000-00009,random-1000,MHC-GRCh38,MHC,3227097,3228097,1000,100,65536,1,0,1,16082,16082,0,0,4269,0,1,1,16082,652,1812,24.665644,8.875276,6.488000,73.453000,274.035000,85.984000,2753.780000,2,4,1e4a019e1726e8ba65e852d04625ac9dc15994657eedbff25580493c66713e8f,true,2,true,20.928853,52.286560,106.288533
fixed-window,fixed-w16k-zstd-3,random-1000-00010,random-1000,MHC-GRCh38,MHC,2263341,2264341,1000,100,65536,1,0,1,12318,12318,0,0,4269,0,1,1,12318,756,2259,16.293651,5.452855,10.759000,56.631000,453.795000,152.075000,3628.717000,1,14,42081a21e00ed8b30f3963590fb9f6fa845048ae8d09140e66d6a1ea388a893e,true,1,true,20.828480,51.985440,105.284800
fixed-window,fixed-w16k-zstd-3,random-1000-00011,random-1000,MHC-GRCh38,MHC,2372803,2373803,1000,100,65536,1,0,1,9334,9334,0,0,4269,0,1,1,9334,969,2988,9.632611,3.123829,10.466000,41.180000,233.343000,79.012000,2072.827000,1,15,f6124a9d542a83f41cb0ca4cf2157c76d8ee4a805e2df448d7f9583cf0ace903,true,1,true,20.748907,51.746720,104.489067
fixed-window,fixed-w16k-zstd-3,random-1000-00012,random-1000,MHC-GRCh38,MHC,3184950,3185950,1000,100,65536,1,0,1,8238,8238,0,0,4269,0,1,1,8238,713,2159,11.553997,3.815655,6.038000,36.967000,150.238000,47.314000,1396.817000,1,7,ae2c19e612e81a1a34a7b2d8e17a0fdfa8fd1b3a559d43fdc510eb262f125e39,true,1,true,20.719680,51.659040,104.196800
fixed-window,fixed-w16k-zstd-3,random-1000-00013,random-1000,MHC-GRCh38,MHC,2471785,2472785,1000,100,65536,1,0,1,11692,11692,0,0,4269,0,1,1,11692,821,2423,14.241169,4.825423,5.722000,47.096000,421.210000,146.380000,3777.071000,1,16,78359ae698fdb0f3f0217a4c946017c335c5690a0595edb49e77167232e722b7,true,1,true,20.811787,51.935360,105.117867
fixed-window,fixed-w16k-zstd-3,random-1000-00014,random-1000,MHC-GRCh38,MHC,333531,334531,1000,100,65536,1,0,1,7952,7952,0,0,4269,0,1,0,7952,943,2762,8.432662,2.879073,12.098000,37.946000,149.847000,45.581000,1260.621000,1,5,0363ab622e676d6a8bebb0247e376934c6da8bf3fb4ab519c09d27a8e9869c44,true,1,true,20.712053,51.636160,104.120533
fixed-window,fixed-w16k-zstd-3,random-1000-00015,random-1000,MHC-GRCh38,MHC,1587266,1588266,1000,100,65536,1,0,1,14476,14476,0,0,4269,0,1,1,14476,879,2784,16.468714,5.199713,5.086000,59.939000,606.663000,214.905000,5319.536000,1,25,a074279b4584b1a09e38170fd91ae5214a908a8452b206c2dfdf7244446b39a2,true,1,true,20.886027,52.158080,105.860267
fixed-window,fixed-w16k-zstd-3,random-1000-00016,random-1000,MHC-GRCh38,MHC,4179654,4180654,1000,100,65536,2,0,2,44302,44302,0,0,4269,4096,1,0,40206,1512,6962,29.300265,6.363401,17.393000,179.953000,3125.151000,1055.140000,26527.549000,1,118,13cedfee0c486b99f64e1ea06492b81ad7d0bea4a804ce6481c9adfec9b1e7bb,true,1,true,42.181387,105.544160,215.813867
fixed-window,fixed-w16k-zstd-3,random-1000-00017,random-1000,MHC-GRCh38,MHC,703981,704981,1000,100,65536,1,0,1,16440,16440,0,0,4269,0,1,1,16440,861,2467,19.094077,6.663964,54.338000,76.709000,304.929000,132.212000,2733.235000,2,13,ff7bbf634c71c6f1dd35a8040bef4c4f021bf3d07d17436282ce68d43a7db554,true,2,true,20.938400,52.315200,106.384000
fixed-window,fixed-w16k-zstd-3,random-1000-00018,random-1000,MHC-GRCh38,MHC,3890814,3891814,1000,100,65536,1,0,1,24538,24538,0,0,4269,0,1,1,24538,1896,9803,12.941983,2.503111,8.248000,109.609000,1776.254000,729.591000,16048.230000,1,179,711e6c17be3b6bd0f4d3649373e43b88471c92aeea294c33d690ed4ec2db8328,true,1,true,21.154347,52.963040,108.543467
fixed-window,fixed-w16k-zstd-3,random-1000-00019,random-1000,MHC-GRCh38,MHC,973637,974637,1000,100,65536,1,0,1,7018,7018,0,0,4269,0,1,1,7018,1104,3198,6.356884,2.194497,22.696000,38.400000,87.223000,42.919000,817.480000,1,8,c729361adead1455d9c7e7f8df38e26b3f81c2e2c16d71543aa3dab946deef4c,true,1,true,20.687147,51.561440,103.871467
fixed-window,fixed-w16k-zstd-3,random-1000-00020,random-1000,MHC-GRCh38,MHC,1049451,1050451,1000,100,65536,1,0,1,10615,10615,0,0,4269,0,1,1,10615,892,2542,11.900224,4.175846,4.610000,43.704000,293.790000,89.940000,2463.864000,1,5,978106361b9ce1848ba41b6852d66c128be9639f490c001a2df3714fce3ec657,true,1,true,20.783067,51.849200,104.830667
fixed-window,fixed-w16k-zstd-3,random-1000-00021,random-1000,MHC-GRCh38,MHC,2164019,2165019,1000,100,65536,1,0,1,9579,9579,0,0,4269,0,1,1,9579,1011,3651,9.474777,2.623665,5.882000,40.561000,274.219000,119.416000,2488.357000,1,48,9d5820195af9df31011983a492f80f8052801fe20211e0742fe90b2c66ff5ac6,true,1,true,20.755440,51.766320,104.554400
fixed-window,fixed-w16k-zstd-3,random-1000-00022,random-1000,MHC-GRCh38,MHC,394097,395097,1000,100,65536,1,0,1,9088,9088,0,0,4269,0,1,1,9088,1014,2948,8.962525,3.082768,5.627000,39.899000,200.912000,67.714000,1823.656000,1,14,b230b53d8764c7051d4fa7d2eba4a8c8aa170718a9374ddfe08ba15cd0af9850,true,1,true,20.742347,51.727040,104.423467
fixed-window,fixed-w16k-zstd-3,random-1000-00023,random-1000,MHC-GRCh38,MHC,453671,454671,1000,100,65536,1,0,1,9269,9269,0,0,4269,0,1,1,9269,777,2302,11.929215,4.026499,4.860000,40.975000,221.525000,71.867000,2058.638000,1,10,954fad997258c1d7bcb313252e890385367c01dfeda2c65bddb69060fdf33d30,true,1,true,20.747173,51.741520,104.471733
fixed-window,fixed-w16k-zstd-3,random-1000-00024,random-1000,MHC-GRCh38,MHC,3072536,3073536,1000,100,65536,1,0,1,8015,8015,0,0,4269,0,1,1,8015,1213,3672,6.607585,2.182734,8.023000,36.183000,121.117000,82.482000,1221.454000,1,12,e7be4c820bdefafd6078c3fe9bd23ef2eb0272186b6010a2f49036aeeee737c6,true,1,true,20.713733,51.641200,104.137333
fixed-window,fixed-w16k-zstd-3,random-1000-00025,random-1000,MHC-GRCh38,MHC,188333,189333,1000,100,65536,1,0,1,10464,10464,0,0,4269,0,1,1,10464,697,2100,15.012912,4.982857,3.905000,43.251000,288.421000,92.242000,2532.364000,1,11,6e02a0d61b3cc382fad437c58cd512111cc499bd269c8617735f70aa2439bc25,true,1,true,20.779040,51.837120,104.790400
fixed-window,fixed-w16k-zstd-3,random-1000-00026,random-1000,MHC-GRCh38,MHC,4480350,4481350,1000,100,65536,1,0,1,12339,12339,0,0,4269,0,1,1,12339,942,3228,13.098726,3.822491,4.103000,48.992000,428.514000,164.169000,3794.187000,1,33,2b8e0f970f8bd3adf5d439d7280c9d24ab569968031755caab8c3a21eacb006f,true,1,true,20.829040,51.987120,105.290400
fixed-window,fixed-w16k-zstd-3,random-1000-00027,random-1000,MHC-GRCh38,MHC,4331745,4332745,1000,100,65536,1,0,1,10751,10751,0,0,4269,0,1,1,10751,948,2740,11.340717,3.923723,10.679000,46.834000,348.193000,107.131000,3142.195000,1,10,f514fbc7ba6c3342342ea4df3bbb1339eb943d4856f213bc19cb31d4eb6460a0,true,1,true,20.786693,51.860080,104.866933
fixed-window,fixed-w16k-zstd-3,random-1000-00028,random-1000,MHC-GRCh38,MHC,3668197,3669197,1000,100,65536,1,0,1,7773,7773,0,0,4269,0,1,1,7773,890,2534,8.733708,3.067482,7.702000,34.239000,111.067000,66.112000,1065.279000,1,9,ec29ce27666900defd994b68938ec10785bd03e3477e24bd8c7e7999d204070a,true,1,true,20.707280,51.621840,104.072800
fixed-window,fixed-w16k-zstd-3,random-1000-00029,random-1000,MHC-GRCh38,MHC,3371627,3372627,1000,100,65536,1,0,1,9129,9129,0,0,4269,0,1,1,9129,843,2389,10.829181,3.821264,3.615000,40.260000,224.509000,67.445000,2044.817000,1,6,7310efd5ef673ce85a0292981e2aa2f9d728e575782158a6cce1fcc1e7d00d83,true,1,true,20.743440,51.730320,104.434400
fixed-window,fixed-w16k-zstd-3,random-1000-00030,random-1000,MHC-GRCh38,MHC,863595,864595,1000,100,65536,1,0,1,10299,10299,0,0,4269,0,1,1,10299,695,2124,14.818705,4.848870,4.717000,43.338000,313.173000,104.445000,2606.178000,1,16,e1f0e5b5e0738444990a30b50309fc1f8440118cba33fc79375d8f10db349cff,true,1,true,20.774640,51.823920,104.746400
fixed-window,fixed-w16k-zstd-3,random-1000-00031,random-1000,MHC-GRCh38,MHC,459612,460612,1000,100,65536,1,0,1,9600,9600,0,0,4269,0,1,1,9600,970,2762,9.896907,3.475742,5.982000,41.274000,238.108000,76.091000,2151.162000,1,7,473cdbefaaa0497769ca690fad91a750f13d9e251276ee588f4389875971d500,true,1,true,20.756000,51.768000,104.560000
fixed-window,fixed-w16k-zstd-3,random-1000-00032,random-1000,MHC-GRCh38,MHC,2813163,2814163,1000,100,65536,1,0,1,33881,33881,0,0,4269,0,1,1,33881,1803,9055,18.791459,3.741690,4.085000,156.102000,2603.068000,1027.111000,22769.157000,1,165,28d30e5c08882e22fbf3e8e04ec858f8ad05b9f195bda0bf6462abfe5b17bec9,true,1,true,21.403493,53.710480,111.034933
fixed-window,fixed-w16k-zstd-3,random-1000-00033,random-1000,MHC-GRCh38,MHC,2627316,2628316,1000,100,65536,1,0,1,16674,16674,0,0,4269,0,1,1,16674,869,2985,19.187572,5.585930,25.644000,71.016000,850.829000,280.558000,7265.019000,1,33,ac7f52a4da7f47105beb7ff3648385f4d83acfac7446ff83443c83f771ca7a42,true,1,true,20.944640,52.333920,106.446400
fixed-window,fixed-w16k-zstd-3,random-1000-00034,random-1000,MHC-GRCh38,MHC,3196323,3197323,1000,100,65536,1,0,1,8107,8107,0,0,4269,0,1,1,8107,774,2184,10.474160,3.711996,24.087000,42.998000,177.555000,51.898000,1620.759000,1,8,ca3fdd278dbe51cf3b7c498d5f6d5ed86a6825abe46333c0f64e8720ee5a2b97,true,1,true,20.716187,51.648560,104.161867
fixed-window,fixed-w16k-zstd-3,random-1000-00035,random-1000,MHC-GRCh38,MHC,880264,881264,1000,100,65536,1,0,1,11018,11018,0,0,4269,0,1,1,11018,690,1994,15.968116,5.525577,4.748000,45.728000,381.653000,122.149000,3434.505000,1,10,02a5e630a7ecae5a6fdac57f142972a9954af6c6cbba219d351f861c5f964fe9,true,1,true,20.793813,51.881440,104.938133
fixed-window,fixed-w16k-zstd-3,random-1000-00036,random-1000,MHC-GRCh38,MHC,3737062,3738062,1000,100,65536,1,0,1,16503,16503,0,0,4269,0,1,1,16503,985,3381,16.754315,4.881100,6.964000,66.345000,818.931000,302.175000,7188.588000,1,37,469a228e6d9bff5fbb0328ce8fb57e3b07b77d96f43a7cbc983aec8a6198818e,true,1,true,20.940080,52.320240,106.400800
fixed-window,fixed-w16k-zstd-3,random-1000-00037,random-1000,MHC-GRCh38,MHC,4383459,4384459,1000,100,65536,1,0,1,9626,9626,0,0,4269,0,1,1,9626,1106,3238,8.703436,2.972823,16.662000,46.367000,248.252000,86.835000,2364.615000,1,19,411253371be4566e476b48cc4b7f28ad447dc4cf288a707c2fa95cb4566dc793,true,1,true,20.756693,51.770080,104.566933
fixed-window,fixed-w16k-zstd-3,random-1000-00038,random-1000,MHC-GRCh38,MHC,4684396,4685396,1000,100,65536,1,0,1,8541,8541,0,0,4269,0,1,1,8541,758,2164,11.267810,3.946858,5.768000,36.590000,163.000000,48.132000,1325.677000,1,6,6e8b7d54a874ed28ed66197219d6eb5f31548f3a6239be8f1e45768446caf0e4,true,1,true,20.727760,51.683280,104.277600
fixed-window,fixed-w16k-zstd-3,random-1000-00039,random-1000,MHC-GRCh38,MHC,1840922,1841922,1000,100,65536,1,0,1,9065,9065,0,0,4269,0,1,1,9065,1071,3077,8.464052,2.946051,4.219000,42.824000,172.846000,55.758000,1502.442000,1,7,9dd2befaee651158ff162690c5b1f3246ca3145d6579891ed8094240565d730b,true,1,true,20.741733,51.725200,104.417333
fixed-window,fixed-w16k-zstd-3,random-1000-00040,random-1000,MHC-GRCh38,MHC,1176039,1177039,1000,100,65536,1,0,1,15570,15570,0,0,4269,0,1,1,15570,963,3363,16.168224,4.629795,5.132000,65.098000,705.725000,242.901000,5794.155000,1,42,f8b33b78bcf1c5279facdfe4e00f7c52aaa67d61781937fbf9b04c73fa2103d1,true,1,true,20.915200,52.245600,106.152000
fixed-window,fixed-w16k-zstd-3,random-1000-00041,random-1000,MHC-GRCh38,MHC,1205328,1206328,1000,100,65536,1,0,1,15268,15268,0,0,4269,0,1,1,15268,842,2644,18.133017,5.774584,12.063000,61.758000,858.731000,253.853000,6535.229000,1,22,52591b2a1e8cf8b8b05a327b9689905427511925fc794eb44ae21f5ac7146d52,true,1,true,20.907147,52.221440,106.071467
fixed-window,fixed-w16k-zstd-3,random-1000-00042,random-1000,MHC-GRCh38,MHC,3306190,3307190,1000,100,65536,1,0,1,8277,8277,0,0,4269,0,1,1,8277,610,1679,13.568852,4.929720,15.621000,44.488000,148.400000,44.067000,1429.829000,1,2,9310d89efc905274a30cf9b1fef4ae49b6ee90246689480d75b025ca803c2c00,true,1,true,20.720720,51.662160,104.207200
fixed-window,fixed-w16k-zstd-3,random-1000-00043,random-1000,MHC-GRCh38,MHC,2602103,2603103,1000,100,65536,1,0,1,23222,23222,0,0,4269,0,1,1,23222,1091,3976,21.285060,5.840543,7.111000,90.603000,1324.766000,455.974000,11244.200000,1,55,1d83a330ebb3476db118775d7a814be1ea79b3cba075d8b2ed08963f0df68835,true,1,true,21.119253,52.857760,108.192533
fixed-window,fixed-w16k-zstd-3,random-1000-00044,random-1000,MHC-GRCh38,MHC,2395815,2396815,1000,100,65536,1,0,1,11115,11115,0,0,4269,0,1,1,11115,883,2887,12.587769,3.850017,12.778000,52.262000,382.227000,137.351000,3458.595000,1,26,658b4267df3775de1f06317a4702ed96280eed3eb902dc2c005e1a0a47a1225f,true,1,true,20.796400,51.889200,104.964000
fixed-window,fixed-w16k-zstd-3,random-1000-00045,random-1000,MHC-GRCh38,MHC,770666,771666,1000,100,65536,1,0,1,8861,8861,0,0,4269,0,1,1,8861,685,1901,12.935766,4.661231,9.791000,40.808000,200.710000,61.672000,1712.999000,1,5,203ec49a4b66b8e8bea76d9be38083e6c5efec993a3cc041356d317a48054a79,true,1,true,20.736293,51.708880,104.362933
fixed-window,fixed-w16k-zstd-3,random-1000-00046,random-1000,MHC-GRCh38,MHC,4731030,4732030,1000,100,65536,1,0,1,9573,9573,0,0,4269,0,1,1,9573,733,2267,13.060027,4.222761,1.881000,43.215000,256.512000,81.848000,2324.393000,1,10,5046675d6dc78ae7bbce313040be64f4aa3761c37dd9222c395b73c654bc9580,true,1,true,20.755280,51.765840,104.552800
fixed-window,fixed-w16k-zstd-3,random-1000-00047,random-1000,MHC-GRCh38,MHC,4696809,4697809,1000,100,65536,1,0,1,8736,8736,0,0,4269,0,1,1,8736,786,2267,11.114504,3.853551,5.483000,37.266000,169.082000,51.923000,1404.211000,1,7,c91fc7c569b4313f9104f9105e591d65193a99e68391881d82bd269e4abeafca,true,1,true,20.732960,51.698880,104.329600
fixed-window,fixed-w16k-zstd-3,random-1000-00048,random-1000,MHC-GRCh38,MHC,1378757,1379757,1000,100,65536,1,0,1,26478,26478,0,0,4269,0,1,1,26478,1125,4488,23.536000,5.899733,5.282000,106.498000,1402.041000,568.627000,12299.600000,1,66,9454b7b7fa9f4cefd2fcb6c2172f0037afe29d479b93847eaa4448b3f435dea2,true,1,true,21.206080,53.118240,109.060800
fixed-window,fixed-w16k-zstd-3,random-1000-00049,random-1000,MHC-GRCh38,MHC,485156,486156,1000,100,65536,1,0,1,8657,8657,0,0,4269,0,1,1,8657,900,2631,9.618889,3.290384,25.964000,44.378000,182.020000,56.532000,1603.856000,1,7,e9d3f144fb710b4af80a14787e3f7e19fd6f236c29a5bfcdf641e083ee21fec6,true,1,true,20.730853,51.692560,104.308533
fixed-window,fixed-w16k-zstd-3,random-10000-00000,random-10000,MHC-GRCh38,MHC,3144166,3154166,10000,100,65536,1,0,1,18071,18071,0,0,8365,0,2,2,18071,4743,15597,3.810036,1.158620,5.629000,78.817000,397.316000,192.842000,3807.806000,2,89,39b98f81c1d5508812cb847e9eb58f1e9fe6aa4825df05dcd59e9d777af57f93,true,2,true,20.981893,52.445680,106.818933
fixed-window,fixed-w16k-zstd-3,random-10000-00001,random-10000,MHC-GRCh38,MHC,1999633,2009633,10000,100,65536,1,0,1,8734,8734,0,0,4269,0,1,1,8734,4568,16007,1.911996,0.545636,18.227000,39.748000,202.462000,141.657000,1928.840000,1,97,cc684d8ba2d026ad7701177669cf186b67cd4fc92e0621bd93e4eb97431ab246,true,1,true,20.732907,51.698720,104.329067
fixed-window,fixed-w16k-zstd-3,random-10000-00002,random-10000,MHC-GRCh38,MHC,3794961,3804961,10000,100,65536,1,0,1,27903,27903,0,0,4269,0,1,1,27903,6020,22077,4.635050,1.263895,7.406000,122.536000,1279.808000,640.905000,11410.979000,2,248,190f92872e9974690d868a0e84431a5f616fe7a7f37bf2536c87916dad846075,true,2,true,21.244080,53.232240,109.440800
fixed-window,fixed-w16k-zstd-3,random-10000-00003,random-10000,MHC-GRCh38,MHC,2063456,2073456,10000,100,65536,1,0,1,15230,15230,0,0,4269,0,1,1,15230,4225,13449,3.604734,1.132426,23.935000,82.063000,259.628000,168.818000,2538.003000,2,47,10e1e139258090034fa50195ad815299965b8ff66179d168fd5246669fdd25a6,true,2,true,20.906133,52.218400,106.061333
fixed-window,fixed-w16k-zstd-3,random-10000-00004,random-10000,MHC-GRCh38,MHC,3422261,3432261,10000,100,65536,1,0,1,13825,13825,0,0,4269,0,1,1,13825,3868,12642,3.574199,1.093577,11.833000,78.587000,160.488000,128.974000,1731.873000,2,35,7377bc77555ecbeffa3faaf81f94463b392365fa6d525c02279e0ec018cc29f2,true,2,true,20.868667,52.106000,105.686667
fixed-window,fixed-w16k-zstd-3,random-10000-00005,random-10000,MHC-GRCh38,MHC,375092,385092,10000,100,65536,1,0,1,21045,21045,0,0,4269,0,1,1,21045,4569,15464,4.606041,1.360903,35.910000,105.320000,642.427000,270.925000,5512.553000,2,100,b0febf5cd626e88eacb32283496b4278437c877b9c12f4197b83f726eecd16b2,true,2,true,21.061200,52.683600,107.612000
fixed-window,fixed-w16k-zstd-3,random-10000-00006,random-10000,MHC-GRCh38,MHC,4078995,4088995,10000,100,65536,1,0,1,199777,199777,0,0,4269,0,1,1,199777,18104,109606,11.034965,1.822683,22.740000,841.550000,15254.865000,7915.079000,137788.088000,2,2121,33fae7e58ae56ce68aba4d675a33f811e5b55af9cecc59652cace3da4c7da02a,true,2,true,25.827387,66.982160,155.273867
fixed-window,fixed-w16k-zstd-3,random-10000-00007,random-10000,MHC-GRCh38,MHC,2692223,2702223,10000,100,65536,1,0,1,25907,25907,0,0,4269,0,1,1,25907,8684,40225,2.983303,0.644052,18.259000,104.453000,1515.190000,1103.071000,14061.671000,1,634,2184e6f23cd49b12f8e58d537c41ab70d502945455ed9e2edbc5fb453b400429,true,1,true,21.190853,53.072560,108.908533
fixed-window,fixed-w16k-zstd-3,random-10000-00008,random-10000,MHC-GRCh38,MHC,1602057,1612057,10000,100,65536,1,0,1,22122,22122,0,0,4269,0,1,1,22122,4963,17746,4.457385,1.246591,21.685000,123.847000,795.413000,341.886000,6578.672000,2,141,8c8382ba14db8ccb2eca890c77d2bc76bed4f97d10c79ad8ef2e17e71fa89ad2,true,2,true,21.089920,52.769760,107.899200
fixed-window,fixed-w16k-zstd-3,random-10000-00009,random-10000,MHC-GRCh38,MHC,802401,812401,10000,100,65536,1,0,1,18378,18378,0,0,4269,0,1,1,18378,4237,13507,4.337503,1.360628,12.496000,85.957000,445.866000,239.879000,4046.536000,2,57,e1afbedaefe7cd8796ed5c1395457d118ecec4ebb64d5699d40faa21ffa625c3,true,2,true,20.990080,52.470240,106.900800
fixed-window,fixed-w16k-zstd-3,random-10000-00010,random-10000,MHC-GRCh38,MHC,4572584,4582584,10000,100,65536,1,0,1,22595,22595,0,0,4269,0,1,1,22595,9513,46922,2.375171,0.481544,12.505000,95.348000,1540.990000,1269.261000,13215.590000,1,783,b9dbb3e60b8227b0fced33e36e221fc313a72535009acbe00cafeb1e13269519,true,1,true,21.102533,52.807600,108.025333
fixed-window,fixed-w16k-zstd-3,random-10000-00011,random-10000,MHC-GRCh38,MHC,1340999,1350999,10000,100,65536,1,0,1,51500,51500,0,0,4269,0,1,1,51500,8891,42333,5.792374,1.216545,38.259000,211.611000,3075.555000,1618.416000,27371.968000,2,675,0380e4c3d31e0843be239b39884bb94ed504a52351b9b739d8ae7eb58e2cd10c,true,2,true,21.873333,55.120000,115.733333
fixed-window,fixed-w16k-zstd-3,random-10000-00012,random-10000,MHC-GRCh38,MHC,2666687,2676687,10000,100,65536,1,0,1,40060,40060,0,0,4269,0,1,1,40060,7380,29951,5.428184,1.337518,46.707000,175.448000,2245.647000,1037.530000,19515.672000,2,414,14836fe4e7a9d2bb9552d874a3903f0be6ead340db1fa6966b3b3a817dbe4f0c,true,2,true,21.568267,54.204800,112.682667
fixed-window,fixed-w16k-zstd-3,random-10000-00013,random-10000,MHC-GRCh38,MHC,640027,650027,10000,100,65536,1,0,1,9204,9204,0,0,4269,0,1,1,9204,4598,15284,2.001740,0.602198,36.507000,47.723000,238.566000,137.541000,2126.051000,1,89,4e7efa88c63198f9275ded82d6b16c0b17a275ba5bd66b71b23f28ca372a35c9,true,1,true,20.745440,51.736320,104.454400
fixed-window,fixed-w16k-zstd-3,random-10000-00014,random-10000,MHC-GRCh38,MHC,392291,402291,10000,100,65536,1,0,1,18972,18972,0,0,4269,0,1,1,18972,4679,14695,4.054713,1.291051,12.016000,83.161000,508.933000,193.862000,4136.556000,2,66,680451a90ee7e61605d89eb0343574aeed831204958be96132d701d50c497a4e,true,2,true,21.005920,52.517760,107.059200
fixed-window,fixed-w16k-zstd-3,random-10000-00015,random-10000,MHC-GRCh38,MHC,3877805,3887805,10000,100,65536,1,0,1,46721,46721,0,0,4269,0,1,1,46721,9791,47287,4.771831,0.988031,13.130000,206.611000,3029.196000,1765.600000,29196.158000,2,763,4aadba18576871bc75bed9737449a77bd5e97a10e8eb617ce072a211691ac986,true,2,true,21.745893,54.737680,114.458933
fixed-window,fixed-w16k-zstd-3,random-10000-00016,random-10000,MHC-GRCh38,MHC,2635713,2645713,10000,100,65536,1,0,1,31141,31141,0,0,4269,0,1,1,31141,6057,24684,5.141324,1.261586,50.704000,131.545000,1420.030000,700.346000,12695.405000,2,290,8328fb3d0dd728da513bb7f9c844d1843cbbd91ffefcf5bf204984e450d740fc,true,2,true,21.330427,53.491280,110.304267
fixed-window,fixed-w16k-zstd-3,random-10000-00017,random-10000,MHC-GRCh38,MHC,838673,848673,10000,100,65536,1,0,1,8104,8104,0,0,4269,0,1,1,8104,4112,12778,1.970817,0.634215,37.574000,40.145000,119.493000,100.623000,1161.282000,1,45,00ae6fcca2ad3bda4a47ebd2bc82e1665cc3138cf57f62fae1693748a49364e1,true,1,true,20.716107,51.648320,104.161067
fixed-window,fixed-w16k-zstd-3,random-10000-00018,random-10000,MHC-GRCh38,MHC,1050278,1060278,10000,100,65536,1,0,1,10615,10615,0,0,4269,0,1,1,10615,4865,17640,2.181912,0.601757,8.081000,45.817000,293.069000,223.082000,2602.194000,1,151,6672b5fd0e28d817406ecdb9d2b4200fb3a47f0f89383a153cf8fa5202e19483,true,1,true,20.783067,51.849200,104.830667
fixed-window,fixed-w16k-zstd-3,random-10000-00019,random-10000,MHC-GRCh38,MHC,1468704,1478704,10000,100,65536,1,0,1,37438,37438,0,0,4269,0,1,1,37438,6027,22607,6.211714,1.656036,6.312000,153.576000,2023.534000,860.896000,17308.089000,2,255,3058de0f9d38bee4a6976a9df90cc9f93946ab681909cdb910ec0ae0260b4e30,true,2,true,21.498347,53.995040,111.983467
fixed-window,fixed-w16k-zstd-3,random-10000-00020,random-10000,MHC-GRCh38,MHC,4375098,4385098,10000,100,65536,1,0,1,9626,9626,0,0,4269,0,1,1,9626,4655,15432,2.067884,0.623769,31.766000,47.515000,254.327000,156.303000,2336.054000,1,99,f429a8329f55fe2b029240657baac19dad69e5cdb2cac19619586bcc507b583a,true,1,true,20.756693,51.770080,104.566933
fixed-window,fixed-w16k-zstd-3,random-10000-00021,random-10000,MHC-GRCh38,MHC,4581909,4591909,10000,100,65536,1,0,1,34476,34476,0,0,4269,0,1,1,34476,5723,22660,6.024113,1.521447,9.768000,150.406000,2007.512000,854.548000,16621.239000,2,260,97e7f84529894fdcbf94838f0b8620d31a53aac88ac0d27b1c0f5f0203c8a0fc,true,2,true,21.419360,53.758080,111.193600
fixed-window,fixed-w16k-zstd-3,random-10000-00022,random-10000,MHC-GRCh38,MHC,169169,179169,10000,100,65536,1,0,1,9205,9205,0,0,4269,0,1,1,9205,4493,14648,2.048742,0.628413,28.239000,42.652000,219.503000,133.326000,2081.348000,1,84,1257627d647fa03eae664ac3c5fa9d51778dde06be8603f398b78de96aeef391,true,1,true,20.745467,51.736400,104.454667
fixed-window,fixed-w16k-zstd-3,random-10000-00023,random-10000,MHC-GRCh38,MHC,264332,274332,10000,100,65536,1,0,1,11825,11825,0,0,4269,0,1,1,11825,5211,19243,2.269238,0.614509,9.706000,49.486000,405.042000,284.626000,3650.442000,1,177,716fed6ee2ebfb3e2097a94ac458995e505d36e6ffb306f767703f8cbee56df2,true,1,true,20.815333,51.946000,105.153333
fixed-window,fixed-w16k-zstd-3,random-10000-00024,random-10000,MHC-GRCh38,MHC,4139768,4149768,10000,100,65536,1,0,1,156097,156097,0,0,4269,0,1,1,156097,14006,78630,11.145009,1.985209,13.716000,654.155000,12087.885000,5609.677000,108688.853000,2,1452,83985389cae80281e0b8edade8ee84dd61ac8d89f1c7c4371a3cf13721809093,true,2,true,24.662587,63.487760,143.625867
fixed-window,fixed-w16k-zstd-3,random-10000-00025,random-10000,MHC-GRCh38,MHC,1086948,1096948,10000,100,65536,1,0,1,9131,9131,0,0,4269,0,1,1,9131,4453,14622,2.050528,0.624470,75.487000,46.146000,250.978000,146.061000,2300.263000,1,91,cc1fd8afe6968eff93b9129098df2e482d99cb5be46c4122e69770d719c49ff2,true,1,true,20.743493,51.730480,104.434933
fixed-window,fixed-w16k-zstd-3,random-10000-00026,random-10000,MHC-GRCh38,MHC,796975,806975,10000,100,65536,1,0,1,18378,18378,0,0,4269,0,1,1,18378,4586,14796,4.007414,1.242092,11.759000,80.108000,454.389000,226.933000,3939.074000,2,76,946f59f31bc4e22dfdff7962879901c512a8b42499b5cc583d69cbc544c24a35,true,2,true,20.990080,52.470240,106.900800
fixed-window,fixed-w16k-zstd-3,random-10000-00027,random-10000,MHC-GRCh38,MHC,208422,218422,10000,100,65536,1,0,1,30170,30170,0,0,4269,0,1,1,30170,5034,18474,5.993246,1.633106,8.859000,124.209000,1191.380000,509.010000,10418.068000,2,168,16668a580712ce10bb578b1a91d9257ecc8b67b485fbf28a6a4772a24ab72d5b,true,2,true,21.304533,53.413600,110.045333
fixed-window,fixed-w16k-zstd-3,random-10000-00028,random-10000,MHC-GRCh38,MHC,4825593,4835593,10000,100,65536,1,0,1,17050,17050,0,0,4269,0,1,1,17050,4206,14796,4.053733,1.152338,2.739000,78.839000,395.866000,183.640000,3791.291000,2,75,56fed22ef21db9434fbec4a4dfae64a077e0bfa7577d4c53743ac63b1f05bd7a,true,2,true,20.954667,52.364000,106.546667
fixed-window,fixed-w16k-zstd-3,random-10000-00029,random-10000,MHC-GRCh38,MHC,1869556,1879556,10000,100,65536,1,0,1,15459,15459,0,0,4269,0,1,1,15459,5856,23478,2.639857,0.658446,13.177000,64.651000,726.125000,472.566000,6274.535000,1,276,bbfee9b5540c0eab2acd7e9e378b90aa567df20b5b9683004d28aa4726eab6b7,true,1,true,20.912240,52.236720,106.122400
fixed-window,fixed-w16k-zstd-3,random-10000-00030,random-10000,MHC-GRCh38,MHC,3525406,3535406,10000,100,65536,1,0,1,9637,9637,0,0,4269,0,1,1,9637,4738,16756,2.033981,0.575137,16.827000,42.830000,262.791000,248.497000,2567.515000,1,136,d7adce2abaa06de0650af25dce9b597f12df5a551a7231d7a540588b965e0d3d,true,1,true,20.756987,51.770960,104.569867
fixed-window,fixed-w16k-zstd-3,random-10000-00031,random-10000,MHC-GRCh38,MHC,817285,827285,10000,100,65536,1,0,1,16397,16397,0,0,4269,0,1,1,16397,4209,13112,3.895700,1.250534,10.443000,75.891000,284.866000,117.508000,2603.413000,2,50,f332e3929382b6a12083e27b77f2ce9501af9861a52e63a7e5bbd39b4c2fb0b8,true,2,true,20.937253,52.311760,106.372533
fixed-window,fixed-w16k-zstd-3,random-10000-00032,random-10000,MHC-GRCh38,MHC,2155060,2165060,10000,100,65536,1,0,1,17282,17282,0,0,4269,0,1,1,17282,4772,16071,3.621542,1.075353,6.464000,78.355000,415.084000,217.618000,3750.551000,2,110,40191e5439b0beeb05fd104dc56724a74ff7341fa7f2aa7ae46c3bb0b183cf3a,true,2,true,20.960853,52.382560,106.608533
fixed-window,fixed-w16k-zstd-3,random-10000-00033,random-10000,MHC-GRCh38,MHC,4536834,4546834,10000,100,65536,1,0,1,31511,31511,0,0,4269,0,1,1,31511,6566,27144,4.799117,1.160883,11.480000,130.167000,1756.805000,880.766000,15672.910000,2,353,10987fa5f40a447a042da9c88e51cd790c6ed0fab0f4b27ebab560a59f9a211c,true,2,true,21.340293,53.520880,110.402933
fixed-window,fixed-w16k-zstd-3,random-10000-00034,random-10000,MHC-GRCh38,MHC,3721781,3731781,10000,100,65536,1,0,1,17460,17460,0,0,4269,0,1,1,17460,6170,25262,2.829822,0.691157,37.508000,76.888000,842.471000,562.607000,7494.875000,1,306,28e8e43149e4bde7587db8e7807c8ba5cebd142be4492a7bb167096d3224f900,true,1,true,20.965600,52.396800,106.656000
fixed-window,fixed-w16k-zstd-3,random-10000-00035,random-10000,MHC-GRCh38,MHC,2921773,2931773,10000,100,65536,1,0,1,69239,69239,0,0,4269,0,1,1,69239,7049,30069,9.822528,2.302671,22.955000,290.805000,4516.000000,1945.883000,40642.342000,1,416,116c4d85770731c008a3afd4d75050abb1f6a004a3f11d79ceaacdc5d0befdfe,true,1,true,22.346373,56.539120,120.463733
fixed-window,fixed-w16k-zstd-3,random-10000-00036,random-10000,MHC-GRCh38,MHC,2022342,2032342,10000,100,65536,1,0,1,15496,15496,0,0,4269,0,1,1,15496,4172,13869,3.714286,1.117312,44.527000,77.999000,285.959000,167.049000,2832.361000,2,56,ded354f69244e941bb50934784978d7b387d48ef4762cce45fed54d708dfe63b,true,2,true,20.913227,52.239680,106.132267
fixed-window,fixed-w16k-zstd-3,random-10000-00037,random-10000,MHC-GRCh38,MHC,2903351,2913351,10000,100,65536,1,0,1,20860,20860,0,0,4269,0,1,1,20860,7259,32210,2.873674,0.647625,6.966000,104.548000,1174.687000,945.412000,10771.490000,1,463,6820c8ba0f9a26a043d85f1d9ee9a9bb0e25109fa137f896194c075e6e9b2979,true,1,true,21.056267,52.668800,107.562667
fixed-window,fixed-w16k-zstd-3,random-10000-00038,random-10000,MHC-GRCh38,MHC,1743550,1753550,10000,100,65536,1,0,1,21660,21660,0,0,4269,0,1,1,21660,5259,19094,4.118654,1.134388,19.762000,98.703000,734.741000,377.702000,6162.107000,2,177,4245dd58d7d1c2206c4f3cc75f00b7ab72ecf1031d74905d2588d8546365ff20,true,2,true,21.077600,52.732800,107.776000
fixed-window,fixed-w16k-zstd-3,random-10000-00039,random-10000,MHC-GRCh38,MHC,2503657,2513657,10000,100,65536,1,0,1,36993,36993,0,0,4269,0,1,1,36993,7844,37089,4.716089,0.997412,18.749000,149.947000,1918.669000,1152.770000,17846.764000,2,567,2213a8016cc6c057f5a1e38d7e6a104b477bc7e9e4a499bc5fd769cb092f84c9,true,2,true,21.486480,53.959440,111.864800
fixed-window,fixed-w16k-zstd-3,random-10000-00040,random-10000,MHC-GRCh38,MHC,2932138,2942138,10000,100,65536,1,0,1,89591,89591,0,0,4269,0,1,1,89591,6763,27507,13.247228,3.257025,48.583000,374.822000,5391.866000,2252.999000,49018.520000,2,361,d2757b7e004ae0acae9159fc54a0c22eb0d6f726022d05fa4457e560705ab86b,true,2,true,22.889093,58.167280,125.890933
fixed-window,fixed-w16k-zstd-3,random-10000-00041,random-10000,MHC-GRCh38,MHC,783360,793360,10000,100,65536,1,0,1,19328,19328,0,0,4269,0,1,1,19328,5096,17461,3.792779,1.106924,64.327000,95.165000,540.458000,274.341000,4744.253000,2,134,5e65270c1b5bf78832fe2277e39e6c5b8df0f0f68036e9e92519a632abed0542,true,2,true,21.015413,52.546240,107.154133
fixed-window,fixed-w16k-zstd-3,random-10000-00042,random-10000,MHC-GRCh38,MHC,2455602,2465602,10000,100,65536,1,0,1,20997,20997,0,0,4269,0,1,1,20997,5310,19567,3.954237,1.073082,15.079000,88.781000,655.139000,380.195000,6094.089000,2,187,1ac863683737b5e40be7d7d111d3e2cd76b0b93a32c10fe547dd201884f5b77f,true,2,true,21.059920,52.679760,107.599200
fixed-window,fixed-w16k-zstd-3,random-10000-00043,random-10000,MHC-GRCh38,MHC,1809625,1819625,10000,100,65536,1,0,1,17468,17468,0,0,4269,0,1,1,17468,4966,16014,3.517519,1.090796,13.962000,81.434000,359.771000,224.397000,3285.994000,2,95,a8cf05ab9f5d4e969c8720ac40234f9551c77b9393c4074a50d4cdefd6074e7e,true,2,true,20.965813,52.397440,106.658133
fixed-window,fixed-w16k-zstd-3,random-10000-00044,random-10000,MHC-GRCh38,MHC,137158,147158,10000,100,65536,1,0,1,9236,9236,0,0,4269,0,1,1,9236,4506,14355,2.049711,0.643400,14.585000,39.958000,216.085000,108.329000,1985.953000,1,59,f394da5a2f7f333a8019b7ed1bffad5cd57a7c0892701d2ecfcca3fe4f0e5889,true,1,true,20.746293,51.738880,104.462933
fixed-window,fixed-w16k-zstd-3,random-10000-00045,random-10000,MHC-GRCh38,MHC,4721118,4731118,10000,100,65536,1,0,1,9573,9573,0,0,4269,0,1,1,9573,4261,14204,2.246656,0.673965,1.239000,41.720000,252.423000,138.910000,2367.849000,1,74,45795d31562a51461f0c3adbf94e1928264e9f923302d28d748dd2445a3364d8,true,1,true,20.755280,51.765840,104.552800
fixed-window,fixed-w16k-zstd-3,random-10000-00046,random-10000,MHC-GRCh38,MHC,2609994,2619994,10000,100,65536,1,0,1,19793,19793,0,0,4269,0,1,1,19793,6996,30198,2.829188,0.655441,8.135000,77.074000,1125.697000,735.177000,9414.542000,1,422,1fa4c86045416288989ea3558c79f0d759fcf2010265116ab4e22bd61f073571,true,1,true,21.027813,52.583440,107.278133
fixed-window,fixed-w16k-zstd-3,random-10000-00047,random-10000,MHC-GRCh38,MHC,3860427,3870427,10000,100,65536,1,0,1,40114,40114,0,0,4269,0,1,1,40114,6078,24758,6.599868,1.620244,21.621000,168.737000,2130.660000,923.772000,18978.097000,2,307,a2a3530e05954057c972097786eb0caa754d4b65b264d138e14818b7fd2d2d2b,true,2,true,21.569707,54.209120,112.697067
fixed-window,fixed-w16k-zstd-3,random-10000-00048,random-10000,MHC-GRCh38,MHC,4554094,4564094,10000,100,65536,1,0,1,44493,44493,0,0,4269,0,1,1,44493,10239,51765,4.345444,0.859519,52.714000,195.447000,2953.008000,1877.664000,25824.235000,2,885,23cf9f7eadaf9d1b78d8f3b3206a6006cd1336963f033245de30987b80aaaf38,true,2,true,21.686480,54.559440,113.864800
fixed-window,fixed-w16k-zstd-3,random-10000-00049,random-10000,MHC-GRCh38,MHC,2352190,2362190,10000,100,65536,1,0,1,19272,19272,0,0,4269,0,1,1,19272,4749,16177,4.058117,1.191321,52.554000,92.063000,507.308000,246.059000,4599.873000,2,111,800091a8217f514a4ab9edd8bf729b616292a002018ce539ddc1052135ade198,true,2,true,21.013920,52.541760,107.139200
fixed-window,fixed-w16k-zstd-3,random-100000-00000,random-100000,MHC-GRCh38,MHC,4209044,4309044,100000,100,65536,1,0,1,168890,168890,0,0,4269,0,1,1,168890,65549,336308,2.576546,0.502188,16.582000,782.645000,10271.557000,9293.200000,99471.886000,8,5035,32e8083b6abd3be64c447c24584d42938879238fa3d81db158eb23a15db404f2,true,8,true,25.003733,64.511200,147.037333
fixed-window,fixed-w16k-zstd-3,random-100000-00001,random-100000,MHC-GRCh38,MHC,1722746,1822746,100000,100,65536,1,0,1,68083,68083,0,0,4269,0,1,1,68083,41890,153777,1.625280,0.442739,70.338000,295.646000,1868.263000,1714.783000,16901.295000,7,1126,45012cba45ad5936e9f619869db1564593fd295f60d5f6b4423c602499cd7d4c,true,7,true,22.315547,56.446640,120.155467
fixed-window,fixed-w16k-zstd-3,random-100000-00002,random-100000,MHC-GRCh38,MHC,3224923,3324923,100000,100,65536,1,0,1,56292,56292,0,0,4269,0,1,1,56292,35805,128622,1.572183,0.437655,48.725000,257.589000,1017.257000,859.524000,10312.249000,7,574,650e851ca4deb971c052fe1cbe4dec8752531ac0b5bffa3e125ff3dee5b64889,true,7,true,22.001120,55.503360,117.011200
fixed-window,fixed-w16k-zstd-3,random-100000-00003,random-100000,MHC-GRCh38,MHC,685079,785079,100000,100,65536,1,0,1,59295,59295,0,0,4269,0,1,1,59295,37583,129398,1.577708,0.458237,46.146000,260.769000,1270.839000,1006.663000,11100.849000,7,619,84c08e62d3f3f30d863d5a72aa03c9a5c55cb3c77246886de0ff99a3a8df0489,true,7,true,22.081200,55.743600,117.812000
fixed-window,fixed-w16k-zstd-3,random-100000-00004,random-100000,MHC-GRCh38,MHC,2437611,2537611,100000,100,65536,1,0,1,95230,95230,0,0,4269,0,1,1,95230,50339,217274,1.891774,0.438295,44.753000,414.666000,4119.674000,3872.428000,38094.635000,7,2438,c30441669e36e5b931803112b45206c2cb5ec85cea8ddd4e4883b0227dbda95b,true,7,true,23.039467,58.618400,127.394667
fixed-window,fixed-w16k-zstd-3,random-100000-00005,random-100000,MHC-GRCh38,MHC,59077,159077,100000,100,65536,1,0,1,59413,59413,0,0,4269,0,1,1,59413,39584,133167,1.500935,0.446154,55.577000,277.471000,1247.535000,1039.065000,11881.945000,7,666,59ba1c17c2eb410b568d830db351a260e2ff752b426433d90ffc1737d8d770b0,true,7,true,22.084347,55.753040,117.843467
fixed-window,fixed-w16k-zstd-3,random-100000-00006,random-100000,MHC-GRCh38,MHC,4590285,4690285,100000,100,65536,1,0,1,97915,97915,0,0,4269,0,1,1,97915,52875,223553,1.851820,0.437995,38.567000,432.203000,4296.934000,4113.240000,41592.540000,7,2617,a64377cb5e8d05256abb39b5b0c499a163809a709f3c41af5e770ba7f2927537,true,7,true,23.111067,58.833200,128.110667
fixed-window,fixed-w16k-zstd-3,random-100000-00007,random-100000,MHC-GRCh38,MHC,4485571,4585571,100000,100,65536,1,0,1,110089,110089,0,0,4269,0,1,1,110089,56571,270370,1.946032,0.407179,69.493000,485.867000,5888.814000,6120.232000,53651.285000,7,3587,62ab48c6ec685ad313f6f68d4baeecde58417e601bb21c67ddd98715c6a00523,true,7,true,23.435707,59.807120,131.357067
fixed-window,fixed-w16k-zstd-3,random-100000-00008,random-100000,MHC-GRCh38,MHC,3570722,3670722,100000,100,65536,1,0,1,65397,65397,0,0,8365,0,2,2,65397,36956,127803,1.769591,0.511702,94.780000,304.231000,1236.473000,905.159000,12301.432000,8,556,19a7c76674610d2342c9fbea62a10888959bd988453261d682ff12781765db7f,true,8,true,22.243920,56.231760,119.439200
fixed-window,fixed-w16k-zstd-3,random-100000-00009,random-100000,MHC-GRCh38,MHC,4287809,4387809,100000,100,65536,1,0,1,95000,95000,0,0,4269,0,1,1,95000,47841,194241,1.985744,0.489083,28.736000,413.989000,3929.558000,3253.518000,38234.095000,7,1990,e91c65af67f8f894b81a4673e1737501a8afddef2ca98f315b4e21b673474899,true,7,true,23.033333,58.600000,127.333333
fixed-window,fixed-w16k-zstd-3,random-100000-00010,random-100000,MHC-GRCh38,MHC,4025165,4125165,100000,100,65536,1,0,1,600114,600114,0,0,4269,0,1,1,600114,195330,1335954,3.072308,0.449203,36.313000,2732.734000,48541.711000,55223.937000,461389.545000,7,26102,60c3e5d638a71bece86def27f59a9a6e97e4a340ab34a627a420102128dc7751,true,7,true,36.503040,99.009120,262.030400
fixed-window,fixed-w16k-zstd-3,random-100000-00011,random-100000,MHC-GRCh38,MHC,1237510,1337510,100000,100,65536,1,0,1,129400,129400,0,0,4269,0,1,1,129400,56167,273054,2.303844,0.473899,71.078000,540.413000,6798.811000,6437.853000,62183.864000,7,3680,b5901726f77ee00314f015b59d51c14df7d08ac58444abc0c107aaa1fad54194,true,7,true,23.950667,61.352000,136.506667
fixed-window,fixed-w16k-zstd-3,random-100000-00012,random-100000,MHC-GRCh38,MHC,282699,382699,100000,100,65536,1,0,1,72093,72093,0,0,4269,0,1,1,72093,39955,154486,1.804355,0.466664,80.734000,315.108000,2046.026000,1818.762000,18589.139000,7,1125,54d663c12cc9be7f5115a95bbb1f5585d772564d5c50833e8e3e231d8ac57d04,true,7,true,22.422480,56.767440,121.224800
fixed-window,fixed-w16k-zstd-3,random-100000-00013,random-100000,MHC-GRCh38,MHC,2461234,2561234,100000,100,65536,1,0,1,110886,110886,0,0,4269,0,1,1,110886,54888,245800,2.020223,0.451123,33.647000,544.225000,5343.818000,4965.604000,50487.290000,7,3052,2bb8cc4a820ed95bff9ee3b3c46eb345ab1f54ddfb2c3a1e4352f0d092909be6,true,7,true,23.456960,59.870880,131.569600
fixed-window,fixed-w16k-zstd-3,random-100000-00014,random-100000,MHC-GRCh38,MHC,39688,139688,100000,100,65536,1,0,1,59140,59140,0,0,4269,0,1,1,59140,39348,132047,1.502999,0.447871,22.762000,265.852000,1170.993000,974.457000,11471.715000,7,646,49e9f4bf234851cead81bf6a2e1d729c848b791a51ba72c1987113f60a240b6a,true,7,true,22.077067,55.731200,117.770667
fixed-window,fixed-w16k-zstd-3,random-100000-00015,random-100000,MHC-GRCh38,MHC,2966751,3066751,100000,100,65536,1,0,1,87756,87756,0,0,4269,0,1,1,87756,48092,201421,1.824753,0.435684,28.920000,382.826000,3468.545000,3276.422000,32647.720000,7,2141,442bb6b3657e1304642ee8c0bcbd72d2f571e2e86754bfe071952ddddff873a1,true,7,true,22.840160,58.020480,125.401600
fixed-window,fixed-w16k-zstd-3,random-100000-00016,random-100000,MHC-GRCh38,MHC,1970326,2070326,100000,100,65536,1,0,1,57947,57947,0,0,4269,0,1,1,57947,37997,132429,1.525041,0.437570,28.705000,265.371000,1235.919000,1108.433000,11693.348000,7,670,4cff76d0bc8547d0bb83fbfddae6d561248770f8eb6d289574e84183ab26b92c,true,7,true,22.045253,55.635760,117.452533
fixed-window,fixed-w16k-zstd-3,random-100000-00017,random-100000,MHC-GRCh38,MHC,4296183,4396183,100000,100,65536,1,0,1,84179,84179,0,0,4269,0,1,1,84179,46041,183355,1.828349,0.459104,48.500000,355.542000,3090.191000,2738.738000,28639.378000,7,1760,b1cfc8cace350414b28c0a4117c8afa27ff174db67eac05a7f047798af51a501,true,7,true,22.744773,57.734320,124.447733
fixed-window,fixed-w16k-zstd-3,random-100000-00018,random-100000,MHC-GRCh38,MHC,3769659,3869659,100000,100,65536,1,0,1,110860,110860,0,0,4269,0,1,1,110860,52205,225406,2.123551,0.491824,49.057000,465.396000,5337.603000,4384.227000,48418.457000,7,2651,607bfe669aea0f45aa46f0730afa870a0e69c165fe376da184fb2b772d3d903f,true,7,true,23.456267,59.868800,131.562667
fixed-window,fixed-w16k-zstd-3,random-100000-00019,random-100000,MHC-GRCh38,MHC,1836841,1936841,100000,100,65536,1,0,1,78204,78204,0,0,4269,0,1,1,78204,44076,170246,1.774299,0.459359,24.340000,337.927000,2640.570000,2363.351000,24235.657000,7,1484,191113f90170e5126479711af08690601fe73171464bc55d00b41c9a484dbce4,true,7,true,22.585440,57.256320,122.854400
fixed-window,fixed-w16k-zstd-3,random-100000-00020,random-100000,MHC-GRCh38,MHC,3910205,4010205,100000,100,65536,1,0,1,239563,239563,0,0,4269,0,1,1,239563,93677,549369,2.557330,0.436069,31.330000,1116.829000,16316.393000,18911.847000,158236.583000,7,9437,c2e42215450f8c2661b6b451ce0936abf551ae7bff855ff84da5bc8a7968c84b,true,7,true,26.888347,70.165040,165.883467
fixed-window,fixed-w16k-zstd-3,random-100000-00021,random-100000,MHC-GRCh38,MHC,647943,747943,100000,100,65536,1,0,1,62687,62687,0,0,4269,0,1,1,62687,39520,139207,1.586210,0.450315,97.074000,318.715000,1735.696000,1328.218000,14323.966000,7,813,9e8cef8b753db677c29fef3d40400b533e52821777595a9a27e595ddf2ec1410,true,7,true,22.171653,56.014960,118.716533
fixed-window,fixed-w16k-zstd-3,random-100000-00022,random-100000,MHC-GRCh38,MHC,2004256,2104256,100000,100,65536,1,0,1,54766,54766,0,0,8365,0,2,2,54766,36386,127123,1.505139,0.430811,51.412000,275.953000,1003.537000,854.459000,10017.984000,7,543,4ee366a8da2710ed0df259697678c9601ea059d22cc1970349d48b067d071050,true,7,true,21.960427,55.381280,116.604267
fixed-window,fixed-w16k-zstd-3,random-100000-00023,random-100000,MHC-GRCh38,MHC,948617,1048617,100000,100,65536,1,0,1,68668,68668,0,0,8365,0,2,2,68668,39993,131493,1.717000,0.522218,46.893000,345.401000,1530.931000,1086.443000,14053.644000,8,662,7bc1c13ea33f55081af4faee96164e11cf58980e23d0069f1e9c2ef5f79923b0,true,8,true,22.331147,56.493440,120.311467
fixed-window,fixed-w16k-zstd-3,random-100000-00024,random-100000,MHC-GRCh38,MHC,172774,272774,100000,100,65536,1,0,1,84541,84541,0,0,4269,0,1,1,84541,45425,181900,1.861112,0.464766,16.613000,375.425000,2863.737000,2798.473000,27790.008000,7,1689,703f31b2efa3cdf99ce82955f7c26f58193bb7fdca05725347534130514df260,true,7,true,22.754427,57.763280,124.544267
fixed-window,fixed-w16k-zstd-3,random-100000-00025,random-100000,MHC-GRCh38,MHC,2486989,2586989,100000,100,65536,1,0,1,113688,113688,0,0,4269,0,1,1,113688,55621,247440,2.043976,0.459457,22.920000,521.130000,5612.173000,5668.154000,54217.780000,7,3082,7ccc96b968dbd73138b0bef8cd2e06317cf09ae4f3bc17493b7415dccc5dff50,true,7,true,23.531680,60.095040,132.316800
fixed-window,fixed-w16k-zstd-3,random-100000-00026,random-100000,MHC-GRCh38,MHC,1930943,2030943,100000,100,65536,1,0,1,67818,67818,0,0,4269,0,1,1,67818,40603,155026,1.670271,0.437462,78.060000,346.455000,2035.136000,1691.265000,18782.746000,7,1095,14334b554e3e9655c965408117e425948d6c83d11aa07182bce0d72eda4ee2f3,true,7,true,22.308480,56.425440,120.084800
fixed-window,fixed-w16k-zstd-3,random-100000-00027,random-100000,MHC-GRCh38,MHC,204534,304534,100000,100,65536,1,0,1,88357,88357,0,0,4269,0,1,1,88357,43536,177520,2.029516,0.497730,43.333000,406.218000,3433.019000,2652.264000,29860.629000,7,1603,4d57d41cb194b884a41da65fdd22aea0a8c27db77bb5042f7d0adeb7c73d1dc4,true,7,true,22.856187,58.068560,125.561867
fixed-window,fixed-w16k-zstd-3,random-100000-00028,random-100000,MHC-GRCh38,MHC,3890508,3990508,100000,100,65536,1,0,1,161959,161959,0,0,4269,0,1,1,161959,66475,349427,2.436390,0.463499,19.124000,760.776000,10324.865000,10547.094000,101167.609000,7,5265,64fb347e77ea288d38a2ce9574ee30d2b4be5888a322149fd1b42e9fcddf651c,true,7,true,24.818907,63.956720,145.189067
fixed-window,fixed-w16k-zstd-3,random-100000-00029,random-100000,MHC-GRCh38,MHC,1400303,1500303,100000,100,65536,1,0,1,174682,174682,0,0,4269,0,1,1,174682,73403,404332,2.379766,0.432026,76.007000,838.223000,10875.841000,12548.294000,101077.053000,7,6494,7dd51bacace475b905c71c96b5738874cb4cc596d2f22d2b5deaf2e9a383e677,true,7,true,25.158187,64.974560,148.581867
fixed-window,fixed-w16k-zstd-3,random-100000-00030,random-100000,MHC-GRCh38,MHC,1669721,1769721,100000,100,65536,1,0,1,78823,78823,0,0,4269,0,1,1,78823,42397,157902,1.859165,0.499189,18.614000,383.152000,2250.117000,1881.896000,20721.568000,8,1197,741ec828d1c9c77374a42df4205c1d246e1a2241e64f0977b6df22d8e0fc21c8,true,8,true,22.601947,57.305840,123.019467
fixed-window,fixed-w16k-zstd-3,random-100000-00031,random-100000,MHC-GRCh38,MHC,215439,315439,100000,100,65536,1,0,1,80526,80526,0,0,4269,0,1,1,80526,42453,174311,1.896827,0.461967,45.708000,349.073000,2632.663000,2424.949000,24704.924000,7,1540,ae3a38a78bc54df8bb5b64aa04e50d7ffa6086417a22570c069468d140ac8134,true,7,true,22.647360,57.442080,123.473600
fixed-window,fixed-w16k-zstd-3,random-100000-00032,random-100000,MHC-GRCh38,MHC,3542671,3642671,100000,100,65536,1,0,1,57056,57056,0,0,4269,0,1,1,57056,36059,128867,1.582296,0.442751,51.004000,271.718000,1111.126000,949.074000,10990.203000,7,589,d9aa6d23a6b62c66ac19183747bb2ccc720333a4958454dfb6ebe7f9093d9823,true,7,true,22.021493,55.564480,117.214933
fixed-window,fixed-w16k-zstd-3,random-100000-00033,random-100000,MHC-GRCh38,MHC,1452240,1552240,100000,100,65536,1,0,1,110896,110896,0,0,4269,0,1,1,110896,53441,226826,2.075111,0.488903,30.136000,470.936000,5212.279000,4633.072000,47126.531000,7,2682,f312a374776582f5db71384d371c7852297f13be6b7d80811998a767c99d0521,true,7,true,23.457227,59.871680,131.572267
fixed-window,fixed-w16k-zstd-3,random-100000-00034,random-100000,MHC-GRCh38,MHC,3935885,4035885,100000,100,65536,1,0,1,413945,413945,0,0,4269,0,1,1,413945,139924,921400,2.958356,0.449257,37.076000,1829.768000,31323.648000,35870.813000,295081.368000,7,17261,680dd4f3ec892eac167ab5a6873f8f6087006b60e939e70cdfa62634dba8df50,true,7,true,31.538533,84.115600,212.385333
fixed-window,fixed-w16k-zstd-3,random-100000-00035,random-100000,MHC-GRCh38,MHC,1231487,1331487,100000,100,65536,1,0,1,129400,129400,0,0,4269,0,1,1,129400,55437,266371,2.334181,0.485789,98.034000,532.333000,6694.279000,6286.087000,61554.671000,7,3548,a6f4f67b33da190409f770417ecd57abcd7c7a2004d5dbbe705d0e0195b028d6,true,7,true,23.950667,61.352000,136.506667
fixed-window,fixed-w16k-zstd-3,random-100000-00036,random-100000,MHC-GRCh38,MHC,2059084,2159084,100000,100,65536,1,0,1,54586,54586,0,0,8365,0,2,2,54586,36196,127019,1.508067,0.429747,84.188000,264.075000,965.998000,794.445000,9528.623000,7,538,7ba622d78759052db8d982897a8062ed4af62fb0c3e56c393bff47168a846746,true,7,true,21.955627,55.366880,116.556267
fixed-window,fixed-w16k-zstd-3,random-100000-00037,random-100000,MHC-GRCh38,MHC,3340862,3440862,100000,100,65536,1,0,1,61269,61269,0,0,4269,0,1,1,61269,35829,126567,1.710039,0.484084,37.753000,286.740000,1019.833000,808.241000,10158.109000,8,523,8f92362b65b7867abc7d88837e976f16d7b1427e6c2fd60925b6a36405d74c45,true,8,true,22.133840,55.901520,118.338400
fixed-window,fixed-w16k-zstd-3,random-100000-00038,random-100000,MHC-GRCh38,MHC,921258,1021258,100000,100,65536,1,0,1,56819,56819,0,0,4269,0,1,1,56819,37547,123746,1.513277,0.459158,38.773000,260.715000,1025.501000,760.622000,9882.531000,7,503,fe6971683ac4cb90cf56fb9f5347d1e1e3915baaeac17f866aa71221850e0484,true,7,true,22.015173,55.545520,117.151733
fixed-window,fixed-w16k-zstd-3,random-100000-00039,random-100000,MHC-GRCh38,MHC,3395378,3495378,100000,100,65536,1,0,1,54013,54013,0,0,4269,0,1,1,54013,35350,121563,1.527949,0.444321,25.604000,251.150000,857.249000,653.868000,8558.996000,7,421,8fd62575ba7d7fa67094b8797b763eea904ce8ce888a1edaefbf979e2ae9f190,true,7,true,21.940347,55.321040,116.403467
fixed-window,fixed-w16k-zstd-3,random-100000-00040,random-100000,MHC-GRCh38,MHC,3429684,3529684,100000,100,65536,1,0,1,57352,57352,0,0,4269,0,1,1,57352,29606,126327,1.937175,0.453996,25.626000,256.497000,1032.764000,817.554000,9916.989000,7,544,61b06d01fabee659f928ce9e22b30229cf5e353fcee2cef89edece567e762fd2,true,7,true,22.029387,55.588160,117.293867
fixed-window,fixed-w16k-zstd-3,random-100000-00041,random-100000,MHC-GRCh38,MHC,3427206,3527206,100000,100,65536,1,0,1,57352,57352,0,0,4269,0,1,1,57352,29726,123989,1.929355,0.462557,30.211000,256.619000,1021.582000,781.654000,9895.616000,7,508,6821e84b1deb499b912b5a16cacd9b5ec8aaa72b621ff610358cfb368894c6a9,true,7,true,22.029387,55.588160,117.293867
fixed-window,fixed-w16k-zstd-3,random-100000-00042,random-100000,MHC-GRCh38,MHC,58582,158582,100000,100,65536,1,0,1,59413,59413,0,0,4269,0,1,1,59413,39339,131815,1.510282,0.450730,29.182000,267.092000,1238.392000,998.884000,11854.325000,7,657,82b32e58f297137f6f7535bdf2eb588af4aa71aa6df0203286fe8d2d7f8e5bf9,true,7,true,22.084347,55.753040,117.843467
fixed-window,fixed-w16k-zstd-3,random-100000-00043,random-100000,MHC-GRCh38,MHC,1799230,1899230,100000,100,65536,1,0,1,75193,75193,0,0,4269,0,1,1,75193,43889,164657,1.713254,0.456664,43.214000,320.521000,2361.440000,2080.574000,21792.993000,7,1361,5e209164a6d6d0b416b39033eaecdfd097226c6f9e44113e43baa8d3c33e60aa,true,7,true,22.505147,57.015440,122.051467
fixed-window,fixed-w16k-zstd-3,random-100000-00044,random-100000,MHC-GRCh38,MHC,2029904,2129904,100000,100,65536,1,0,1,53872,53872,0,0,8365,0,2,2,53872,35539,122861,1.515856,0.438479,16.334000,256.517000,964.018000,716.843000,9238.467000,7,470,9b34d642d44e33b8d3dc1fb0c0c7218c45b39847f81e08e0bdd1638eb51cbb49,true,7,true,21.936587,55.309760,116.365867
fixed-window,fixed-w16k-zstd-3,random-100000-00045,random-100000,MHC-GRCh38,MHC,2203224,2303224,100000,100,65536,1,0,1,71128,71128,0,0,4269,0,1,1,71128,42056,160964,1.691269,0.441888,36.948000,322.086000,2301.301000,2349.177000,22003.706000,7,1259,00efee7b857ee2a42a3e9b229d16099845462f14df5c618e4ed1841c22718ce0,true,7,true,22.396747,56.690240,120.967467
fixed-window,fixed-w16k-zstd-3,random-100000-00046,random-100000,MHC-GRCh38,MHC,3746831,3846831,100000,100,65536,1,0,1,101119,101119,0,0,4269,0,1,1,101119,50625,216741,1.997412,0.466543,20.029000,507.627000,4783.826000,4068.346000,45636.974000,7,2470,d61ab2ea1e1e9487260bfbe5d2488c2cec6c526e5bb9bf6a52237f97f4e90c0b,true,7,true,23.196507,59.089520,128.965067
fixed-window,fixed-w16k-zstd-3,random-100000-00047,random-100000,MHC-GRCh38,MHC,1030366,1130366,100000,100,65536,1,0,1,67155,67155,0,0,8365,0,2,2,67155,41915,151001,1.602171,0.444732,65.751000,319.041000,1906.932000,1643.620000,17751.202000,7,1060,21ce84bf8f5904f7cb4b2ae730a9f26a9eff03d4dc6c29533169a8be2f8b3f78,true,7,true,22.290800,56.372400,119.908000
fixed-window,fixed-w16k-zstd-3,random-100000-00048,random-100000,MHC-GRCh38,MHC,56321,156321,100000,100,65536,1,0,1,59413,59413,0,0,4269,0,1,1,59413,39043,132098,1.521732,0.449765,19.176000,272.084000,1223.482000,1005.300000,11860.518000,7,658,30f6997af384861b66cbde6b6df4bd27d969367a13ba29f59c35b701cc8eec5c,true,7,true,22.084347,55.753040,117.843467
fixed-window,fixed-w16k-zstd-3,random-100000-00049,random-100000,MHC-GRCh38,MHC,3965305,4065305,100000,100,65536,1,0,1,591232,591232,0,0,4269,0,1,1,591232,181639,1237196,3.254984,0.477881,45.738000,2569.076000,47103.577000,51484.039000,440377.704000,7,23853,34c70f32e7b8ed5e39bf6e0e44bd8a8dc0f5d9bf00f9942637ed7e48dad193ae,true,7,true,36.266187,98.298560,259.661867
fixed-window,fixed-w16k-zstd-3,random-1000000-00000,random-1000000,MHC-GRCh38,MHC,3703931,4703931,1000000,100,65536,1,0,1,1770071,1770071,0,0,8365,0,2,2,1770071,784207,4586858,2.257148,0.385901,127.434000,7717.230000,120162.730000,164798.136000,1171802.564000,62,75838,b26c97ec2a7fb940493f82b62b481b46beacdfa595721f11a193b58027f0b1f3,true,62,true,67.701893,192.605680,574.018933
fixed-window,fixed-w16k-zstd-3,random-1000000-00001,random-1000000,MHC-GRCh38,MHC,3632612,4632612,1000000,100,65536,1,0,1,1762610,1762610,0,0,12461,0,3,3,1762610,779351,4562015,2.261638,0.386367,170.999000,7859.575000,115698.645000,162159.665000,1139191.049000,62,75315,94f7c7d0b1ae09ba541ca857766196b61c4ba1adfeeb19af925848792c4c09c5,true,62,true,67.502933,192.008800,572.029333
fixed-window,fixed-w16k-zstd-3,random-1000000-00002,random-1000000,MHC-GRCh38,MHC,3624947,4624947,1000000,100,65536,1,0,1,1762610,1762610,0,0,12461,0,3,3,1762610,776788,4543230,2.269100,0.387964,168.277000,7868.504000,117146.841000,163956.136000,1154071.216000,62,74916,88e91d1e0de657bab4c0ad575227c287c44ac4e560df51fd43b24cbdc0f4622d,true,62,true,67.502933,192.008800,572.029333
fixed-window,fixed-w16k-zstd-3,random-1000000-00003,random-1000000,MHC-GRCh38,MHC,2794835,3794835,1000000,100,65536,1,0,1,861468,861468,0,0,12461,0,3,3,861468,448045,2122776,1.922727,0.405821,184.362000,3969.208000,38509.768000,49305.143000,383026.528000,62,23835,2d0e9e1b290926dd5615ea6c3930186ed496aae62ddd5fb8a1ce9d8b8698d576,true,62,true,43.472480,119.917440,331.724800
fixed-window,fixed-w16k-zstd-3,random-1000000-00004,random-1000000,MHC-GRCh38,MHC,1751327,2751327,1000000,100,65536,1,0,1,759540,759540,0,0,12461,0,3,3,759540,427961,1864043,1.774788,0.407469,176.984000,3374.080000,29060.697000,37640.189000,280432.388000,62,18290,74e1e08faee499d4beee11e8aa18c77387f176f5710e79c6cdbc25ae375c3c11,true,62,true,40.754400,111.763200,304.544000
fixed-window,fixed-w16k-zstd-3,random-1000000-00005,random-1000000,MHC-GRCh38,MHC,1372175,2372175,1000000,100,65536,1,0,1,756979,756979,0,0,12461,0,3,3,756979,425166,1862689,1.780432,0.406390,145.453000,3398.042000,29133.003000,38232.485000,277418.138000,62,18330,784d02b051e807ea010e615f84e5e3f9ef6e30eb24cb3a6ad41a6804e3cf41c6,true,62,true,40.686107,111.558320,303.861067
fixed-window,fixed-w16k-zstd-3,random-1000000-00006,random-1000000,MHC-GRCh38,MHC,73751,1073751,1000000,100,65536,1,0,1,584461,584461,0,0,12461,0,3,3,584461,363827,1435089,1.606426,0.407265,136.325000,2551.691000,14662.859000,17070.987000,138713.018000,62,9189,b4e354d200b565762bf84f63ea41b1938b6a2ac7f751537c990855dab2551c60,true,62,true,36.085627,97.756880,257.856267
fixed-window,fixed-w16k-zstd-3,random-1000000-00007,random-1000000,MHC-GRCh38,MHC,2455346,3455346,1000000,100,65536,1,0,1,1053162,1053162,0,0,12461,0,3,3,1053162,531080,2651358,1.983057,0.397216,126.035000,4783.475000,56497.306000,78214.150000,565062.466000,62,35073,d6269473041251ffa945ecade12e7e6098972e7b005e7b8c77838027114e3105,true,62,true,48.584320,135.252960,382.843200
fixed-window,fixed-w16k-zstd-3,random-1000000-00008,random-1000000,MHC-GRCh38,MHC,2705443,3705443,1000000,100,65536,1,0,1,919774,919774,0,0,12461,0,3,3,919774,475014,2324187,1.936309,0.395740,153.367000,4258.477000,45583.801000,60244.387000,462009.393000,62,28142,959909843bd2bb5593526798607900182177c1d8a13c1ff9a11d6f32f95701f4,true,62,true,45.027307,124.581920,347.273067
fixed-window,fixed-w16k-zstd-3,random-1000000-00009,random-1000000,MHC-GRCh38,MHC,2329813,3329813,1000000,100,65536,1,0,1,1068935,1068935,0,0,12461,0,3,3,1068935,537311,2687000,1.989416,0.397817,187.395000,4835.389000,55808.451000,75770.817000,557705.846000,62,35815,1bc72119fedee3116c34581fd49548b8caa180caa8a79cf6493b4ab588a45a1d,true,62,true,49.004933,136.514800,387.049333
fixed-window,fixed-w16k-zstd-3,random-1000000-00010,random-1000000,MHC-GRCh38,MHC,92105,1092105,1000000,100,65536,1,0,1,586251,586251,0,0,12461,0,3,3,586251,364596,1438886,1.607947,0.407434,163.769000,2746.901000,15096.928000,18499.195000,143928.190000,62,9265,293695f7b50203eed6fd200f3248f006594412ffa4a4198eb640a693d1a859d8,true,62,true,36.133360,97.900080,258.333600
fixed-window,fixed-w16k-zstd-3,random-1000000-00011,random-1000000,MHC-GRCh38,MHC,3823648,4823648,1000000,100,65536,1,0,1,1725017,1725017,0,0,12461,0,3,3,1725017,767718,4470520,2.246941,0.385865,130.679000,7608.710000,111994.181000,159889.516000,1111851.157000,62,73374,03e9ae8b275d748f3873899c2d03ca6cc7e122a1f2c8f1a71d0688231efc58d6,true,62,true,66.500453,189.001360,562.004533
fixed-window,fixed-w16k-zstd-3,random-1000000-00012,random-1000000,MHC-GRCh38,MHC,3719850,4719850,1000000,100,65536,1,0,1,1764731,1764731,0,0,12461,0,3,3,1764731,781907,4571236,2.256958,0.386051,183.996000,7975.992000,117187.715000,162600.549000,1151858.730000,62,75508,2af5677fccd3b9c77c7e0dd0e96c03a3bec8268fad952b7a7557e6360c6a276b,true,62,true,67.559493,192.178480,572.594933
fixed-window,fixed-w16k-zstd-3,random-1000000-00013,random-1000000,MHC-GRCh38,MHC,1094013,2094013,1000000,100,65536,1,0,1,873304,873304,0,0,8365,0,2,2,873304,465788,2158062,1.874896,0.404670,180.767000,3952.670000,37706.281000,51138.329000,362414.865000,62,24597,9998571a1898cec27a1ea2862ab71ad127e694928f1c38567742ff8130ffe1c9,true,62,true,43.788107,120.864320,334.881067
fixed-window,fixed-w16k-zstd-3,random-1000000-00014,random-1000000,MHC-GRCh38,MHC,2807699,3807699,1000000,100,65536,1,0,1,836558,836558,0,0,12461,0,3,3,836558,446070,2100657,1.875396,0.398236,149.526000,3865.354000,36642.289000,48854.045000,369197.728000,62,23356,af44e7822ac6eed39a846f1b3c88565af03d9c7035df6315503a0f8951ca3a72,true,62,true,42.808213,117.924640,325.082133
fixed-window,fixed-w16k-zstd-3,random-1000000-00015,random-1000000,MHC-GRCh38,MHC,711119,1711119,1000000,100,65536,1,0,1,851475,851475,0,0,12461,0,3,3,851475,457930,2100277,1.859400,0.405411,157.309000,3728.130000,35744.134000,48229.399000,348016.653000,62,23414,1fe009721ae21f6afb0030a7a089a5f42317e9b9873ddb9a4f399497ef50bf90,true,62,true,43.206000,119.118000,329.060000
fixed-window,fixed-w16k-zstd-3,random-1000000-00016,random-1000000,MHC-GRCh38,MHC,2845528,3845528,1000000,100,65536,1,0,1,775634,775634,0,0,12461,0,3,3,775634,416355,1877825,1.862915,0.413049,132.613000,3399.526000,30889.963000,37658.261000,301744.391000,62,18599,f88d5435fd08324c43d68a0f72617d49c2dce2cdc38f12ff5f1f029575d1e06a,true,62,true,41.183573,113.050720,308.835733
fixed-window,fixed-w16k-zstd-3,random-1000000-00017,random-1000000,MHC-GRCh38,MHC,1974230,2974230,1000000,100,65536,1,0,1,1063795,1063795,0,0,12461,0,3,3,1063795,536168,2664099,1.984070,0.399308,137.635000,4777.240000,54725.192000,73361.534000,549526.259000,62,35346,551dfe47cca13ee46f12f6004dc9439aad217bc6bd40ab98b2dd613c9e08e372,true,62,true,48.867867,136.103600,385.678667
fixed-window,fixed-w16k-zstd-3,random-1000000-00018,random-1000000,MHC-GRCh38,MHC,1992390,2992390,1000000,100,65536,1,0,1,1074132,1074132,0,0,12461,0,3,3,1074132,539202,2697879,1.992077,0.398139,113.367000,4817.167000,55478.028000,76905.033000,560459.482000,62,36067,7345147af20eeb118ea25cbb1e99e45209bb83f5ea3814e4ff0006e2d716250d,true,62,true,49.143520,136.930560,388.435200
fixed-window,fixed-w16k-zstd-3,random-1000000-00019,random-1000000,MHC-GRCh38,MHC,322227,1322227,1000000,100,65536,1,0,1,650548,650548,0,0,12461,0,3,3,650548,385435,1585622,1.687828,0.410279,145.537000,2881.708000,19991.630000,23910.181000,188469.101000,62,12428,57d508930a07266b49df3a40bd2ff73f5371c678f0810c4488f03ad500f5ce50,true,62,true,37.847947,103.043840,275.479467
fixed-window,fixed-w16k-zstd-3,random-1000000-00020,random-1000000,MHC-GRCh38,MHC,3577478,4577478,1000000,100,65536,1,0,1,1731376,1731376,0,0,12461,0,3,3,1731376,769349,4479972,2.250443,0.386470,116.001000,7540.646000,115875.137000,158486.961000,1130210.171000,62,73555,47c21c1045955378459ee00b07dea253bef3c7071321089824f7d266683f0ed0,true,62,true,66.670027,189.510080,563.700267
fixed-window,fixed-w16k-zstd-3,random-1000000-00021,random-1000000,MHC-GRCh38,MHC,3388932,4388932,1000000,100,65536,1,0,1,1672797,1672797,0,0,12461,0,3,3,1672797,739808,4334580,2.261123,0.385919,225.154000,7445.810000,106751.934000,152857.363000,1069584.772000,62,70503,fd45bbee2dc1176a265c64597b653be367193c875e1256cbd04b7ab3034c233b,true,62,true,65.107920,184.823760,548.079200
fixed-window,fixed-w16k-zstd-3,random-1000000-00022,random-1000000,MHC-GRCh38,MHC,554951,1554951,1000000,100,65536,1,0,1,834162,834162,0,0,8365,0,2,2,834162,447310,2061004,1.864841,0.404736,216.656000,3784.639000,34325.304000,47340.104000,337372.436000,62,22587,48f71d07f20c89e9dac40a0eb0db9bbacc66308c93f61f44af7edd434ca1398f,true,62,true,42.744320,117.732960,324.443200
fixed-window,fixed-w16k-zstd-3,random-1000000-00023,random-1000000,MHC-GRCh38,MHC,952249,1952249,1000000,100,65536,1,0,1,878108,878108,0,0,12461,0,3,3,878108,467549,2155946,1.878109,0.407296,181.649000,3958.936000,37527.190000,50261.180000,362085.077000,62,24589,4a4440e1ace6f7142001a74483862b87d5bcf206c4a9e4a9a67c4d38531f5efb,true,62,true,43.916213,121.248640,336.162133
fixed-window,fixed-w16k-zstd-3,random-1000000-00024,random-1000000,MHC-GRCh38,MHC,1184608,2184608,1000000,100,65536,1,0,1,859972,859972,0,0,12461,0,3,3,859972,459323,2122034,1.872260,0.405258,155.600000,3896.114000,38397.958000,50847.708000,366946.021000,62,23856,a4ae3a1878e1169345e4fbb02c936c6307c27623ad764f1f7f79d436e368859b,true,62,true,43.432587,119.797760,331.325867
fixed-window,fixed-w16k-zstd-3,random-1000000-00025,random-1000000,MHC-GRCh38,MHC,1338039,2338039,1000000,100,65536,1,0,1,789207,789207,0,0,12461,0,3,3,789207,436059,1949188,1.809863,0.404890,149.785000,3477.637000,31682.863000,42732.490000,304092.173000,62,20179,470ada55d1277708ddb8ba03fa4dfec6538763d0b7737a7aa96b06a385ab3f80,true,62,true,41.545520,114.136560,312.455200
fixed-window,fixed-w16k-zstd-3,random-1000000-00026,random-1000000,MHC-GRCh38,MHC,2952014,3952014,1000000,100,65536,1,0,1,689647,689647,0,0,12461,0,3,3,689647,394823,1717122,1.746724,0.401630,134.223000,3064.152000,24229.954000,29993.132000,237439.995000,62,15124,a0d98d2f718148bec626d5216204a068289a7e72929090781336570ecd0a65ba,true,62,true,38.890587,106.171760,285.905867
fixed-window,fixed-w16k-zstd-3,random-1000000-00027,random-1000000,MHC-GRCh38,MHC,1870809,2870809,1000000,100,65536,1,0,1,973693,973693,0,0,12461,0,3,3,973693,500649,2421925,1.944862,0.402033,125.709000,4320.011000,48470.380000,63129.446000,481091.391000,62,30209,265baddd14d48b8ff58937a7fe7163ceb0494542f704af225b24d25dad2c0691,true,62,true,46.465147,128.895440,361.651467
fixed-window,fixed-w16k-zstd-3,random-1000000-00028,random-1000000,MHC-GRCh38,MHC,1203836,2203836,1000000,100,65536,1,0,1,845817,845817,0,0,12461,0,3,3,845817,454759,2090232,1.859924,0.404652,126.667000,3887.191000,37774.045000,48839.181000,349438.169000,62,23176,7c2ea57903982b0e5e105a9a9c735b8f4b47b2e9901cb9a445a9bb85d4818e74,true,62,true,43.055120,118.665360,327.551200
fixed-window,fixed-w16k-zstd-3,random-1000000-00029,random-1000000,MHC-GRCh38,MHC,1429528,2429528,1000000,100,65536,1,0,1,690145,690145,0,0,12461,0,3,3,690145,404749,1700972,1.705118,0.405736,146.243000,3002.953000,24314.500000,29774.317000,226055.414000,62,14858,a982fb629a5d4f42b3bbff00ef4b0a3429062d61a32d6e105d6264f893a7dc09,true,62,true,38.903867,106.211600,286.038667
fixed-window,fixed-w16k-zstd-3,random-1000000-00030,random-1000000,MHC-GRCh38,MHC,1281840,2281840,1000000,100,65536,1,0,1,813169,813169,0,0,12461,0,3,3,813169,443759,2018115,1.832456,0.402935,153.899000,3576.280000,33261.414000,45062.033000,323421.087000,62,21654,74320e0fe62159d7e1a16715c15392baea70a2f4f0a254184f3e100043c83e80,true,62,true,42.184507,116.053520,318.845067
fixed-window,fixed-w16k-zstd-3,random-1000000-00031,random-1000000,MHC-GRCh38,MHC,8225,1008225,1000000,100,65536,1,0,1,577924,577924,0,0,8365,0,2,2,577924,362389,1419253,1.594761,0.407203,140.109000,2486.716000,14152.990000,16821.362000,134840.354000,62,8846,30408d4bcab76ea00038368a9c8c26d5b6dd9cc70936d646b5bb25edb92c8711,true,62,true,35.911307,97.233920,256.113067
fixed-window,fixed-w16k-zstd-3,random-1000000-00032,random-1000000,MHC-GRCh38,MHC,2647156,3647156,1000000,100,65536,1,0,1,958979,958979,0,0,8365,0,2,2,958979,490934,2423048,1.953377,0.395774,117.587000,4349.671000,46778.175000,62745.732000,472040.769000,62,30239,5eb8196c34f5e9c13d788b072827151a7ba899ba49671d2864afd58584587b15,true,62,true,46.072773,127.718320,357.727733
fixed-window,fixed-w16k-zstd-3,random-1000000-00033,random-1000000,MHC-GRCh38,MHC,1021875,2021875,1000000,100,65536,1,0,1,880642,880642,0,0,12461,0,3,3,880642,468904,2173817,1.878086,0.405113,153.100000,3961.179000,38115.314000,51402.891000,368201.892000,62,24948,cc6e961683fad3f712de71c6327e632e16512716d90fa372baaf2a8c043e924d,true,62,true,43.983787,121.451360,336.837867
fixed-window,fixed-w16k-zstd-3,random-1000000-00034,random-1000000,MHC-GRCh38,MHC,1702048,2702048,1000000,100,65536,1,0,1,719202,719202,0,0,12461,0,3,3,719202,413532,1776992,1.739169,0.404730,166.900000,3112.849000,25716.361000,32579.814000,249591.521000,62,16434,cc625ddf5cb171f269e82a7243d46ad4007d02cda62a99fea9e197a2a74df79d,true,62,true,39.678720,108.536160,293.787200
fixed-window,fixed-w16k-zstd-3,random-1000000-00035,random-1000000,MHC-GRCh38,MHC,3941206,4941206,1000000,100,65536,1,0,1,1654430,1654430,0,0,12461,0,3,3,1654430,740295,4279211,2.234825,0.386620,127.556000,7175.359000,105325.368000,150941.758000,1045781.496000,62,69348,d9b75fc887f1bd97487d2ae6b97bfeb9161c60db749716cd48a5b6be90212551,true,62,true,64.618133,183.354400,543.181333
fixed-window,fixed-w16k-zstd-3,random-1000000-00036,random-1000000,MHC-GRCh38,MHC,3109002,4109002,1000000,100,65536,1,0,1,1275215,1275215,0,0,12461,0,3,3,1275215,594475,3260786,2.145111,0.391076,190.766000,5783.483000,77439.302000,101627.830000,746064.923000,62,47647,a1139bc1b3cc0c9be8c29a3b5e5d434fc8f53a70f5e2430c82aed268c9bbbb1b,true,62,true,54.505733,153.017200,442.057333
fixed-window,fixed-w16k-zstd-3,random-1000000-00037,random-1000000,MHC-GRCh38,MHC,723032,1723032,1000000,100,65536,1,0,1,854733,854733,0,0,12461,0,3,3,854733,458246,2103900,1.865227,0.406261,148.481000,3751.476000,36385.691000,47854.238000,344746.230000,62,23483,b65d7bd46ed8e38a08863bd42c3915c37b1802240e9d27376f81af61ecb56717,true,62,true,43.292880,119.378640,329.928800
fixed-window,fixed-w16k-zstd-3,random-1000000-00038,random-1000000,MHC-GRCh38,MHC,3366612,4366612,1000000,100,65536,1,0,1,1672300,1672300,0,0,12461,0,3,3,1672300,737951,4324607,2.266140,0.386694,142.601000,7355.695000,109901.743000,150257.252000,1089976.051000,62,70287,f5d440d6ad7c2be86ae2bbc2176586965b72a222f7736504830d8232b0c8a08a,true,62,true,65.094667,184.784000,547.946667
fixed-window,fixed-w16k-zstd-3,random-1000000-00039,random-1000000,MHC-GRCh38,MHC,2014029,3014029,1000000,100,65536,1,0,1,1077070,1077070,0,0,12461,0,3,3,1077070,542012,2711969,1.987170,0.397154,150.255000,4773.519000,55751.727000,76429.244000,556567.733000,62,36367,e0b7422bdce755136ed16c213df63bf8aeee75a73b077978ac4fd21116f1c384,true,62,true,49.221867,137.165600,389.218667
fixed-window,fixed-w16k-zstd-3,random-1000000-00040,random-1000000,MHC-GRCh38,MHC,2480500,3480500,1000000,100,65536,1,0,1,1048414,1048414,0,0,12461,0,3,3,1048414,528679,2631700,1.983082,0.398379,132.620000,4789.051000,54919.778000,73246.157000,543287.951000,62,34657,101e004141f9320463ea0bdcf1f4a847b36c3a4ad8df506c8ef404a7afd734d8,true,62,true,48.457707,134.873120,381.577067
fixed-window,fixed-w16k-zstd-3,random-1000000-00041,random-1000000,MHC-GRCh38,MHC,1705935,2705935,1000000,100,65536,1,0,1,731923,731923,0,0,12461,0,3,3,731923,414435,1782615,1.766074,0.410589,148.089000,3324.356000,26908.639000,33776.771000,261816.305000,62,16535,bb07e8949b83f9c2fd5e6b6f69aa706ed297830d1fb5b09de7d3c599c7424f5c,true,62,true,40.017947,109.553840,297.179467
fixed-window,fixed-w16k-zstd-3,random-1000000-00042,random-1000000,MHC-GRCh38,MHC,3191759,4191759,1000000,100,65536,1,0,1,1557059,1557059,0,0,8365,0,2,2,1557059,691133,4015780,2.252908,0.387735,127.629000,7066.784000,102642.966000,139488.002000,1006445.156000,62,63684,d682a19a254b6fb86a20dab23a7ae3aa673c51f6eeaa9a5a09120d312e127c45,true,62,true,62.021573,175.564720,517.215733
fixed-window,fixed-w16k-zstd-3,random-1000000-00043,random-1000000,MHC-GRCh38,MHC,3565676,4565676,1000000,100,65536,1,0,1,1716785,1716785,0,0,12461,0,3,3,1716785,764994,4445883,2.244181,0.386152,219.107000,7874.944000,121921.742000,165852.626000,1198510.218000,62,72826,3cbf420d44080cc3112e3437cae5b3aeef9aab63f41c91a565a2514da9d0bc2d,true,62,true,66.280933,188.342800,559.809333
fixed-window,fixed-w16k-zstd-3,random-1000000-00044,random-1000000,MHC-GRCh38,MHC,1816865,2816865,1000000,100,65536,1,0,1,854386,854386,0,0,12461,0,3,3,854386,463536,2129298,1.843192,0.401252,182.542000,3967.089000,38842.478000,54771.719000,400352.264000,62,23931,1fa19d458d5147285c6865dbabed0f6de9a1785d5f01a9ab8795da621c6ffa7e,true,62,true,43.283627,119.350880,329.836267
fixed-window,fixed-w16k-zstd-3,random-1000000-00045,random-1000000,MHC-GRCh38,MHC,3842818,4842818,1000000,100,65536,1,0,1,1717642,1717642,0,0,12461,0,3,3,1717642,765333,4452461,2.244307,0.385774,201.663000,7990.792000,129219.723000,161105.447000,1250590.213000,62,72970,950cab52da1779ae974072802c0839806719cdb6609614eca9f769bfbdcd3b60,true,62,true,66.303787,188.411360,560.037867
fixed-window,fixed-w16k-zstd-3,random-1000000-00046,random-1000000,MHC-GRCh38,MHC,3283569,4283569,1000000,100,65536,1,0,1,1646512,1646512,0,0,12461,0,3,3,1646512,727203,4266746,2.264171,0.385894,219.557000,7375.116000,106226.288000,151760.470000,1067529.719000,62,69043,03e119d6acb173780e9f8b0afd6d6df26c11148dcc49f3c21d7003c28709c507,true,62,true,64.406987,182.720960,541.069867
fixed-window,fixed-w16k-zstd-3,random-1000000-00047,random-1000000,MHC-GRCh38,MHC,50408,1050408,1000000,100,65536,1,0,1,583105,583105,0,0,12461,0,3,3,583105,363132,1427900,1.605766,0.408365,163.566000,2616.821000,14702.038000,17279.015000,139798.754000,62,9021,295a00d2fa7963302f87ca50c102aadbd8a70a31b6ab42184526ae9c7ab6d617,true,62,true,36.049467,97.648400,257.494667
fixed-window,fixed-w16k-zstd-3,random-1000000-00048,random-1000000,MHC-GRCh38,MHC,437446,1437446,1000000,100,65536,1,0,1,787210,787210,0,0,12461,0,3,3,787210,429513,1927434,1.832797,0.408424,145.068000,3519.262000,30835.980000,40646.226000,301161.289000,62,19755,5e1a8f5b5cc81b4401749fa955735a077a400f064b4fbe4f32c3a289d868657a,true,62,true,41.492267,113.976800,311.922667
fixed-window,fixed-w16k-zstd-3,random-1000000-00049,random-1000000,MHC-GRCh38,MHC,137312,1137312,1000000,100,65536,1,0,1,588813,588813,0,0,12461,0,3,3,588813,365421,1445026,1.611328,0.407476,118.544000,2542.829000,15250.515000,17975.739000,143986.578000,62,9393,4f8904e413da28cbdb847c7e5b34d19f5679e12b5d22eca0b80bd17b1a48d09f,true,62,true,36.201680,98.105040,259.016800
fixed-window,fixed-w16k-zstd-3,random-1000-00000,random-1000,MHC-GRCh38,MHC,2654244,2655244,1000,100,262144,3,0,3,37566,37566,0,16384,4269,4096,1,0,17086,902,2731,41.647450,13.755401,11.714000,69.837000,849.336000,290.401000,7701.642000,1,20,9e6a7e61454f808e71928eb50122ac51264140a3a46e543aacd032ce0325eff6,true,1,true,62.501760,156.005280,316.017600
fixed-window,fixed-w16k-zstd-3,random-1000-00001,random-1000,MHC-GRCh38,MHC,4897918,4898918,1000,100,262144,2,0,2,19329,19329,0,0,4269,4096,1,0,15233,1029,2915,18.784257,6.630875,29.149000,72.703000,233.445000,90.239000,2058.454000,2,5,497aab4941ed7432ed072eaf08976ff3f4d82435c6a9015ff9486bca77b954a4,true,2,true,41.515440,103.546320,209.154400
fixed-window,fixed-w16k-zstd-3,random-1000-00002,random-1000,MHC-GRCh38,MHC,1758423,1759423,1000,100,262144,2,0,2,9845,9845,0,0,4269,269,1,0,9576,637,1847,15.455259,5.330265,13.774000,51.926000,242.208000,81.089000,2201.627000,1,10,327e35d7f0654c035cbcaa43da5b9ed09c32120481462e7264ee394269ab1547,true,1,true,41.262533,102.787600,206.625333
fixed-window,fixed-w16k-zstd-3,random-1000-00003,random-1000,MHC-GRCh38,MHC,3202374,3203374,1000,100,262144,2,0,2,12203,12203,0,0,4269,4096,1,0,8107,921,2656,13.249729,4.594503,13.167000,36.255000,168.965000,50.506000,1596.509000,1,5,1128b520ef62fa03c97fd28004a4d38be7744f8a143c72fc91256a04a90cce39,true,1,true,41.325413,102.976240,207.254133
fixed-window,fixed-w16k-zstd-3,random-1000-00004,random-1000,MHC-GRCh38,MHC,1529093,1530093,1000,100,262144,1,0,1,11848,11848,0,0,4269,0,1,0,11848,675,1884,17.552593,6.288747,8.939000,48.146000,423.207000,140.236000,3841.580000,1,7,34fc65eed42004cb8ea69be32e673e03aa31969502eb93d63dc299a011286a0c,true,1,true,20.815947,51.947840,105.159467
fixed-window,fixed-w16k-zstd-3,random-1000-00005,random-1000,MHC-GRCh38,MHC,999079,1000079,1000,100,262144,1,0,1,18219,18219,0,0,4269,0,1,0,18219,813,2483,22.409594,7.337495,13.153000,85.716000,462.392000,140.345000,4095.682000,2,19,060fd8696c789e1f3091c610af3213cb02caf610c1344e81b814e59d08e28ff1,true,2,true,20.985840,52.457520,106.858400
fixed-window,fixed-w16k-zstd-3,random-1000-00006,random-1000,MHC-GRCh38,MHC,4410732,4411732,1000,100,262144,2,0,2,12508,12508,0,0,4269,4096,1,0,8412,633,1820,19.759874,6.872527,17.171000,36.493000,186.982000,56.271000,1733.832000,1,7,3d525188226a2b4b93a86cd996e399423bdf6c1fd28a1be1746ab93287767321,true,1,true,41.333547,103.000640,207.335467
fixed-window,fixed-w16k-zstd-3,random-1000-00007,random-1000,MHC-GRCh38,MHC,2388877,2389877,1000,100,262144,2,0,2,13318,13318,0,0,4269,4096,1,0,9222,719,2057,18.522949,6.474477,11.932000,37.999000,206.882000,65.402000,1900.087000,1,7,4120304f0fd3201fe597ea047e702194ca80cec4119d40e02bf87bdc869b9ed6,true,1,true,41.355147,103.065440,207.551467
fixed-window,fixed-w16k-zstd-3,random-1000-00008,random-1000,MHC-GRCh38,MHC,844767,845767,1000,100,262144,1,0,1,8104,8104,0,0,4269,0,1,1,8104,680,1955,11.917647,4.145269,7.726000,34.836000,117.031000,70.884000,1103.690000,1,10,2f4cccf6900e96c63c33d73e1d1dc9352113232b55055f63b7d58742e9c3f133,true,1,true,20.716107,51.648320,104.161067
fixed-window,fixed-w16k-zstd-3,random-1000-00009,random-1000,MHC-GRCh38,MHC,3227097,3228097,1000,100,262144,1,0,1,16082,16082,0,0,4269,0,1,1,16082,652,1812,24.665644,8.875276,9.835000,72.032000,295.094000,85.820000,2729.618000,2,4,1e4a019e1726e8ba65e852d04625ac9dc15994657eedbff25580493c66713e8f,true,2,true,20.928853,52.286560,106.288533
fixed-window,fixed-w16k-zstd-3,random-1000-00010,random-1000,MHC-GRCh38,MHC,2263341,2264341,1000,100,262144,1,0,1,12318,12318,0,0,4269,0,1,1,12318,756,2259,16.293651,5.452855,7.308000,50.853000,468.027000,148.674000,3645.323000,1,14,42081a21e00ed8b30f3963590fb9f6fa845048ae8d09140e66d6a1ea388a893e,true,1,true,20.828480,51.985440,105.284800
fixed-window,fixed-w16k-zstd-3,random-1000-00011,random-1000,MHC-GRCh38,MHC,2372803,2373803,1000,100,262144,1,0,1,9334,9334,0,0,4269,0,1,1,9334,969,2988,9.632611,3.123829,9.185000,39.849000,234.597000,78.339000,2108.341000,1,15,f6124a9d542a83f41cb0ca4cf2157c76d8ee4a805e2df448d7f9583cf0ace903,true,1,true,20.748907,51.746720,104.489067
fixed-window,fixed-w16k-zstd-3,random-1000-00012,random-1000,MHC-GRCh38,MHC,3184950,3185950,1000,100,262144,1,0,1,8238,8238,0,0,4269,0,1,1,8238,713,2159,11.553997,3.815655,7.017000,37.363000,151.410000,48.462000,1423.108000,1,7,ae2c19e612e81a1a34a7b2d8e17a0fdfa8fd1b3a559d43fdc510eb262f125e39,true,1,true,20.719680,51.659040,104.196800
fixed-window,fixed-w16k-zstd-3,random-1000-00013,random-1000,MHC-GRCh38,MHC,2471785,2472785,1000,100,262144,1,0,1,11692,11692,0,0,4269,0,1,1,11692,821,2423,14.241169,4.825423,5.533000,48.208000,432.187000,144.362000,3747.771000,1,16,78359ae698fdb0f3f0217a4c946017c335c5690a0595edb49e77167232e722b7,true,1,true,20.811787,51.935360,105.117867
fixed-window,fixed-w16k-zstd-3,random-1000-00014,random-1000,MHC-GRCh38,MHC,333531,334531,1000,100,262144,1,0,1,7952,7952,0,0,4269,0,1,0,7952,943,2762,8.432662,2.879073,9.600000,37.082000,147.259000,45.877000,1261.152000,1,5,0363ab622e676d6a8bebb0247e376934c6da8bf3fb4ab519c09d27a8e9869c44,true,1,true,20.712053,51.636160,104.120533
fixed-window,fixed-w16k-zstd-3,random-1000-00015,random-1000,MHC-GRCh38,MHC,1587266,1588266,1000,100,262144,1,0,1,14476,14476,0,0,4269,0,1,1,14476,879,2784,16.468714,5.199713,4.387000,71.428000,605.223000,214.138000,5392.115000,1,25,a074279b4584b1a09e38170fd91ae5214a908a8452b206c2dfdf7244446b39a2,true,1,true,20.886027,52.158080,105.860267
fixed-window,fixed-w16k-zstd-3,random-1000-00016,random-1000,MHC-GRCh38,MHC,4179654,4180654,1000,100,262144,2,0,2,44302,44302,0,0,4269,4096,1,0,40206,1512,6962,29.300265,6.363401,19.700000,178.867000,3035.508000,1056.083000,26542.083000,1,118,13cedfee0c486b99f64e1ea06492b81ad7d0bea4a804ce6481c9adfec9b1e7bb,true,1,true,42.181387,105.544160,215.813867
fixed-window,fixed-w16k-zstd-3,random-1000-00017,random-1000,MHC-GRCh38,MHC,703981,704981,1000,100,262144,1,0,1,16440,16440,0,0,4269,0,1,1,16440,861,2467,19.094077,6.663964,60.060000,75.092000,307.233000,133.073000,2777.996000,2,13,ff7bbf634c71c6f1dd35a8040bef4c4f021bf3d07d17436282ce68d43a7db554,true,2,true,20.938400,52.315200,106.384000
fixed-window,fixed-w16k-zstd-3,random-1000-00018,random-1000,MHC-GRCh38,MHC,3890814,3891814,1000,100,262144,1,0,1,24538,24538,0,0,4269,0,1,1,24538,1896,9803,12.941983,2.503111,8.835000,108.548000,1797.211000,754.286000,16442.050000,1,179,711e6c17be3b6bd0f4d3649373e43b88471c92aeea294c33d690ed4ec2db8328,true,1,true,21.154347,52.963040,108.543467
fixed-window,fixed-w16k-zstd-3,random-1000-00019,random-1000,MHC-GRCh38,MHC,973637,974637,1000,100,262144,1,0,1,7018,7018,0,0,4269,0,1,1,7018,1104,3198,6.356884,2.194497,22.460000,37.787000,86.636000,48.064000,830.079000,1,8,c729361adead1455d9c7e7f8df38e26b3f81c2e2c16d71543aa3dab946deef4c,true,1,true,20.687147,51.561440,103.871467
fixed-window,fixed-w16k-zstd-3,random-1000-00020,random-1000,MHC-GRCh38,MHC,1049451,1050451,1000,100,262144,1,0,1,10615,10615,0,0,4269,0,1,1,10615,892,2542,11.900224,4.175846,4.862000,43.282000,296.101000,91.712000,2546.487000,1,5,978106361b9ce1848ba41b6852d66c128be9639f490c001a2df3714fce3ec657,true,1,true,20.783067,51.849200,104.830667
fixed-window,fixed-w16k-zstd-3,random-1000-00021,random-1000,MHC-GRCh38,MHC,2164019,2165019,1000,100,262144,1,0,1,9579,9579,0,0,4269,0,1,1,9579,1011,3651,9.474777,2.623665,6.764000,41.640000,276.591000,120.597000,2563.805000,1,48,9d5820195af9df31011983a492f80f8052801fe20211e0742fe90b2c66ff5ac6,true,1,true,20.755440,51.766320,104.554400
fixed-window,fixed-w16k-zstd-3,random-1000-00022,random-1000,MHC-GRCh38,MHC,394097,395097,1000,100,262144,1,0,1,9088,9088,0,0,4269,0,1,1,9088,1014,2948,8.962525,3.082768,5.472000,39.880000,216.026000,68.487000,1849.981000,1,14,b230b53d8764c7051d4fa7d2eba4a8c8aa170718a9374ddfe08ba15cd0af9850,true,1,true,20.742347,51.727040,104.423467
fixed-window,fixed-w16k-zstd-3,random-1000-00023,random-1000,MHC-GRCh38,MHC,453671,454671,1000,100,262144,1,0,1,9269,9269,0,0,4269,0,1,1,9269,777,2302,11.929215,4.026499,5.169000,39.724000,222.347000,71.350000,1923.578000,1,10,954fad997258c1d7bcb313252e890385367c01dfeda2c65bddb69060fdf33d30,true,1,true,20.747173,51.741520,104.471733
fixed-window,fixed-w16k-zstd-3,random-1000-00024,random-1000,MHC-GRCh38,MHC,3072536,3073536,1000,100,262144,1,0,1,8015,8015,0,0,4269,0,1,1,8015,1213,3672,6.607585,2.182734,5.780000,41.007000,126.175000,76.445000,1236.327000,1,12,e7be4c820bdefafd6078c3fe9bd23ef2eb0272186b6010a2f49036aeeee737c6,true,1,true,20.713733,51.641200,104.137333
fixed-window,fixed-w16k-zstd-3,random-1000-00025,random-1000,MHC-GRCh38,MHC,188333,189333,1000,100,262144,1,0,1,10464,10464,0,0,4269,0,1,1,10464,697,2100,15.012912,4.982857,4.106000,50.137000,283.372000,94.835000,2585.846000,1,11,6e02a0d61b3cc382fad437c58cd512111cc499bd269c8617735f70aa2439bc25,true,1,true,20.779040,51.837120,104.790400
fixed-window,fixed-w16k-zstd-3,random-1000-00026,random-1000,MHC-GRCh38,MHC,4480350,4481350,1000,100,262144,1,0,1,12339,12339,0,0,4269,0,1,1,12339,942,3228,13.098726,3.822491,4.035000,50.212000,441.732000,161.965000,3792.690000,1,33,2b8e0f970f8bd3adf5d439d7280c9d24ab569968031755caab8c3a21eacb006f,true,1,true,20.829040,51.987120,105.290400
fixed-window,fixed-w16k-zstd-3,random-1000-00027,random-1000,MHC-GRCh38,MHC,4331745,4332745,1000,100,262144,1,0,1,10751,10751,0,0,4269,0,1,1,10751,948,2740,11.340717,3.923723,9.500000,43.796000,344.650000,110.944000,3042.605000,1,10,f514fbc7ba6c3342342ea4df3bbb1339eb943d4856f213bc19cb31d4eb6460a0,true,1,true,20.786693,51.860080,104.866933
fixed-window,fixed-w16k-zstd-3,random-1000-00028,random-1000,MHC-GRCh38,MHC,3668197,3669197,1000,100,262144,1,0,1,7773,7773,0,0,4269,0,1,1,7773,890,2534,8.733708,3.067482,6.970000,33.882000,119.208000,66.609000,1113.893000,1,9,ec29ce27666900defd994b68938ec10785bd03e3477e24bd8c7e7999d204070a,true,1,true,20.707280,51.621840,104.072800
fixed-window,fixed-w16k-zstd-3,random-1000-00029,random-1000,MHC-GRCh38,MHC,3371627,3372627,1000,100,262144,1,0,1,9129,9129,0,0,4269,0,1,1,9129,843,2389,10.829181,3.821264,6.401000,38.853000,232.344000,79.353000,2400.438000,1,6,7310efd5ef673ce85a0292981e2aa2f9d728e575782158a6cce1fcc1e7d00d83,true,1,true,20.743440,51.730320,104.434400
fixed-window,fixed-w16k-zstd-3,random-1000-00030,random-1000,MHC-GRCh38,MHC,863595,864595,1000,100,262144,1,0,1,10299,10299,0,0,4269,0,1,1,10299,695,2124,14.818705,4.848870,7.686000,49.266000,341.125000,152.592000,2870.959000,1,16,e1f0e5b5e0738444990a30b50309fc1f8440118cba33fc79375d8f10db349cff,true,1,true,20.774640,51.823920,104.746400
fixed-window,fixed-w16k-zstd-3,random-1000-00031,random-1000,MHC-GRCh38,MHC,459612,460612,1000,100,262144,1,0,1,9600,9600,0,0,4269,0,1,1,9600,970,2762,9.896907,3.475742,8.745000,55.726000,252.938000,80.136000,2364.537000,1,7,473cdbefaaa0497769ca690fad91a750f13d9e251276ee588f4389875971d500,true,1,true,20.756000,51.768000,104.560000
fixed-window,fixed-w16k-zstd-3,random-1000-00032,random-1000,MHC-GRCh38,MHC,2813163,2814163,1000,100,262144,1,0,1,33881,33881,0,0,4269,0,1,1,33881,1803,9055,18.791459,3.741690,5.596000,158.191000,2546.179000,1013.288000,22624.162000,1,165,28d30e5c08882e22fbf3e8e04ec858f8ad05b9f195bda0bf6462abfe5b17bec9,true,1,true,21.403493,53.710480,111.034933
fixed-window,fixed-w16k-zstd-3,random-1000-00033,random-1000,MHC-GRCh38,MHC,2627316,2628316,1000,100,262144,1,0,1,16674,16674,0,0,4269,0,1,1,16674,869,2985,19.187572,5.585930,32.574000,70.212000,825.560000,337.168000,7453.516000,1,33,ac7f52a4da7f47105beb7ff3648385f4d83acfac7446ff83443c83f771ca7a42,true,1,true,20.944640,52.333920,106.446400
fixed-window,fixed-w16k-zstd-3,random-1000-00034,random-1000,MHC-GRCh38,MHC,3196323,3197323,1000,100,262144,1,0,1,8107,8107,0,0,4269,0,1,1,8107,774,2184,10.474160,3.711996,26.011000,40.360000,174.798000,52.244000,1653.387000,1,8,ca3fdd278dbe51cf3b7c498d5f6d5ed86a6825abe46333c0f64e8720ee5a2b97,true,1,true,20.716187,51.648560,104.161867
fixed-window,fixed-w16k-zstd-3,random-1000-00035,random-1000,MHC-GRCh38,MHC,880264,881264,1000,100,262144,1,0,1,11018,11018,0,0,4269,0,1,1,11018,690,1994,15.968116,5.525577,5.809000,45.503000,396.138000,129.804000,3565.114000,1,10,02a5e630a7ecae5a6fdac57f142972a9954af6c6cbba219d351f861c5f964fe9,true,1,true,20.793813,51.881440,104.938133
fixed-window,fixed-w16k-zstd-3,random-1000-00036,random-1000,MHC-GRCh38,MHC,3737062,3738062,1000,100,262144,1,0,1,16503,16503,0,0,4269,0,1,1,16503,985,3381,16.754315,4.881100,9.173000,68.657000,862.563000,300.528000,7464.224000,1,37,469a228e6d9bff5fbb0328ce8fb57e3b07b77d96f43a7cbc983aec8a6198818e,true,1,true,20.940080,52.320240,106.400800
fixed-window,fixed-w16k-zstd-3,random-1000-00037,random-1000,MHC-GRCh38,MHC,4383459,4384459,1000,100,262144,1,0,1,9626,9626,0,0,4269,0,1,1,9626,1106,3238,8.703436,2.972823,18.001000,45.604000,261.280000,86.623000,2295.473000,1,19,411253371be4566e476b48cc4b7f28ad447dc4cf288a707c2fa95cb4566dc793,true,1,true,20.756693,51.770080,104.566933
fixed-window,fixed-w16k-zstd-3,random-1000-00038,random-1000,MHC-GRCh38,MHC,4684396,4685396,1000,100,262144,1,0,1,8541,8541,0,0,4269,0,1,1,8541,758,2164,11.267810,3.946858,5.098000,36.986000,164.387000,48.904000,1400.319000,1,6,6e8b7d54a874ed28ed66197219d6eb5f31548f3a6239be8f1e45768446caf0e4,true,1,true,20.727760,51.683280,104.277600
fixed-window,fixed-w16k-zstd-3,random-1000-00039,random-1000,MHC-GRCh38,MHC,1840922,1841922,1000,100,262144,1,0,1,9065,9065,0,0,4269,0,1,1,9065,1071,3077,8.464052,2.946051,5.727000,38.130000,174.084000,53.483000,1517.747000,1,7,9dd2befaee651158ff162690c5b1f3246ca3145d6579891ed8094240565d730b,true,1,true,20.741733,51.725200,104.417333
fixed-window,fixed-w16k-zstd-3,random-1000-00040,random-1000,MHC-GRCh38,MHC,1176039,1177039,1000,100,262144,1,0,1,15570,15570,0,0,4269,0,1,1,15570,963,3363,16.168224,4.629795,4.417000,62.679000,699.207000,257.226000,5895.109000,1,42,f8b33b78bcf1c5279facdfe4e00f7c52aaa67d61781937fbf9b04c73fa2103d1,true,1,true,20.915200,52.245600,106.152000
fixed-window,fixed-w16k-zstd-3,random-1000-00041,random-1000,MHC-GRCh38,MHC,1205328,1206328,1000,100,262144,1,0,1,15268,15268,0,0,4269,0,1,1,15268,842,2644,18.133017,5.774584,14.208000,63.234000,783.788000,254.780000,6527.438000,1,22,52591b2a1e8cf8b8b05a327b9689905427511925fc794eb44ae21f5ac7146d52,true,1,true,20.907147,52.221440,106.071467
fixed-window,fixed-w16k-zstd-3,random-1000-00042,random-1000,MHC-GRCh38,MHC,3306190,3307190,1000,100,262144,1,0,1,8277,8277,0,0,4269,0,1,1,8277,610,1679,13.568852,4.929720,15.182000,42.537000,156.337000,43.558000,1493.029000,1,2,9310d89efc905274a30cf9b1fef4ae49b6ee90246689480d75b025ca803c2c00,true,1,true,20.720720,51.662160,104.207200
fixed-window,fixed-w16k-zstd-3,random-1000-00043,random-1000,MHC-GRCh38,MHC,2602103,2603103,1000,100,262144,1,0,1,23222,23222,0,0,4269,0,1,1,23222,1091,3976,21.285060,5.840543,9.639000,91.891000,1376.850000,475.704000,11784.764000,1,55,1d83a330ebb3476db118775d7a814be1ea79b3cba075d8b2ed08963f0df68835,true,1,true,21.119253,52.857760,108.192533
fixed-window,fixed-w16k-zstd-3,random-1000-00044,random-1000,MHC-GRCh38,MHC,2395815,2396815,1000,100,262144,1,0,1,11115,11115,0,0,4269,0,1,1,11115,883,2887,12.587769,3.850017,23.028000,52.240000,384.110000,138.438000,3434.523000,1,26,658b4267df3775de1f06317a4702ed96280eed3eb902dc2c005e1a0a47a1225f,true,1,true,20.796400,51.889200,104.964000
fixed-window,fixed-w16k-zstd-3,random-1000-00045,random-1000,MHC-GRCh38,MHC,770666,771666,1000,100,262144,1,0,1,8861,8861,0,0,4269,0,1,1,8861,685,1901,12.935766,4.661231,6.145000,38.426000,216.141000,60.033000,1720.371000,1,5,203ec49a4b66b8e8bea76d9be38083e6c5efec993a3cc041356d317a48054a79,true,1,true,20.736293,51.708880,104.362933
fixed-window,fixed-w16k-zstd-3,random-1000-00046,random-1000,MHC-GRCh38,MHC,4731030,4732030,1000,100,262144,1,0,1,9573,9573,0,0,4269,0,1,1,9573,733,2267,13.060027,4.222761,1.270000,40.887000,254.062000,82.955000,2339.162000,1,10,5046675d6dc78ae7bbce313040be64f4aa3761c37dd9222c395b73c654bc9580,true,1,true,20.755280,51.765840,104.552800
fixed-window,fixed-w16k-zstd-3,random-1000-00047,random-1000,MHC-GRCh38,MHC,4696809,4697809,1000,100,262144,1,0,1,8736,8736,0,0,4269,0,1,1,8736,786,2267,11.114504,3.853551,4.746000,36.588000,182.974000,57.080000,1609.225000,1,7,c91fc7c569b4313f9104f9105e591d65193a99e68391881d82bd269e4abeafca,true,1,true,20.732960,51.698880,104.329600
fixed-window,fixed-w16k-zstd-3,random-1000-00048,random-1000,MHC-GRCh38,MHC,1378757,1379757,1000,100,262144,1,0,1,26478,26478,0,0,4269,0,1,1,26478,1125,4488,23.536000,5.899733,8.505000,163.928000,1611.900000,619.683000,13881.073000,1,66,9454b7b7fa9f4cefd2fcb6c2172f0037afe29d479b93847eaa4448b3f435dea2,true,1,true,21.206080,53.118240,109.060800
fixed-window,fixed-w16k-zstd-3,random-1000-00049,random-1000,MHC-GRCh38,MHC,485156,486156,1000,100,262144,1,0,1,8657,8657,0,0,4269,0,1,1,8657,900,2631,9.618889,3.290384,17.637000,42.339000,213.549000,58.111000,1672.265000,1,7,e9d3f144fb710b4af80a14787e3f7e19fd6f236c29a5bfcdf641e083ee21fec6,true,1,true,20.730853,51.692560,104.308533
fixed-window,fixed-w16k-zstd-3,random-10000-00000,random-10000,MHC-GRCh38,MHC,3144166,3154166,10000,100,262144,1,0,1,18071,18071,0,0,8365,0,2,2,18071,4743,15597,3.810036,1.158620,7.086000,75.924000,398.925000,206.515000,3740.697000,2,89,39b98f81c1d5508812cb847e9eb58f1e9fe6aa4825df05dcd59e9d777af57f93,true,2,true,20.981893,52.445680,106.818933
fixed-window,fixed-w16k-zstd-3,random-10000-00001,random-10000,MHC-GRCh38,MHC,1999633,2009633,10000,100,262144,1,0,1,8734,8734,0,0,4269,0,1,1,8734,4568,16007,1.911996,0.545636,13.984000,38.083000,205.643000,142.734000,1983.744000,1,97,cc684d8ba2d026ad7701177669cf186b67cd4fc92e0621bd93e4eb97431ab246,true,1,true,20.732907,51.698720,104.329067
fixed-window,fixed-w16k-zstd-3,random-10000-00002,random-10000,MHC-GRCh38,MHC,3794961,3804961,10000,100,262144,1,0,1,27903,27903,0,0,4269,0,1,1,27903,6020,22077,4.635050,1.263895,5.390000,115.506000,1317.895000,619.853000,11264.074000,2,248,190f92872e9974690d868a0e84431a5f616fe7a7f37bf2536c87916dad846075,true,2,true,21.244080,53.232240,109.440800
fixed-window,fixed-w16k-zstd-3,random-10000-00003,random-10000,MHC-GRCh38,MHC,2063456,2073456,10000,100,262144,1,0,1,15230,15230,0,0,4269,0,1,1,15230,4225,13449,3.604734,1.132426,31.433000,76.444000,240.603000,155.880000,2407.809000,2,47,10e1e139258090034fa50195ad815299965b8ff66179d168fd5246669fdd25a6,true,2,true,20.906133,52.218400,106.061333
fixed-window,fixed-w16k-zstd-3,random-10000-00004,random-10000,MHC-GRCh38,MHC,3422261,3432261,10000,100,262144,1,0,1,13825,13825,0,0,4269,0,1,1,13825,3868,12642,3.574199,1.093577,6.782000,66.195000,150.256000,87.560000,1478.400000,2,35,7377bc77555ecbeffa3faaf81f94463b392365fa6d525c02279e0ec018cc29f2,true,2,true,20.868667,52.106000,105.686667
fixed-window,fixed-w16k-zstd-3,random-10000-00005,random-10000,MHC-GRCh38,MHC,375092,385092,10000,100,262144,1,0,1,21045,21045,0,0,4269,0,1,1,21045,4569,15464,4.606041,1.360903,7.324000,94.564000,641.828000,281.800000,5510.776000,2,100,b0febf5cd626e88eacb32283496b4278437c877b9c12f4197b83f726eecd16b2,true,2,true,21.061200,52.683600,107.612000
fixed-window,fixed-w16k-zstd-3,random-10000-00006,random-10000,MHC-GRCh38,MHC,4078995,4088995,10000,100,262144,1,0,1,199777,199777,0,0,4269,0,1,1,199777,18104,109606,11.034965,1.822683,20.302000,870.432000,16649.329000,8125.359000,142534.743000,2,2121,33fae7e58ae56ce68aba4d675a33f811e5b55af9cecc59652cace3da4c7da02a,true,2,true,25.827387,66.982160,155.273867
fixed-window,fixed-w16k-zstd-3,random-10000-00007,random-10000,MHC-GRCh38,MHC,2692223,2702223,10000,100,262144,1,0,1,25907,25907,0,0,4269,0,1,1,25907,8684,40225,2.983303,0.644052,60.029000,103.037000,1561.766000,1120.758000,14582.249000,1,634,2184e6f23cd49b12f8e58d537c41ab70d502945455ed9e2edbc5fb453b400429,true,1,true,21.190853,53.072560,108.908533
fixed-window,fixed-w16k-zstd-3,random-10000-00008,random-10000,MHC-GRCh38,MHC,1602057,1612057,10000,100,262144,1,0,1,22122,22122,0,0,4269,0,1,1,22122,4963,17746,4.457385,1.246591,26.243000,96.905000,735.062000,373.320000,6666.835000,2,141,8c8382ba14db8ccb2eca890c77d2bc76bed4f97d10c79ad8ef2e17e71fa89ad2,true,2,true,21.089920,52.769760,107.899200
fixed-window,fixed-w16k-zstd-3,random-10000-00009,random-10000,MHC-GRCh38,MHC,802401,812401,10000,100,262144,1,0,1,18378,18378,0,0,4269,0,1,1,18378,4237,13507,4.337503,1.360628,32.547000,89.842000,478.766000,211.298000,4204.873000,2,57,e1afbedaefe7cd8796ed5c1395457d118ecec4ebb64d5699d40faa21ffa625c3,true,2,true,20.990080,52.470240,106.900800
fixed-window,fixed-w16k-zstd-3,random-10000-00010,random-10000,MHC-GRCh38,MHC,4572584,4582584,10000,100,262144,1,0,1,22595,22595,0,0,4269,0,1,1,22595,9513,46922,2.375171,0.481544,16.753000,89.031000,1547.446000,1343.733000,15006.928000,1,783,b9dbb3e60b8227b0fced33e36e221fc313a72535009acbe00cafeb1e13269519,true,1,true,21.102533,52.807600,108.025333
fixed-window,fixed-w16k-zstd-3,random-10000-00011,random-10000,MHC-GRCh38,MHC,1340999,1350999,10000,100,262144,1,0,1,51500,51500,0,0,4269,0,1,1,51500,8891,42333,5.792374,1.216545,49.172000,207.507000,3384.969000,1903.831000,31370.502000,2,675,0380e4c3d31e0843be239b39884bb94ed504a52351b9b739d8ae7eb58e2cd10c,true,2,true,21.873333,55.120000,115.733333
fixed-window,fixed-w16k-zstd-3,random-10000-00012,random-10000,MHC-GRCh38,MHC,2666687,2676687,10000,100,262144,1,0,1,40060,40060,0,0,4269,0,1,1,40060,7380,29951,5.428184,1.337518,57.976000,166.943000,2243.509000,1096.180000,22281.486000,2,414,14836fe4e7a9d2bb9552d874a3903f0be6ead340db1fa6966b3b3a817dbe4f0c,true,2,true,21.568267,54.204800,112.682667
fixed-window,fixed-w16k-zstd-3,random-10000-00013,random-10000,MHC-GRCh38,MHC,640027,650027,10000,100,262144,1,0,1,9204,9204,0,0,4269,0,1,1,9204,4598,15284,2.001740,0.602198,59.309000,49.256000,247.197000,153.227000,2152.489000,1,89,4e7efa88c63198f9275ded82d6b16c0b17a275ba5bd66b71b23f28ca372a35c9,true,1,true,20.745440,51.736320,104.454400
fixed-window,fixed-w16k-zstd-3,random-10000-00014,random-10000,MHC-GRCh38,MHC,392291,402291,10000,100,262144,1,0,1,18972,18972,0,0,4269,0,1,1,18972,4679,14695,4.054713,1.291051,13.311000,90.394000,505.862000,203.803000,4614.884000,2,66,680451a90ee7e61605d89eb0343574aeed831204958be96132d701d50c497a4e,true,2,true,21.005920,52.517760,107.059200
fixed-window,fixed-w16k-zstd-3,random-10000-00015,random-10000,MHC-GRCh38,MHC,3877805,3887805,10000,100,262144,1,0,1,46721,46721,0,0,4269,0,1,1,46721,9791,47287,4.771831,0.988031,19.803000,202.019000,3092.236000,1860.408000,31113.917000,2,763,4aadba18576871bc75bed9737449a77bd5e97a10e8eb617ce072a211691ac986,true,2,true,21.745893,54.737680,114.458933
fixed-window,fixed-w16k-zstd-3,random-10000-00016,random-10000,MHC-GRCh38,MHC,2635713,2645713,10000,100,262144,1,0,1,31141,31141,0,0,4269,0,1,1,31141,6057,24684,5.141324,1.261586,62.728000,154.345000,1579.743000,764.983000,14767.698000,2,290,8328fb3d0dd728da513bb7f9c844d1843cbbd91ffefcf5bf204984e450d740fc,true,2,true,21.330427,53.491280,110.304267
fixed-window,fixed-w16k-zstd-3,random-10000-00017,random-10000,MHC-GRCh38,MHC,838673,848673,10000,100,262144,1,0,1,8104,8104,0,0,4269,0,1,1,8104,4112,12778,1.970817,0.634215,42.836000,55.553000,129.756000,108.770000,1321.071000,1,45,00ae6fcca2ad3bda4a47ebd2bc82e1665cc3138cf57f62fae1693748a49364e1,true,1,true,20.716107,51.648320,104.161067
fixed-window,fixed-w16k-zstd-3,random-10000-00018,random-10000,MHC-GRCh38,MHC,1050278,1060278,10000,100,262144,1,0,1,10615,10615,0,0,4269,0,1,1,10615,4865,17640,2.181912,0.601757,11.381000,45.316000,307.051000,237.469000,2737.489000,1,151,6672b5fd0e28d817406ecdb9d2b4200fb3a47f0f89383a153cf8fa5202e19483,true,1,true,20.783067,51.849200,104.830667
fixed-window,fixed-w16k-zstd-3,random-10000-00019,random-10000,MHC-GRCh38,MHC,1468704,1478704,10000,100,262144,1,0,1,37438,37438,0,0,4269,0,1,1,37438,6027,22607,6.211714,1.656036,11.100000,153.833000,2097.197000,1140.268000,20994.644000,2,255,3058de0f9d38bee4a6976a9df90cc9f93946ab681909cdb910ec0ae0260b4e30,true,2,true,21.498347,53.995040,111.983467
fixed-window,fixed-w16k-zstd-3,random-10000-00020,random-10000,MHC-GRCh38,MHC,4375098,4385098,10000,100,262144,1,0,1,9626,9626,0,0,4269,0,1,1,9626,4655,15432,2.067884,0.623769,36.403000,60.325000,341.767000,210.347000,3224.694000,1,99,f429a8329f55fe2b029240657baac19dad69e5cdb2cac19619586bcc507b583a,true,1,true,20.756693,51.770080,104.566933
fixed-window,fixed-w16k-zstd-3,random-10000-00021,random-10000,MHC-GRCh38,MHC,4581909,4591909,10000,100,262144,1,0,1,34476,34476,0,0,4269,0,1,1,34476,5723,22660,6.024113,1.521447,17.573000,190.075000,2771.002000,1206.383000,22746.529000,2,260,97e7f84529894fdcbf94838f0b8620d31a53aac88ac0d27b1c0f5f0203c8a0fc,true,2,true,21.419360,53.758080,111.193600
fixed-window,fixed-w16k-zstd-3,random-10000-00022,random-10000,MHC-GRCh38,MHC,169169,179169,10000,100,262144,1,0,1,9205,9205,0,0,4269,0,1,1,9205,4493,14648,2.048742,0.628413,33.172000,57.592000,297.301000,173.206000,2866.574000,1,84,1257627d647fa03eae664ac3c5fa9d51778dde06be8603f398b78de96aeef391,true,1,true,20.745467,51.736400,104.454667
fixed-window,fixed-w16k-zstd-3,random-10000-00023,random-10000,MHC-GRCh38,MHC,264332,274332,10000,100,262144,1,0,1,11825,11825,0,0,4269,0,1,1,11825,5211,19243,2.269238,0.614509,14.048000,63.860000,539.447000,334.037000,5187.011000,1,177,716fed6ee2ebfb3e2097a94ac458995e505d36e6ffb306f767703f8cbee56df2,true,1,true,20.815333,51.946000,105.153333
fixed-window,fixed-w16k-zstd-3,random-10000-00024,random-10000,MHC-GRCh38,MHC,4139768,4149768,10000,100,262144,1,0,1,156097,156097,0,0,4269,0,1,1,156097,14006,78630,11.145009,1.985209,16.561000,889.337000,13913.322000,6499.198000,125818.762000,2,1452,83985389cae80281e0b8edade8ee84dd61ac8d89f1c7c4371a3cf13721809093,true,2,true,24.662587,63.487760,143.625867
fixed-window,fixed-w16k-zstd-3,random-10000-00025,random-10000,MHC-GRCh38,MHC,1086948,1096948,10000,100,262144,1,0,1,9131,9131,0,0,4269,0,1,1,9131,4453,14622,2.050528,0.624470,79.732000,42.665000,246.952000,160.054000,2522.999000,1,91,cc1fd8afe6968eff93b9129098df2e482d99cb5be46c4122e69770d719c49ff2,true,1,true,20.743493,51.730480,104.434933
fixed-window,fixed-w16k-zstd-3,random-10000-00026,random-10000,MHC-GRCh38,MHC,796975,806975,10000,100,262144,1,0,1,18378,18378,0,0,4269,0,1,1,18378,4586,14796,4.007414,1.242092,20.949000,86.217000,493.393000,227.764000,4343.874000,2,76,946f59f31bc4e22dfdff7962879901c512a8b42499b5cc583d69cbc544c24a35,true,2,true,20.990080,52.470240,106.900800
fixed-window,fixed-w16k-zstd-3,random-10000-00027,random-10000,MHC-GRCh38,MHC,208422,218422,10000,100,262144,1,0,1,30170,30170,0,0,4269,0,1,1,30170,5034,18474,5.993246,1.633106,14.083000,123.360000,1192.531000,534.188000,11432.953000,2,168,16668a580712ce10bb578b1a91d9257ecc8b67b485fbf28a6a4772a24ab72d5b,true,2,true,21.304533,53.413600,110.045333
fixed-window,fixed-w16k-zstd-3,random-10000-00028,random-10000,MHC-GRCh38,MHC,4825593,4835593,10000,100,262144,1,0,1,17050,17050,0,0,4269,0,1,1,17050,4206,14796,4.053733,1.152338,2.953000,80.463000,405.190000,192.426000,4177.708000,2,75,56fed22ef21db9434fbec4a4dfae64a077e0bfa7577d4c53743ac63b1f05bd7a,true,2,true,20.954667,52.364000,106.546667
fixed-window,fixed-w16k-zstd-3,random-10000-00029,random-10000,MHC-GRCh38,MHC,1869556,1879556,10000,100,262144,1,0,1,15459,15459,0,0,4269,0,1,1,15459,5856,23478,2.639857,0.658446,17.133000,69.216000,748.591000,597.592000,7547.141000,1,276,bbfee9b5540c0eab2acd7e9e378b90aa567df20b5b9683004d28aa4726eab6b7,true,1,true,20.912240,52.236720,106.122400
fixed-window,fixed-w16k-zstd-3,random-10000-00030,random-10000,MHC-GRCh38,MHC,3525406,3535406,10000,100,262144,1,0,1,9637,9637,0,0,4269,0,1,1,9637,4738,16756,2.033981,0.575137,30.416000,47.343000,333.140000,217.762000,3361.209000,1,136,d7adce2abaa06de0650af25dce9b597f12df5a551a7231d7a540588b965e0d3d,true,1,true,20.756987,51.770960,104.569867
fixed-window,fixed-w16k-zstd-3,random-10000-00031,random-10000,MHC-GRCh38,MHC,817285,827285,10000,100,262144,1,0,1,16397,16397,0,0,4269,0,1,1,16397,4209,13112,3.895700,1.250534,23.309000,95.908000,334.308000,128.346000,2888.660000,2,50,f332e3929382b6a12083e27b77f2ce9501af9861a52e63a7e5bbd39b4c2fb0b8,true,2,true,20.937253,52.311760,106.372533
fixed-window,fixed-w16k-zstd-3,random-10000-00032,random-10000,MHC-GRCh38,MHC,2155060,2165060,10000,100,262144,1,0,1,17282,17282,0,0,4269,0,1,1,17282,4772,16071,3.621542,1.075353,12.746000,76.944000,420.412000,241.441000,3969.900000,2,110,40191e5439b0beeb05fd104dc56724a74ff7341fa7f2aa7ae46c3bb0b183cf3a,true,2,true,20.960853,52.382560,106.608533
fixed-window,fixed-w16k-zstd-3,random-10000-00033,random-10000,MHC-GRCh38,MHC,4536834,4546834,10000,100,262144,1,0,1,31511,31511,0,0,4269,0,1,1,31511,6566,27144,4.799117,1.160883,22.463000,147.450000,1859.177000,907.769000,17030.093000,2,353,10987fa5f40a447a042da9c88e51cd790c6ed0fab0f4b27ebab560a59f9a211c,true,2,true,21.340293,53.520880,110.402933
fixed-window,fixed-w16k-zstd-3,random-10000-00034,random-10000,MHC-GRCh38,MHC,3721781,3731781,10000,100,262144,1,0,1,17460,17460,0,0,4269,0,1,1,17460,6170,25262,2.829822,0.691157,43.293000,74.400000,861.475000,579.886000,8313.054000,1,306,28e8e43149e4bde7587db8e7807c8ba5cebd142be4492a7bb167096d3224f900,true,1,true,20.965600,52.396800,106.656000
fixed-window,fixed-w16k-zstd-3,random-10000-00035,random-10000,MHC-GRCh38,MHC,2921773,2931773,10000,100,262144,1,0,1,69239,69239,0,0,4269,0,1,1,69239,7049,30069,9.822528,2.302671,25.298000,289.081000,5011.143000,2181.246000,45557.002000,1,416,116c4d85770731c008a3afd4d75050abb1f6a004a3f11d79ceaacdc5d0befdfe,true,1,true,22.346373,56.539120,120.463733
fixed-window,fixed-w16k-zstd-3,random-10000-00036,random-10000,MHC-GRCh38,MHC,2022342,2032342,10000,100,262144,1,0,1,15496,15496,0,0,4269,0,1,1,15496,4172,13869,3.714286,1.117312,55.211000,74.620000,284.515000,149.130000,2793.298000,2,56,ded354f69244e941bb50934784978d7b387d48ef4762cce45fed54d708dfe63b,true,2,true,20.913227,52.239680,106.132267
fixed-window,fixed-w16k-zstd-3,random-10000-00037,random-10000,MHC-GRCh38,MHC,2903351,2913351,10000,100,262144,1,0,1,20860,20860,0,0,4269,0,1,1,20860,7259,32210,2.873674,0.647625,10.671000,80.270000,1325.699000,1062.216000,12330.765000,1,463,6820c8ba0f9a26a043d85f1d9ee9a9bb0e25109fa137f896194c075e6e9b2979,true,1,true,21.056267,52.668800,107.562667
fixed-window,fixed-w16k-zstd-3,random-10000-00038,random-10000,MHC-GRCh38,MHC,1743550,1753550,10000,100,262144,1,0,1,21660,21660,0,0,4269,0,1,1,21660,5259,19094,4.118654,1.134388,23.814000,121.485000,911.034000,398.813000,6843.887000,2,177,4245dd58d7d1c2206c4f3cc75f00b7ab72ecf1031d74905d2588d8546365ff20,true,2,true,21.077600,52.732800,107.776000
fixed-window,fixed-w16k-zstd-3,random-10000-00039,random-10000,MHC-GRCh38,MHC,2503657,2513657,10000,100,262144,1,0,1,36993,36993,0,0,4269,0,1,1,36993,7844,37089,4.716089,0.997412,21.195000,153.687000,2163.303000,1174.540000,19328.493000,2,567,2213a8016cc6c057f5a1e38d7e6a104b477bc7e9e4a499bc5fd769cb092f84c9,true,2,true,21.486480,53.959440,111.864800
fixed-window,fixed-w16k-zstd-3,random-10000-00040,random-10000,MHC-GRCh38,MHC,2932138,2942138,10000,100,262144,1,0,1,89591,89591,0,0,4269,0,1,1,89591,6763,27507,13.247228,3.257025,51.780000,371.541000,5889.494000,2111.928000,53073.254000,2,361,d2757b7e004ae0acae9159fc54a0c22eb0d6f726022d05fa4457e560705ab86b,true,2,true,22.889093,58.167280,125.890933
fixed-window,fixed-w16k-zstd-3,random-10000-00041,random-10000,MHC-GRCh38,MHC,783360,793360,10000,100,262144,1,0,1,19328,19328,0,0,4269,0,1,1,19328,5096,17461,3.792779,1.106924,54.659000,87.584000,552.718000,278.566000,5045.602000,2,134,5e65270c1b5bf78832fe2277e39e6c5b8df0f0f68036e9e92519a632abed0542,true,2,true,21.015413,52.546240,107.154133
fixed-window,fixed-w16k-zstd-3,random-10000-00042,random-10000,MHC-GRCh38,MHC,2455602,2465602,10000,100,262144,1,0,1,20997,20997,0,0,4269,0,1,1,20997,5310,19567,3.954237,1.073082,23.969000,91.862000,666.419000,443.071000,6137.894000,2,187,1ac863683737b5e40be7d7d111d3e2cd76b0b93a32c10fe547dd201884f5b77f,true,2,true,21.059920,52.679760,107.599200
fixed-window,fixed-w16k-zstd-3,random-10000-00043,random-10000,MHC-GRCh38,MHC,1809625,1819625,10000,100,262144,1,0,1,17468,17468,0,0,4269,0,1,1,17468,4966,16014,3.517519,1.090796,17.874000,77.454000,366.784000,237.354000,3629.302000,2,95,a8cf05ab9f5d4e969c8720ac40234f9551c77b9393c4074a50d4cdefd6074e7e,true,2,true,20.965813,52.397440,106.658133
fixed-window,fixed-w16k-zstd-3,random-10000-00044,random-10000,MHC-GRCh38,MHC,137158,147158,10000,100,262144,1,0,1,9236,9236,0,0,4269,0,1,1,9236,4506,14355,2.049711,0.643400,15.483000,40.331000,215.736000,109.044000,2042.051000,1,59,f394da5a2f7f333a8019b7ed1bffad5cd57a7c0892701d2ecfcca3fe4f0e5889,true,1,true,20.746293,51.738880,104.462933
fixed-window,fixed-w16k-zstd-3,random-10000-00045,random-10000,MHC-GRCh38,MHC,4721118,4731118,10000,100,262144,1,0,1,9573,9573,0,0,4269,0,1,1,9573,4261,14204,2.246656,0.673965,1.384000,41.240000,254.357000,141.462000,2600.154000,1,74,45795d31562a51461f0c3adbf94e1928264e9f923302d28d748dd2445a3364d8,true,1,true,20.755280,51.765840,104.552800
fixed-window,fixed-w16k-zstd-3,random-10000-00046,random-10000,MHC-GRCh38,MHC,2609994,2619994,10000,100,262144,1,0,1,19793,19793,0,0,4269,0,1,1,19793,6996,30198,2.829188,0.655441,7.989000,75.112000,1065.542000,760.960000,9907.157000,1,422,1fa4c86045416288989ea3558c79f0d759fcf2010265116ab4e22bd61f073571,true,1,true,21.027813,52.583440,107.278133
fixed-window,fixed-w16k-zstd-3,random-10000-00047,random-10000,MHC-GRCh38,MHC,3860427,3870427,10000,100,262144,1,0,1,40114,40114,0,0,4269,0,1,1,40114,6078,24758,6.599868,1.620244,29.755000,176.819000,2142.943000,950.994000,19758.106000,2,307,a2a3530e05954057c972097786eb0caa754d4b65b264d138e14818b7fd2d2d2b,true,2,true,21.569707,54.209120,112.697067
fixed-window,fixed-w16k-zstd-3,random-10000-00048,random-10000,MHC-GRCh38,MHC,4554094,4564094,10000,100,262144,1,0,1,44493,44493,0,0,4269,0,1,1,44493,10239,51765,4.345444,0.859519,52.687000,184.185000,3267.458000,1830.311000,27074.379000,2,885,23cf9f7eadaf9d1b78d8f3b3206a6006cd1336963f033245de30987b80aaaf38,true,2,true,21.686480,54.559440,113.864800
fixed-window,fixed-w16k-zstd-3,random-10000-00049,random-10000,MHC-GRCh38,MHC,2352190,2362190,10000,100,262144,1,0,1,19272,19272,0,0,4269,0,1,1,19272,4749,16177,4.058117,1.191321,36.709000,89.485000,529.110000,308.208000,4761.956000,2,111,800091a8217f514a4ab9edd8bf729b616292a002018ce539ddc1052135ade198,true,2,true,21.013920,52.541760,107.139200
fixed-window,fixed-w16k-zstd-3,random-100000-00000,random-100000,MHC-GRCh38,MHC,4209044,4309044,100000,100,262144,1,0,1,168890,168890,0,0,4269,0,1,1,168890,65549,336308,2.576546,0.502188,24.998000,807.686000,11224.408000,10742.976000,107847.398000,8,5035,32e8083b6abd3be64c447c24584d42938879238fa3d81db158eb23a15db404f2,true,8,true,25.003733,64.511200,147.037333
fixed-window,fixed-w16k-zstd-3,random-100000-00001,random-100000,MHC-GRCh38,MHC,1722746,1822746,100000,100,262144,1,0,1,68083,68083,0,0,4269,0,1,1,68083,41890,153777,1.625280,0.442739,62.301000,323.881000,1974.585000,1825.118000,18506.612000,7,1126,45012cba45ad5936e9f619869db1564593fd295f60d5f6b4423c602499cd7d4c,true,7,true,22.315547,56.446640,120.155467
fixed-window,fixed-w16k-zstd-3,random-100000-00002,random-100000,MHC-GRCh38,MHC,3224923,3324923,100000,100,262144,1,0,1,56292,56292,0,0,4269,0,1,1,56292,35805,128622,1.572183,0.437655,61.949000,288.015000,1151.220000,913.246000,11408.478000,7,574,650e851ca4deb971c052fe1cbe4dec8752531ac0b5bffa3e125ff3dee5b64889,true,7,true,22.001120,55.503360,117.011200
fixed-window,fixed-w16k-zstd-3,random-100000-00003,random-100000,MHC-GRCh38,MHC,685079,785079,100000,100,262144,1,0,1,59295,59295,0,0,4269,0,1,1,59295,37583,129398,1.577708,0.458237,44.974000,289.343000,1364.450000,997.931000,12298.363000,7,619,84c08e62d3f3f30d863d5a72aa03c9a5c55cb3c77246886de0ff99a3a8df0489,true,7,true,22.081200,55.743600,117.812000
fixed-window,fixed-w16k-zstd-3,random-100000-00004,random-100000,MHC-GRCh38,MHC,2437611,2537611,100000,100,262144,1,0,1,95230,95230,0,0,4269,0,1,1,95230,50339,217274,1.891774,0.438295,63.351000,433.068000,4166.064000,4320.280000,45498.416000,7,2438,c30441669e36e5b931803112b45206c2cb5ec85cea8ddd4e4883b0227dbda95b,true,7,true,23.039467,58.618400,127.394667
fixed-window,fixed-w16k-zstd-3,random-100000-00005,random-100000,MHC-GRCh38,MHC,59077,159077,100000,100,262144,1,0,1,59413,59413,0,0,4269,0,1,1,59413,39584,133167,1.500935,0.446154,79.683000,310.651000,1397.252000,1070.541000,13359.793000,7,666,59ba1c17c2eb410b568d830db351a260e2ff752b426433d90ffc1737d8d770b0,true,7,true,22.084347,55.753040,117.843467
fixed-window,fixed-w16k-zstd-3,random-100000-00006,random-100000,MHC-GRCh38,MHC,4590285,4690285,100000,100,262144,1,0,1,97915,97915,0,0,4269,0,1,1,97915,52875,223553,1.851820,0.437995,50.694000,472.372000,4899.814000,5053.226000,47505.438000,7,2617,a64377cb5e8d05256abb39b5b0c499a163809a709f3c41af5e770ba7f2927537,true,7,true,23.111067,58.833200,128.110667
fixed-window,fixed-w16k-zstd-3,random-100000-00007,random-100000,MHC-GRCh38,MHC,4485571,4585571,100000,100,262144,1,0,1,110089,110089,0,0,4269,0,1,1,110089,56571,270370,1.946032,0.407179,74.861000,480.665000,6164.871000,7168.825000,59454.940000,7,3587,62ab48c6ec685ad313f6f68d4baeecde58417e601bb21c67ddd98715c6a00523,true,7,true,23.435707,59.807120,131.357067
fixed-window,fixed-w16k-zstd-3,random-100000-00008,random-100000,MHC-GRCh38,MHC,3570722,3670722,100000,100,262144,1,0,1,65397,65397,0,0,8365,0,2,2,65397,36956,127803,1.769591,0.511702,99.091000,319.755000,1355.481000,1050.537000,13204.016000,8,556,19a7c76674610d2342c9fbea62a10888959bd988453261d682ff12781765db7f,true,8,true,22.243920,56.231760,119.439200
fixed-window,fixed-w16k-zstd-3,random-100000-00009,random-100000,MHC-GRCh38,MHC,4287809,4387809,100000,100,262144,1,0,1,95000,95000,0,0,4269,0,1,1,95000,47841,194241,1.985744,0.489083,45.169000,445.409000,4191.959000,4450.882000,41518.085000,7,1990,e91c65af67f8f894b81a4673e1737501a8afddef2ca98f315b4e21b673474899,true,7,true,23.033333,58.600000,127.333333
fixed-window,fixed-w16k-zstd-3,random-100000-00010,random-100000,MHC-GRCh38,MHC,4025165,4125165,100000,100,262144,1,0,1,600114,600114,0,0,4269,0,1,1,600114,195330,1335954,3.072308,0.449203,22.172000,2816.799000,50929.332000,54867.068000,484058.119000,7,26102,60c3e5d638a71bece86def27f59a9a6e97e4a340ab34a627a420102128dc7751,true,7,true,36.503040,99.009120,262.030400
fixed-window,fixed-w16k-zstd-3,random-100000-00011,random-100000,MHC-GRCh38,MHC,1237510,1337510,100000,100,262144,1,0,1,129400,129400,0,0,4269,0,1,1,129400,56167,273054,2.303844,0.473899,89.384000,527.656000,6818.618000,6186.947000,61941.759000,7,3680,b5901726f77ee00314f015b59d51c14df7d08ac58444abc0c107aaa1fad54194,true,7,true,23.950667,61.352000,136.506667
fixed-window,fixed-w16k-zstd-3,random-100000-00012,random-100000,MHC-GRCh38,MHC,282699,382699,100000,100,262144,1,0,1,72093,72093,0,0,4269,0,1,1,72093,39955,154486,1.804355,0.466664,93.301000,323.896000,2083.437000,1826.897000,18849.960000,7,1125,54d663c12cc9be7f5115a95bbb1f5585d772564d5c50833e8e3e231d8ac57d04,true,7,true,22.422480,56.767440,121.224800
fixed-window,fixed-w16k-zstd-3,random-100000-00013,random-100000,MHC-GRCh38,MHC,2461234,2561234,100000,100,262144,1,0,1,110886,110886,0,0,4269,0,1,1,110886,54888,245800,2.020223,0.451123,59.982000,467.473000,5271.385000,4987.936000,49176.408000,7,3052,2bb8cc4a820ed95bff9ee3b3c46eb345ab1f54ddfb2c3a1e4352f0d092909be6,true,7,true,23.456960,59.870880,131.569600
fixed-window,fixed-w16k-zstd-3,random-100000-00014,random-100000,MHC-GRCh38,MHC,39688,139688,100000,100,262144,1,0,1,59140,59140,0,0,4269,0,1,1,59140,39348,132047,1.502999,0.447871,67.931000,271.551000,1189.727000,975.983000,11608.011000,7,646,49e9f4bf234851cead81bf6a2e1d729c848b791a51ba72c1987113f60a240b6a,true,7,true,22.077067,55.731200,117.770667
fixed-window,fixed-w16k-zstd-3,random-100000-00015,random-100000,MHC-GRCh38,MHC,2966751,3066751,100000,100,262144,1,0,1,87756,87756,0,0,4269,0,1,1,87756,48092,201421,1.824753,0.435684,30.371000,382.813000,3484.207000,3340.307000,32498.783000,7,2141,442bb6b3657e1304642ee8c0bcbd72d2f571e2e86754bfe071952ddddff873a1,true,7,true,22.840160,58.020480,125.401600
fixed-window,fixed-w16k-zstd-3,random-100000-00016,random-100000,MHC-GRCh38,MHC,1970326,2070326,100000,100,262144,1,0,1,57947,57947,0,0,4269,0,1,1,57947,37997,132429,1.525041,0.437570,55.224000,269.937000,1229.929000,1083.851000,11819.981000,7,670,4cff76d0bc8547d0bb83fbfddae6d561248770f8eb6d289574e84183ab26b92c,true,7,true,22.045253,55.635760,117.452533
fixed-window,fixed-w16k-zstd-3,random-100000-00017,random-100000,MHC-GRCh38,MHC,4296183,4396183,100000,100,262144,1,0,1,84179,84179,0,0,4269,0,1,1,84179,46041,183355,1.828349,0.459104,33.769000,352.597000,3179.573000,2799.786000,29196.516000,7,1760,b1cfc8cace350414b28c0a4117c8afa27ff174db67eac05a7f047798af51a501,true,7,true,22.744773,57.734320,124.447733
fixed-window,fixed-w16k-zstd-3,random-100000-00018,random-100000,MHC-GRCh38,MHC,3769659,3869659,100000,100,262144,1,0,1,110860,110860,0,0,4269,0,1,1,110860,52205,225406,2.123551,0.491824,48.856000,470.542000,5395.353000,4581.334000,49058.713000,7,2651,607bfe669aea0f45aa46f0730afa870a0e69c165fe376da184fb2b772d3d903f,true,7,true,23.456267,59.868800,131.562667
fixed-window,fixed-w16k-zstd-3,random-100000-00019,random-100000,MHC-GRCh38,MHC,1836841,1936841,100000,100,262144,1,0,1,78204,78204,0,0,4269,0,1,1,78204,44076,170246,1.774299,0.459359,57.874000,353.298000,2659.105000,2376.985000,25635.372000,7,1484,191113f90170e5126479711af08690601fe73171464bc55d00b41c9a484dbce4,true,7,true,22.585440,57.256320,122.854400
fixed-window,fixed-w16k-zstd-3,random-100000-00020,random-100000,MHC-GRCh38,MHC,3910205,4010205,100000,100,262144,1,0,1,239563,239563,0,0,4269,0,1,1,239563,93677,549369,2.557330,0.436069,44.441000,1077.997000,16728.305000,18362.933000,160956.559000,7,9437,c2e42215450f8c2661b6b451ce0936abf551ae7bff855ff84da5bc8a7968c84b,true,7,true,26.888347,70.165040,165.883467
fixed-window,fixed-w16k-zstd-3,random-100000-00021,random-100000,MHC-GRCh38,MHC,647943,747943,100000,100,262144,1,0,1,62687,62687,0,0,4269,0,1,1,62687,39520,139207,1.586210,0.450315,107.231000,268.555000,1463.646000,1252.054000,13501.278000,7,813,9e8cef8b753db677c29fef3d40400b533e52821777595a9a27e595ddf2ec1410,true,7,true,22.171653,56.014960,118.716533
fixed-window,fixed-w16k-zstd-3,random-100000-00022,random-100000,MHC-GRCh38,MHC,2004256,2104256,100000,100,262144,1,0,1,54766,54766,0,0,8365,0,2,2,54766,36386,127123,1.505139,0.430811,49.277000,249.226000,958.339000,843.071000,9719.256000,7,543,4ee366a8da2710ed0df259697678c9601ea059d22cc1970349d48b067d071050,true,7,true,21.960427,55.381280,116.604267
fixed-window,fixed-w16k-zstd-3,random-100000-00023,random-100000,MHC-GRCh38,MHC,948617,1048617,100000,100,262144,1,0,1,68668,68668,0,0,8365,0,2,2,68668,39993,131493,1.717000,0.522218,41.136000,295.309000,1433.717000,1071.243000,13537.354000,8,662,7bc1c13ea33f55081af4faee96164e11cf58980e23d0069f1e9c2ef5f79923b0,true,8,true,22.331147,56.493440,120.311467
fixed-window,fixed-w16k-zstd-3,random-100000-00024,random-100000,MHC-GRCh38,MHC,172774,272774,100000,100,262144,1,0,1,84541,84541,0,0,4269,0,1,1,84541,45425,181900,1.861112,0.464766,28.397000,366.246000,2858.387000,2648.593000,27755.936000,7,1689,703f31b2efa3cdf99ce82955f7c26f58193bb7fdca05725347534130514df260,true,7,true,22.754427,57.763280,124.544267
fixed-window,fixed-w16k-zstd-3,random-100000-00025,random-100000,MHC-GRCh38,MHC,2486989,2586989,100000,100,262144,1,0,1,113688,113688,0,0,4269,0,1,1,113688,55621,247440,2.043976,0.459457,38.552000,498.869000,5521.131000,5167.869000,51739.903000,7,3082,7ccc96b968dbd73138b0bef8cd2e06317cf09ae4f3bc17493b7415dccc5dff50,true,7,true,23.531680,60.095040,132.316800
fixed-window,fixed-w16k-zstd-3,random-100000-00026,random-100000,MHC-GRCh38,MHC,1930943,2030943,100000,100,262144,1,0,1,67818,67818,0,0,4269,0,1,1,67818,40603,155026,1.670271,0.437462,69.118000,307.541000,1934.510000,1707.094000,18043.920000,7,1095,14334b554e3e9655c965408117e425948d6c83d11aa07182bce0d72eda4ee2f3,true,7,true,22.308480,56.425440,120.084800
fixed-window,fixed-w16k-zstd-3,random-100000-00027,random-100000,MHC-GRCh38,MHC,204534,304534,100000,100,262144,1,0,1,88357,88357,0,0,4269,0,1,1,88357,43536,177520,2.029516,0.497730,47.840000,377.370000,3203.909000,2632.979000,29434.957000,7,1603,4d57d41cb194b884a41da65fdd22aea0a8c27db77bb5042f7d0adeb7c73d1dc4,true,7,true,22.856187,58.068560,125.561867
fixed-window,fixed-w16k-zstd-3,random-100000-00028,random-100000,MHC-GRCh38,MHC,3890508,3990508,100000,100,262144,1,0,1,161959,161959,0,0,4269,0,1,1,161959,66475,349427,2.436390,0.463499,56.782000,812.913000,10779.023000,11042.651000,103270.171000,7,5265,64fb347e77ea288d38a2ce9574ee30d2b4be5888a322149fd1b42e9fcddf651c,true,7,true,24.818907,63.956720,145.189067
fixed-window,fixed-w16k-zstd-3,random-100000-00029,random-100000,MHC-GRCh38,MHC,1400303,1500303,100000,100,262144,1,0,1,174682,174682,0,0,4269,0,1,1,174682,73403,404332,2.379766,0.432026,65.046000,769.610000,10580.844000,13742.521000,104341.284000,7,6494,7dd51bacace475b905c71c96b5738874cb4cc596d2f22d2b5deaf2e9a383e677,true,7,true,25.158187,64.974560,148.581867
fixed-window,fixed-w16k-zstd-3,random-100000-00030,random-100000,MHC-GRCh38,MHC,1669721,1769721,100000,100,262144,1,0,1,78823,78823,0,0,4269,0,1,1,78823,42397,157902,1.859165,0.499189,84.886000,362.019000,2269.664000,1906.871000,21100.509000,8,1197,741ec828d1c9c77374a42df4205c1d246e1a2241e64f0977b6df22d8e0fc21c8,true,8,true,22.601947,57.305840,123.019467
fixed-window,fixed-w16k-zstd-3,random-100000-00031,random-100000,MHC-GRCh38,MHC,215439,315439,100000,100,262144,1,0,1,80526,80526,0,0,4269,0,1,1,80526,42453,174311,1.896827,0.461967,59.723000,376.811000,2904.127000,2482.371000,26156.074000,7,1540,ae3a38a78bc54df8bb5b64aa04e50d7ffa6086417a22570c069468d140ac8134,true,7,true,22.647360,57.442080,123.473600
fixed-window,fixed-w16k-zstd-3,random-100000-00032,random-100000,MHC-GRCh38,MHC,3542671,3642671,100000,100,262144,1,0,1,57056,57056,0,0,4269,0,1,1,57056,36059,128867,1.582296,0.442751,50.678000,276.794000,1192.287000,924.495000,11672.292000,7,589,d9aa6d23a6b62c66ac19183747bb2ccc720333a4958454dfb6ebe7f9093d9823,true,7,true,22.021493,55.564480,117.214933
fixed-window,fixed-w16k-zstd-3,random-100000-00033,random-100000,MHC-GRCh38,MHC,1452240,1552240,100000,100,262144,1,0,1,110896,110896,0,0,4269,0,1,1,110896,53441,226826,2.075111,0.488903,42.676000,463.816000,5797.264000,4817.952000,51063.035000,7,2682,f312a374776582f5db71384d371c7852297f13be6b7d80811998a767c99d0521,true,7,true,23.457227,59.871680,131.572267
fixed-window,fixed-w16k-zstd-3,random-100000-00034,random-100000,MHC-GRCh38,MHC,3935885,4035885,100000,100,262144,1,0,1,413945,413945,0,0,4269,0,1,1,413945,139924,921400,2.958356,0.449257,47.136000,1943.439000,31511.992000,35994.683000,301785.914000,7,17261,680dd4f3ec892eac167ab5a6873f8f6087006b60e939e70cdfa62634dba8df50,true,7,true,31.538533,84.115600,212.385333
fixed-window,fixed-w16k-zstd-3,random-100000-00035,random-100000,MHC-GRCh38,MHC,1231487,1331487,100000,100,262144,1,0,1,129400,129400,0,0,4269,0,1,1,129400,55437,266371,2.334181,0.485789,154.332000,542.138000,6952.838000,7012.900000,64103.990000,7,3548,a6f4f67b33da190409f770417ecd57abcd7c7a2004d5dbbe705d0e0195b028d6,true,7,true,23.950667,61.352000,136.506667
fixed-window,fixed-w16k-zstd-3,random-100000-00036,random-100000,MHC-GRCh38,MHC,2059084,2159084,100000,100,262144,1,0,1,54586,54586,0,0,8365,0,2,2,54586,36196,127019,1.508067,0.429747,92.459000,251.824000,962.110000,801.483000,9643.814000,7,538,7ba622d78759052db8d982897a8062ed4af62fb0c3e56c393bff47168a846746,true,7,true,21.955627,55.366880,116.556267
fixed-window,fixed-w16k-zstd-3,random-100000-00037,random-100000,MHC-GRCh38,MHC,3340862,3440862,100000,100,262144,1,0,1,61269,61269,0,0,4269,0,1,1,61269,35829,126567,1.710039,0.484084,48.845000,289.208000,1045.999000,826.772000,10259.534000,8,523,8f92362b65b7867abc7d88837e976f16d7b1427e6c2fd60925b6a36405d74c45,true,8,true,22.133840,55.901520,118.338400
fixed-window,fixed-w16k-zstd-3,random-100000-00038,random-100000,MHC-GRCh38,MHC,921258,1021258,100000,100,262144,1,0,1,56819,56819,0,0,4269,0,1,1,56819,37547,123746,1.513277,0.459158,39.400000,248.130000,1017.118000,773.608000,9943.441000,7,503,fe6971683ac4cb90cf56fb9f5347d1e1e3915baaeac17f866aa71221850e0484,true,7,true,22.015173,55.545520,117.151733
fixed-window,fixed-w16k-zstd-3,random-100000-00039,random-100000,MHC-GRCh38,MHC,3395378,3495378,100000,100,262144,1,0,1,54013,54013,0,0,4269,0,1,1,54013,35350,121563,1.527949,0.444321,35.678000,241.114000,886.631000,654.675000,8523.698000,7,421,8fd62575ba7d7fa67094b8797b763eea904ce8ce888a1edaefbf979e2ae9f190,true,7,true,21.940347,55.321040,116.403467
fixed-window,fixed-w16k-zstd-3,random-100000-00040,random-100000,MHC-GRCh38,MHC,3429684,3529684,100000,100,262144,1,0,1,57352,57352,0,0,4269,0,1,1,57352,29606,126327,1.937175,0.453996,25.674000,247.227000,1024.986000,824.736000,9906.378000,7,544,61b06d01fabee659f928ce9e22b30229cf5e353fcee2cef89edece567e762fd2,true,7,true,22.029387,55.588160,117.293867
fixed-window,fixed-w16k-zstd-3,random-100000-00041,random-100000,MHC-GRCh38,MHC,3427206,3527206,100000,100,262144,1,0,1,57352,57352,0,0,4269,0,1,1,57352,29726,123989,1.929355,0.462557,38.403000,253.023000,1032.534000,796.714000,9911.385000,7,508,6821e84b1deb499b912b5a16cacd9b5ec8aaa72b621ff610358cfb368894c6a9,true,7,true,22.029387,55.588160,117.293867
fixed-window,fixed-w16k-zstd-3,random-100000-00042,random-100000,MHC-GRCh38,MHC,58582,158582,100000,100,262144,1,0,1,59413,59413,0,0,4269,0,1,1,59413,39339,131815,1.510282,0.450730,38.378000,257.860000,1215.032000,1005.204000,11887.609000,7,657,82b32e58f297137f6f7535bdf2eb588af4aa71aa6df0203286fe8d2d7f8e5bf9,true,7,true,22.084347,55.753040,117.843467
fixed-window,fixed-w16k-zstd-3,random-100000-00043,random-100000,MHC-GRCh38,MHC,1799230,1899230,100000,100,262144,1,0,1,75193,75193,0,0,4269,0,1,1,75193,43889,164657,1.713254,0.456664,40.848000,311.850000,2378.093000,2086.146000,21875.575000,7,1361,5e209164a6d6d0b416b39033eaecdfd097226c6f9e44113e43baa8d3c33e60aa,true,7,true,22.505147,57.015440,122.051467
fixed-window,fixed-w16k-zstd-3,random-100000-00044,random-100000,MHC-GRCh38,MHC,2029904,2129904,100000,100,262144,1,0,1,53872,53872,0,0,8365,0,2,2,53872,35539,122861,1.515856,0.438479,39.062000,245.419000,921.351000,735.209000,9354.493000,7,470,9b34d642d44e33b8d3dc1fb0c0c7218c45b39847f81e08e0bdd1638eb51cbb49,true,7,true,21.936587,55.309760,116.365867
fixed-window,fixed-w16k-zstd-3,random-100000-00045,random-100000,MHC-GRCh38,MHC,2203224,2303224,100000,100,262144,1,0,1,71128,71128,0,0,4269,0,1,1,71128,42056,160964,1.691269,0.441888,38.223000,305.888000,2306.769000,1997.962000,21207.647000,7,1259,00efee7b857ee2a42a3e9b229d16099845462f14df5c618e4ed1841c22718ce0,true,7,true,22.396747,56.690240,120.967467
fixed-window,fixed-w16k-zstd-3,random-100000-00046,random-100000,MHC-GRCh38,MHC,3746831,3846831,100000,100,262144,1,0,1,101119,101119,0,0,4269,0,1,1,101119,50625,216741,1.997412,0.466543,16.329000,430.124000,4728.675000,3989.018000,42343.868000,7,2470,d61ab2ea1e1e9487260bfbe5d2488c2cec6c526e5bb9bf6a52237f97f4e90c0b,true,7,true,23.196507,59.089520,128.965067
fixed-window,fixed-w16k-zstd-3,random-100000-00047,random-100000,MHC-GRCh38,MHC,1030366,1130366,100000,100,262144,1,0,1,67155,67155,0,0,8365,0,2,2,67155,41915,151001,1.602171,0.444732,67.233000,290.816000,1827.114000,1665.018000,17332.986000,7,1060,21ce84bf8f5904f7cb4b2ae730a9f26a9eff03d4dc6c29533169a8be2f8b3f78,true,7,true,22.290800,56.372400,119.908000
fixed-window,fixed-w16k-zstd-3,random-100000-00048,random-100000,MHC-GRCh38,MHC,56321,156321,100000,100,262144,1,0,1,59413,59413,0,0,4269,0,1,1,59413,39043,132098,1.521732,0.449765,40.547000,276.221000,1305.113000,1043.103000,12337.323000,7,658,30f6997af384861b66cbde6b6df4bd27d969367a13ba29f59c35b701cc8eec5c,true,7,true,22.084347,55.753040,117.843467
fixed-window,fixed-w16k-zstd-3,random-100000-00049,random-100000,MHC-GRCh38,MHC,3965305,4065305,100000,100,262144,1,0,1,591232,591232,0,0,4269,0,1,1,591232,181639,1237196,3.254984,0.477881,51.119000,2676.609000,47298.135000,52332.101000,454234.542000,7,23853,34c70f32e7b8ed5e39bf6e0e44bd8a8dc0f5d9bf00f9942637ed7e48dad193ae,true,7,true,36.266187,98.298560,259.661867
fixed-window,fixed-w16k-zstd-3,random-1000000-00000,random-1000000,MHC-GRCh38,MHC,3703931,4703931,1000000,100,262144,1,0,1,1770071,1770071,0,0,8365,0,2,2,1770071,784207,4586858,2.257148,0.385901,135.618000,7794.709000,121997.143000,165184.791000,1188765.028000,62,75838,b26c97ec2a7fb940493f82b62b481b46beacdfa595721f11a193b58027f0b1f3,true,62,true,67.701893,192.605680,574.018933
fixed-window,fixed-w16k-zstd-3,random-1000000-00001,random-1000000,MHC-GRCh38,MHC,3632612,4632612,1000000,100,262144,1,0,1,1762610,1762610,0,0,12461,0,3,3,1762610,779351,4562015,2.261638,0.386367,196.946000,7698.660000,115858.477000,162131.114000,1147677.168000,62,75315,94f7c7d0b1ae09ba541ca857766196b61c4ba1adfeeb19af925848792c4c09c5,true,62,true,67.502933,192.008800,572.029333
fixed-window,fixed-w16k-zstd-3,random-1000000-00002,random-1000000,MHC-GRCh38,MHC,3624947,4624947,1000000,100,262144,1,0,1,1762610,1762610,0,0,12461,0,3,3,1762610,776788,4543230,2.269100,0.387964,174.197000,7754.267000,120280.692000,161614.238000,1170361.084000,62,74916,88e91d1e0de657bab4c0ad575227c287c44ac4e560df51fd43b24cbdc0f4622d,true,62,true,67.502933,192.008800,572.029333
fixed-window,fixed-w16k-zstd-3,random-1000000-00003,random-1000000,MHC-GRCh38,MHC,2794835,3794835,1000000,100,262144,1,0,1,861468,861468,0,0,12461,0,3,3,861468,448045,2122776,1.922727,0.405821,172.929000,4051.559000,39697.734000,55823.477000,408717.273000,62,23835,2d0e9e1b290926dd5615ea6c3930186ed496aae62ddd5fb8a1ce9d8b8698d576,true,62,true,43.472480,119.917440,331.724800
fixed-window,fixed-w16k-zstd-3,random-1000000-00004,random-1000000,MHC-GRCh38,MHC,1751327,2751327,1000000,100,262144,1,0,1,759540,759540,0,0,12461,0,3,3,759540,427961,1864043,1.774788,0.407469,272.187000,3381.177000,29657.632000,37190.319000,288173.239000,62,18290,74e1e08faee499d4beee11e8aa18c77387f176f5710e79c6cdbc25ae375c3c11,true,62,true,40.754400,111.763200,304.544000
fixed-window,fixed-w16k-zstd-3,random-1000000-00005,random-1000000,MHC-GRCh38,MHC,1372175,2372175,1000000,100,262144,1,0,1,756979,756979,0,0,12461,0,3,3,756979,425166,1862689,1.780432,0.406390,122.654000,3350.829000,29820.491000,38836.770000,281436.511000,62,18330,784d02b051e807ea010e615f84e5e3f9ef6e30eb24cb3a6ad41a6804e3cf41c6,true,62,true,40.686107,111.558320,303.861067
fixed-window,fixed-w16k-zstd-3,random-1000000-00006,random-1000000,MHC-GRCh38,MHC,73751,1073751,1000000,100,262144,1,0,1,584461,584461,0,0,12461,0,3,3,584461,363827,1435089,1.606426,0.407265,162.329000,2664.606000,15355.530000,18515.647000,146098.690000,62,9189,b4e354d200b565762bf84f63ea41b1938b6a2ac7f751537c990855dab2551c60,true,62,true,36.085627,97.756880,257.856267
fixed-window,fixed-w16k-zstd-3,random-1000000-00007,random-1000000,MHC-GRCh38,MHC,2455346,3455346,1000000,100,262144,1,0,1,1053162,1053162,0,0,12461,0,3,3,1053162,531080,2651358,1.983057,0.397216,128.627000,4834.167000,56723.435000,74493.106000,560176.086000,62,35073,d6269473041251ffa945ecade12e7e6098972e7b005e7b8c77838027114e3105,true,62,true,48.584320,135.252960,382.843200
fixed-window,fixed-w16k-zstd-3,random-1000000-00008,random-1000000,MHC-GRCh38,MHC,2705443,3705443,1000000,100,262144,1,0,1,919774,919774,0,0,12461,0,3,3,919774,475014,2324187,1.936309,0.395740,143.235000,4079.352000,44633.781000,58316.222000,443804.118000,62,28142,959909843bd2bb5593526798607900182177c1d8a13c1ff9a11d6f32f95701f4,true,62,true,45.027307,124.581920,347.273067
fixed-window,fixed-w16k-zstd-3,random-1000000-00009,random-1000000,MHC-GRCh38,MHC,2329813,3329813,1000000,100,262144,1,0,1,1068935,1068935,0,0,12461,0,3,3,1068935,537311,2687000,1.989416,0.397817,179.796000,4896.899000,59501.780000,74374.609000,575756.879000,62,35815,1bc72119fedee3116c34581fd49548b8caa180caa8a79cf6493b4ab588a45a1d,true,62,true,49.004933,136.514800,387.049333
fixed-window,fixed-w16k-zstd-3,random-1000000-00010,random-1000000,MHC-GRCh38,MHC,92105,1092105,1000000,100,262144,1,0,1,586251,586251,0,0,12461,0,3,3,586251,364596,1438886,1.607947,0.407434,146.076000,2524.106000,14980.737000,17876.551000,141034.536000,62,9265,293695f7b50203eed6fd200f3248f006594412ffa4a4198eb640a693d1a859d8,true,62,true,36.133360,97.900080,258.333600
fixed-window,fixed-w16k-zstd-3,random-1000000-00011,random-1000000,MHC-GRCh38,MHC,3823648,4823648,1000000,100,262144,1,0,1,1725017,1725017,0,0,12461,0,3,3,1725017,767718,4470520,2.246941,0.385865,116.356000,7541.829000,111991.787000,159958.858000,1105868.402000,62,73374,03e9ae8b275d748f3873899c2d03ca6cc7e122a1f2c8f1a71d0688231efc58d6,true,62,true,66.500453,189.001360,562.004533
fixed-window,fixed-w16k-zstd-3,random-1000000-00012,random-1000000,MHC-GRCh38,MHC,3719850,4719850,1000000,100,262144,1,0,1,1764731,1764731,0,0,12461,0,3,3,1764731,781907,4571236,2.256958,0.386051,211.586000,7776.031000,117090.313000,164011.073000,1151505.925000,62,75508,2af5677fccd3b9c77c7e0dd0e96c03a3bec8268fad952b7a7557e6360c6a276b,true,62,true,67.559493,192.178480,572.594933
fixed-window,fixed-w16k-zstd-3,random-1000000-00013,random-1000000,MHC-GRCh38,MHC,1094013,2094013,1000000,100,262144,1,0,1,873304,873304,0,0,8365,0,2,2,873304,465788,2158062,1.874896,0.404670,260.954000,4013.967000,40429.553000,55122.605000,407062.697000,62,24597,9998571a1898cec27a1ea2862ab71ad127e694928f1c38567742ff8130ffe1c9,true,62,true,43.788107,120.864320,334.881067
fixed-window,fixed-w16k-zstd-3,random-1000000-00014,random-1000000,MHC-GRCh38,MHC,2807699,3807699,1000000,100,262144,1,0,1,836558,836558,0,0,12461,0,3,3,836558,446070,2100657,1.875396,0.398236,223.263000,3863.632000,38496.928000,50986.414000,386361.892000,62,23356,af44e7822ac6eed39a846f1b3c88565af03d9c7035df6315503a0f8951ca3a72,true,62,true,42.808213,117.924640,325.082133
fixed-window,fixed-w16k-zstd-3,random-1000000-00015,random-1000000,MHC-GRCh38,MHC,711119,1711119,1000000,100,262144,1,0,1,851475,851475,0,0,12461,0,3,3,851475,457930,2100277,1.859400,0.405411,183.773000,4024.456000,39881.788000,53204.231000,391947.584000,62,23414,1fe009721ae21f6afb0030a7a089a5f42317e9b9873ddb9a4f399497ef50bf90,true,62,true,43.206000,119.118000,329.060000
fixed-window,fixed-w16k-zstd-3,random-1000000-00016,random-1000000,MHC-GRCh38,MHC,2845528,3845528,1000000,100,262144,1,0,1,775634,775634,0,0,12461,0,3,3,775634,416355,1877825,1.862915,0.413049,163.239000,3775.108000,34363.986000,42610.020000,350567.375000,62,18599,f88d5435fd08324c43d68a0f72617d49c2dce2cdc38f12ff5f1f029575d1e06a,true,62,true,41.183573,113.050720,308.835733
fixed-window,fixed-w16k-zstd-3,random-1000000-00017,random-1000000,MHC-GRCh38,MHC,1974230,2974230,1000000,100,262144,1,0,1,1063795,1063795,0,0,12461,0,3,3,1063795,536168,2664099,1.984070,0.399308,200.993000,5055.862000,57421.383000,76737.120000,579227.596000,62,35346,551dfe47cca13ee46f12f6004dc9439aad217bc6bd40ab98b2dd613c9e08e372,true,62,true,48.867867,136.103600,385.678667
fixed-window,fixed-w16k-zstd-3,random-1000000-00018,random-1000000,MHC-GRCh38,MHC,1992390,2992390,1000000,100,262144,1,0,1,1074132,1074132,0,0,12461,0,3,3,1074132,539202,2697879,1.992077,0.398139,134.870000,4895.250000,57865.320000,78992.523000,587540.842000,62,36067,7345147af20eeb118ea25cbb1e99e45209bb83f5ea3814e4ff0006e2d716250d,true,62,true,49.143520,136.930560,388.435200
fixed-window,fixed-w16k-zstd-3,random-1000000-00019,random-1000000,MHC-GRCh38,MHC,322227,1322227,1000000,100,262144,1,0,1,650548,650548,0,0,12461,0,3,3,650548,385435,1585622,1.687828,0.410279,172.813000,2887.300000,20466.062000,24618.713000,196542.128000,62,12428,57d508930a07266b49df3a40bd2ff73f5371c678f0810c4488f03ad500f5ce50,true,62,true,37.847947,103.043840,275.479467
fixed-window,fixed-w16k-zstd-3,random-1000000-00020,random-1000000,MHC-GRCh38,MHC,3577478,4577478,1000000,100,262144,1,0,1,1731376,1731376,0,0,12461,0,3,3,1731376,769349,4479972,2.250443,0.386470,132.677000,7955.340000,115743.507000,166174.539000,1152771.605000,62,73555,47c21c1045955378459ee00b07dea253bef3c7071321089824f7d266683f0ed0,true,62,true,66.670027,189.510080,563.700267
fixed-window,fixed-w16k-zstd-3,random-1000000-00021,random-1000000,MHC-GRCh38,MHC,3388932,4388932,1000000,100,262144,1,0,1,1672797,1672797,0,0,12461,0,3,3,1672797,739808,4334580,2.261123,0.385919,170.500000,7499.589000,112470.547000,157034.012000,1114864.291000,62,70503,fd45bbee2dc1176a265c64597b653be367193c875e1256cbd04b7ab3034c233b,true,62,true,65.107920,184.823760,548.079200
fixed-window,fixed-w16k-zstd-3,random-1000000-00022,random-1000000,MHC-GRCh38,MHC,554951,1554951,1000000,100,262144,1,0,1,834162,834162,0,0,8365,0,2,2,834162,447310,2061004,1.864841,0.404736,172.458000,3863.183000,35692.575000,48570.696000,347413.503000,62,22587,48f71d07f20c89e9dac40a0eb0db9bbacc66308c93f61f44af7edd434ca1398f,true,62,true,42.744320,117.732960,324.443200
fixed-window,fixed-w16k-zstd-3,random-1000000-00023,random-1000000,MHC-GRCh38,MHC,952249,1952249,1000000,100,262144,1,0,1,878108,878108,0,0,12461,0,3,3,878108,467549,2155946,1.878109,0.407296,153.535000,4128.144000,39815.519000,53751.771000,385227.213000,62,24589,4a4440e1ace6f7142001a74483862b87d5bcf206c4a9e4a9a67c4d38531f5efb,true,62,true,43.916213,121.248640,336.162133
fixed-window,fixed-w16k-zstd-3,random-1000000-00024,random-1000000,MHC-GRCh38,MHC,1184608,2184608,1000000,100,262144,1,0,1,859972,859972,0,0,12461,0,3,3,859972,459323,2122034,1.872260,0.405258,136.258000,3812.466000,39104.704000,50877.429000,373949.678000,62,23856,a4ae3a1878e1169345e4fbb02c936c6307c27623ad764f1f7f79d436e368859b,true,62,true,43.432587,119.797760,331.325867
fixed-window,fixed-w16k-zstd-3,random-1000000-00025,random-1000000,MHC-GRCh38,MHC,1338039,2338039,1000000,100,262144,1,0,1,789207,789207,0,0,12461,0,3,3,789207,436059,1949188,1.809863,0.404890,140.739000,3454.502000,32016.239000,41339.677000,309936.731000,62,20179,470ada55d1277708ddb8ba03fa4dfec6538763d0b7737a7aa96b06a385ab3f80,true,62,true,41.545520,114.136560,312.455200
fixed-window,fixed-w16k-zstd-3,random-1000000-00026,random-1000000,MHC-GRCh38,MHC,2952014,3952014,1000000,100,262144,1,0,1,689647,689647,0,0,12461,0,3,3,689647,394823,1717122,1.746724,0.401630,167.676000,3036.305000,25092.046000,32745.189000,252881.805000,62,15124,a0d98d2f718148bec626d5216204a068289a7e72929090781336570ecd0a65ba,true,62,true,38.890587,106.171760,285.905867
fixed-window,fixed-w16k-zstd-3,random-1000000-00027,random-1000000,MHC-GRCh38,MHC,1870809,2870809,1000000,100,262144,1,0,1,973693,973693,0,0,12461,0,3,3,973693,500649,2421925,1.944862,0.402033,135.437000,4369.379000,49377.934000,66001.994000,494901.458000,62,30209,265baddd14d48b8ff58937a7fe7163ceb0494542f704af225b24d25dad2c0691,true,62,true,46.465147,128.895440,361.651467
fixed-window,fixed-w16k-zstd-3,random-1000000-00028,random-1000000,MHC-GRCh38,MHC,1203836,2203836,1000000,100,262144,1,0,1,845817,845817,0,0,12461,0,3,3,845817,454759,2090232,1.859924,0.404652,122.734000,3682.795000,36195.604000,48154.712000,350376.684000,62,23176,7c2ea57903982b0e5e105a9a9c735b8f4b47b2e9901cb9a445a9bb85d4818e74,true,62,true,43.055120,118.665360,327.551200
fixed-window,fixed-w16k-zstd-3,random-1000000-00029,random-1000000,MHC-GRCh38,MHC,1429528,2429528,1000000,100,262144,1,0,1,690145,690145,0,0,12461,0,3,3,690145,404749,1700972,1.705118,0.405736,152.935000,3057.342000,24212.845000,30506.415000,231643.796000,62,14858,a982fb629a5d4f42b3bbff00ef4b0a3429062d61a32d6e105d6264f893a7dc09,true,62,true,38.903867,106.211600,286.038667
fixed-window,fixed-w16k-zstd-3,random-1000000-00030,random-1000000,MHC-GRCh38,MHC,1281840,2281840,1000000,100,262144,1,0,1,813169,813169,0,0,12461,0,3,3,813169,443759,2018115,1.832456,0.402935,160.923000,3563.105000,34315.592000,45276.143000,328667.623000,62,21654,74320e0fe62159d7e1a16715c15392baea70a2f4f0a254184f3e100043c83e80,true,62,true,42.184507,116.053520,318.845067
fixed-window,fixed-w16k-zstd-3,random-1000000-00031,random-1000000,MHC-GRCh38,MHC,8225,1008225,1000000,100,262144,1,0,1,577924,577924,0,0,8365,0,2,2,577924,362389,1419253,1.594761,0.407203,291.359000,2567.416000,14962.104000,17754.253000,141731.022000,62,8846,30408d4bcab76ea00038368a9c8c26d5b6dd9cc70936d646b5bb25edb92c8711,true,62,true,35.911307,97.233920,256.113067
fixed-window,fixed-w16k-zstd-3,random-1000000-00032,random-1000000,MHC-GRCh38,MHC,2647156,3647156,1000000,100,262144,1,0,1,958979,958979,0,0,8365,0,2,2,958979,490934,2423048,1.953377,0.395774,122.558000,4438.714000,48241.433000,63967.310000,491341.408000,62,30239,5eb8196c34f5e9c13d788b072827151a7ba899ba49671d2864afd58584587b15,true,62,true,46.072773,127.718320,357.727733
fixed-window,fixed-w16k-zstd-3,random-1000000-00033,random-1000000,MHC-GRCh38,MHC,1021875,2021875,1000000,100,262144,1,0,1,880642,880642,0,0,12461,0,3,3,880642,468904,2173817,1.878086,0.405113,137.974000,3861.522000,38895.359000,52614.671000,378996.158000,62,24948,cc6e961683fad3f712de71c6327e632e16512716d90fa372baaf2a8c043e924d,true,62,true,43.983787,121.451360,336.837867
fixed-window,fixed-w16k-zstd-3,random-1000000-00034,random-1000000,MHC-GRCh38,MHC,1702048,2702048,1000000,100,262144,1,0,1,719202,719202,0,0,12461,0,3,3,719202,413532,1776992,1.739169,0.404730,145.904000,3140.635000,26372.572000,33946.216000,257902.815000,62,16434,cc625ddf5cb171f269e82a7243d46ad4007d02cda62a99fea9e197a2a74df79d,true,62,true,39.678720,108.536160,293.787200
fixed-window,fixed-w16k-zstd-3,random-1000000-00035,random-1000000,MHC-GRCh38,MHC,3941206,4941206,1000000,100,262144,1,0,1,1654430,1654430,0,0,12461,0,3,3,1654430,740295,4279211,2.234825,0.386620,153.943000,7364.376000,115110.359000,152754.929000,1110145.440000,62,69348,d9b75fc887f1bd97487d2ae6b97bfeb9161c60db749716cd48a5b6be90212551,true,62,true,64.618133,183.354400,543.181333
fixed-window,fixed-w16k-zstd-3,random-1000000-00036,random-1000000,MHC-GRCh38,MHC,3109002,4109002,1000000,100,262144,1,0,1,1275215,1275215,0,0,12461,0,3,3,1275215,594475,3260786,2.145111,0.391076,264.279000,5757.358000,76604.411000,101946.378000,752734.744000,62,47647,a1139bc1b3cc0c9be8c29a3b5e5d434fc8f53a70f5e2430c82aed268c9bbbb1b,true,62,true,54.505733,153.017200,442.057333
fixed-window,fixed-w16k-zstd-3,random-1000000-00037,random-1000000,MHC-GRCh38,MHC,723032,1723032,1000000,100,262144,1,0,1,854733,854733,0,0,12461,0,3,3,854733,458246,2103900,1.865227,0.406261,157.043000,3895.416000,36646.672000,48938.609000,353804.631000,62,23483,b65d7bd46ed8e38a08863bd42c3915c37b1802240e9d27376f81af61ecb56717,true,62,true,43.292880,119.378640,329.928800
fixed-window,fixed-w16k-zstd-3,random-1000000-00038,random-1000000,MHC-GRCh38,MHC,3366612,4366612,1000000,100,262144,1,0,1,1672300,1672300,0,0,12461,0,3,3,1672300,737951,4324607,2.266140,0.386694,150.753000,7427.599000,111050.971000,155931.700000,1090633.156000,62,70287,f5d440d6ad7c2be86ae2bbc2176586965b72a222f7736504830d8232b0c8a08a,true,62,true,65.094667,184.784000,547.946667
fixed-window,fixed-w16k-zstd-3,random-1000000-00039,random-1000000,MHC-GRCh38,MHC,2014029,3014029,1000000,100,262144,1,0,1,1077070,1077070,0,0,12461,0,3,3,1077070,542012,2711969,1.987170,0.397154,152.726000,5072.064000,58567.715000,76552.128000,592175.079000,62,36367,e0b7422bdce755136ed16c213df63bf8aeee75a73b077978ac4fd21116f1c384,true,62,true,49.221867,137.165600,389.218667
fixed-window,fixed-w16k-zstd-3,random-1000000-00040,random-1000000,MHC-GRCh38,MHC,2480500,3480500,1000000,100,262144,1,0,1,1048414,1048414,0,0,12461,0,3,3,1048414,528679,2631700,1.983082,0.398379,153.269000,4696.330000,54667.299000,73333.263000,551403.726000,62,34657,101e004141f9320463ea0bdcf1f4a847b36c3a4ad8df506c8ef404a7afd734d8,true,62,true,48.457707,134.873120,381.577067
fixed-window,fixed-w16k-zstd-3,random-1000000-00041,random-1000000,MHC-GRCh38,MHC,1705935,2705935,1000000,100,262144,1,0,1,731923,731923,0,0,12461,0,3,3,731923,414435,1782615,1.766074,0.410589,176.511000,3155.136000,26844.936000,33739.974000,260756.211000,62,16535,bb07e8949b83f9c2fd5e6b6f69aa706ed297830d1fb5b09de7d3c599c7424f5c,true,62,true,40.017947,109.553840,297.179467
fixed-window,fixed-w16k-zstd-3,random-1000000-00042,random-1000000,MHC-GRCh38,MHC,3191759,4191759,1000000,100,262144,1,0,1,1557059,1557059,0,0,8365,0,2,2,1557059,691133,4015780,2.252908,0.387735,128.562000,7154.147000,99040.842000,145476.140000,995393.488000,62,63684,d682a19a254b6fb86a20dab23a7ae3aa673c51f6eeaa9a5a09120d312e127c45,true,62,true,62.021573,175.564720,517.215733
fixed-window,fixed-w16k-zstd-3,random-1000000-00043,random-1000000,MHC-GRCh38,MHC,3565676,4565676,1000000,100,262144,1,0,1,1716785,1716785,0,0,12461,0,3,3,1716785,764994,4445883,2.244181,0.386152,160.519000,7825.341000,118037.634000,163202.108000,1171407.930000,62,72826,3cbf420d44080cc3112e3437cae5b3aeef9aab63f41c91a565a2514da9d0bc2d,true,62,true,66.280933,188.342800,559.809333
fixed-window,fixed-w16k-zstd-3,random-1000000-00044,random-1000000,MHC-GRCh38,MHC,1816865,2816865,1000000,100,262144,1,0,1,854386,854386,0,0,12461,0,3,3,854386,463536,2129298,1.843192,0.401252,194.978000,3908.215000,38058.230000,52402.525000,385756.264000,62,23931,1fa19d458d5147285c6865dbabed0f6de9a1785d5f01a9ab8795da621c6ffa7e,true,62,true,43.283627,119.350880,329.836267
fixed-window,fixed-w16k-zstd-3,random-1000000-00045,random-1000000,MHC-GRCh38,MHC,3842818,4842818,1000000,100,262144,1,0,1,1717642,1717642,0,0,12461,0,3,3,1717642,765333,4452461,2.244307,0.385774,139.940000,7874.535000,115020.688000,162914.078000,1150178.831000,62,72970,950cab52da1779ae974072802c0839806719cdb6609614eca9f769bfbdcd3b60,true,62,true,66.303787,188.411360,560.037867
fixed-window,fixed-w16k-zstd-3,random-1000000-00046,random-1000000,MHC-GRCh38,MHC,3283569,4283569,1000000,100,262144,1,0,1,1646512,1646512,0,0,12461,0,3,3,1646512,727203,4266746,2.264171,0.385894,230.416000,7636.094000,109664.879000,152793.672000,1094644.281000,62,69043,03e119d6acb173780e9f8b0afd6d6df26c11148dcc49f3c21d7003c28709c507,true,62,true,64.406987,182.720960,541.069867
fixed-window,fixed-w16k-zstd-3,random-1000000-00047,random-1000000,MHC-GRCh38,MHC,50408,1050408,1000000,100,262144,1,0,1,583105,583105,0,0,12461,0,3,3,583105,363132,1427900,1.605766,0.408365,183.777000,3487.539000,16921.530000,22429.045000,165447.489000,62,9021,295a00d2fa7963302f87ca50c102aadbd8a70a31b6ab42184526ae9c7ab6d617,true,62,true,36.049467,97.648400,257.494667
fixed-window,fixed-w16k-zstd-3,random-1000000-00048,random-1000000,MHC-GRCh38,MHC,437446,1437446,1000000,100,262144,1,0,1,787210,787210,0,0,12461,0,3,3,787210,429513,1927434,1.832797,0.408424,142.703000,3568.255000,31137.679000,41924.872000,309359.708000,62,19755,5e1a8f5b5cc81b4401749fa955735a077a400f064b4fbe4f32c3a289d868657a,true,62,true,41.492267,113.976800,311.922667
fixed-window,fixed-w16k-zstd-3,random-1000000-00049,random-1000000,MHC-GRCh38,MHC,137312,1137312,1000000,100,262144,1,0,1,588813,588813,0,0,12461,0,3,3,588813,365421,1445026,1.611328,0.407476,130.941000,2738.411000,15681.744000,19205.881000,148642.009000,62,9393,4f8904e413da28cbdb847c7e5b34d19f5679e12b5d22eca0b80bd17b1a48d09f,true,62,true,36.201680,98.105040,259.016800
fixed-window,fixed-w16k-zstd-3,random-1000-00000,random-1000,MHC-GRCh38,MHC,2654244,2655244,1000,100,1048576,3,0,3,37566,37566,0,16384,4269,4096,1,0,17086,902,2731,41.647450,13.755401,9.955000,71.579000,839.492000,296.886000,8692.666000,1,20,9e6a7e61454f808e71928eb50122ac51264140a3a46e543aacd032ce0325eff6,true,1,true,62.501760,156.005280,316.017600
fixed-window,fixed-w16k-zstd-3,random-1000-00001,random-1000,MHC-GRCh38,MHC,4897918,4898918,1000,100,1048576,2,0,2,19329,19329,0,0,4269,4096,1,0,15233,1029,2915,18.784257,6.630875,36.246000,75.505000,221.780000,89.201000,2062.661000,2,5,497aab4941ed7432ed072eaf08976ff3f4d82435c6a9015ff9486bca77b954a4,true,2,true,41.515440,103.546320,209.154400
fixed-window,fixed-w16k-zstd-3,random-1000-00002,random-1000,MHC-GRCh38,MHC,1758423,1759423,1000,100,1048576,2,0,2,9845,9845,0,0,4269,269,1,0,9576,637,1847,15.455259,5.330265,14.787000,40.002000,246.218000,84.075000,2265.747000,1,10,327e35d7f0654c035cbcaa43da5b9ed09c32120481462e7264ee394269ab1547,true,1,true,41.262533,102.787600,206.625333
fixed-window,fixed-w16k-zstd-3,random-1000-00003,random-1000,MHC-GRCh38,MHC,3202374,3203374,1000,100,1048576,2,0,2,12203,12203,0,0,4269,4096,1,0,8107,921,2656,13.249729,4.594503,20.761000,39.322000,182.621000,54.239000,1760.366000,1,5,1128b520ef62fa03c97fd28004a4d38be7744f8a143c72fc91256a04a90cce39,true,1,true,41.325413,102.976240,207.254133
fixed-window,fixed-w16k-zstd-3,random-1000-00004,random-1000,MHC-GRCh38,MHC,1529093,1530093,1000,100,1048576,1,0,1,11848,11848,0,0,4269,0,1,0,11848,675,1884,17.552593,6.288747,12.307000,51.449000,426.605000,134.522000,3998.138000,1,7,34fc65eed42004cb8ea69be32e673e03aa31969502eb93d63dc299a011286a0c,true,1,true,20.815947,51.947840,105.159467
fixed-window,fixed-w16k-zstd-3,random-1000-00005,random-1000,MHC-GRCh38,MHC,999079,1000079,1000,100,1048576,1,0,1,18219,18219,0,0,4269,0,1,0,18219,813,2483,22.409594,7.337495,16.267000,84.308000,563.974000,148.647000,4329.225000,2,19,060fd8696c789e1f3091c610af3213cb02caf610c1344e81b814e59d08e28ff1,true,2,true,20.985840,52.457520,106.858400
fixed-window,fixed-w16k-zstd-3,random-1000-00006,random-1000,MHC-GRCh38,MHC,4410732,4411732,1000,100,1048576,2,0,2,12508,12508,0,0,4269,4096,1,0,8412,633,1820,19.759874,6.872527,29.555000,40.105000,191.973000,60.121000,1937.745000,1,7,3d525188226a2b4b93a86cd996e399423bdf6c1fd28a1be1746ab93287767321,true,1,true,41.333547,103.000640,207.335467
fixed-window,fixed-w16k-zstd-3,random-1000-00007,random-1000,MHC-GRCh38,MHC,2388877,2389877,1000,100,1048576,2,0,2,13318,13318,0,0,4269,4096,1,0,9222,719,2057,18.522949,6.474477,17.243000,39.899000,253.956000,70.612000,2192.099000,1,7,4120304f0fd3201fe597ea047e702194ca80cec4119d40e02bf87bdc869b9ed6,true,1,true,41.355147,103.065440,207.551467
fixed-window,fixed-w16k-zstd-3,random-1000-00008,random-1000,MHC-GRCh38,MHC,844767,845767,1000,100,1048576,1,0,1,8104,8104,0,0,4269,0,1,1,8104,680,1955,11.917647,4.145269,9.562000,40.065000,125.594000,66.600000,1121.974000,1,10,2f4cccf6900e96c63c33d73e1d1dc9352113232b55055f63b7d58742e9c3f133,true,1,true,20.716107,51.648320,104.161067
fixed-window,fixed-w16k-zstd-3,random-1000-00009,random-1000,MHC-GRCh38,MHC,3227097,3228097,1000,100,1048576,1,0,1,16082,16082,0,0,4269,0,1,1,16082,652,1812,24.665644,8.875276,8.679000,75.101000,289.444000,88.932000,2789.975000,2,4,1e4a019e1726e8ba65e852d04625ac9dc15994657eedbff25580493c66713e8f,true,2,true,20.928853,52.286560,106.288533
fixed-window,fixed-w16k-zstd-3,random-1000-00010,random-1000,MHC-GRCh38,MHC,2263341,2264341,1000,100,1048576,1,0,1,12318,12318,0,0,4269,0,1,1,12318,756,2259,16.293651,5.452855,6.877000,51.386000,464.583000,155.750000,3933.546000,1,14,42081a21e00ed8b30f3963590fb9f6fa845048ae8d09140e66d6a1ea388a893e,true,1,true,20.828480,51.985440,105.284800
fixed-window,fixed-w16k-zstd-3,random-1000-00011,random-1000,MHC-GRCh38,MHC,2372803,2373803,1000,100,1048576,1,0,1,9334,9334,0,0,4269,0,1,1,9334,969,2988,9.632611,3.123829,14.649000,45.332000,308.521000,80.541000,2237.008000,1,15,f6124a9d542a83f41cb0ca4cf2157c76d8ee4a805e2df448d7f9583cf0ace903,true,1,true,20.748907,51.746720,104.489067
fixed-window,fixed-w16k-zstd-3,random-1000-00012,random-1000,MHC-GRCh38,MHC,3184950,3185950,1000,100,1048576,1,0,1,8238,8238,0,0,4269,0,1,1,8238,713,2159,11.553997,3.815655,6.276000,39.153000,161.539000,47.644000,1426.571000,1,7,ae2c19e612e81a1a34a7b2d8e17a0fdfa8fd1b3a559d43fdc510eb262f125e39,true,1,true,20.719680,51.659040,104.196800
fixed-window,fixed-w16k-zstd-3,random-1000-00013,random-1000,MHC-GRCh38,MHC,2471785,2472785,1000,100,1048576,1,0,1,11692,11692,0,0,4269,0,1,1,11692,821,2423,14.241169,4.825423,7.678000,47.251000,423.241000,287.645000,4044.597000,1,16,78359ae698fdb0f3f0217a4c946017c335c5690a0595edb49e77167232e722b7,true,1,true,20.811787,51.935360,105.117867
fixed-window,fixed-w16k-zstd-3,random-1000-00014,random-1000,MHC-GRCh38,MHC,333531,334531,1000,100,1048576,1,0,1,7952,7952,0,0,4269,0,1,0,7952,943,2762,8.432662,2.879073,17.728000,40.660000,161.891000,45.905000,1343.922000,1,5,0363ab622e676d6a8bebb0247e376934c6da8bf3fb4ab519c09d27a8e9869c44,true,1,true,20.712053,51.636160,104.120533
fixed-window,fixed-w16k-zstd-3,random-1000-00015,random-1000,MHC-GRCh38,MHC,1587266,1588266,1000,100,1048576,1,0,1,14476,14476,0,0,4269,0,1,1,14476,879,2784,16.468714,5.199713,4.958000,59.922000,813.284000,213.549000,5825.839000,1,25,a074279b4584b1a09e38170fd91ae5214a908a8452b206c2dfdf7244446b39a2,true,1,true,20.886027,52.158080,105.860267
fixed-window,fixed-w16k-zstd-3,random-1000-00016,random-1000,MHC-GRCh38,MHC,4179654,4180654,1000,100,1048576,2,0,2,44302,44302,0,0,4269,4096,1,0,40206,1512,6962,29.300265,6.363401,21.928000,182.451000,3170.973000,1217.615000,29751.668000,1,118,13cedfee0c486b99f64e1ea06492b81ad7d0bea4a804ce6481c9adfec9b1e7bb,true,1,true,42.181387,105.544160,215.813867
fixed-window,fixed-w16k-zstd-3,random-1000-00017,random-1000,MHC-GRCh38,MHC,703981,704981,1000,100,1048576,1,0,1,16440,16440,0,0,4269,0,1,1,16440,861,2467,19.094077,6.663964,75.007000,78.181000,319.349000,143.793000,3000.706000,2,13,ff7bbf634c71c6f1dd35a8040bef4c4f021bf3d07d17436282ce68d43a7db554,true,2,true,20.938400,52.315200,106.384000
fixed-window,fixed-w16k-zstd-3,random-1000-00018,random-1000,MHC-GRCh38,MHC,3890814,3891814,1000,100,1048576,1,0,1,24538,24538,0,0,4269,0,1,1,24538,1896,9803,12.941983,2.503111,14.938000,111.749000,1890.787000,736.606000,17922.105000,1,179,711e6c17be3b6bd0f4d3649373e43b88471c92aeea294c33d690ed4ec2db8328,true,1,true,21.154347,52.963040,108.543467
fixed-window,fixed-w16k-zstd-3,random-1000-00019,random-1000,MHC-GRCh38,MHC,973637,974637,1000,100,1048576,1,0,1,7018,7018,0,0,4269,0,1,1,7018,1104,3198,6.356884,2.194497,22.483000,37.547000,88.161000,49.374000,825.962000,1,8,c729361adead1455d9c7e7f8df38e26b3f81c2e2c16d71543aa3dab946deef4c,true,1,true,20.687147,51.561440,103.871467
fixed-window,fixed-w16k-zstd-3,random-1000-00020,random-1000,MHC-GRCh38,MHC,1049451,1050451,1000,100,1048576,1,0,1,10615,10615,0,0,4269,0,1,1,10615,892,2542,11.900224,4.175846,5.193000,45.083000,445.072000,97.949000,2838.973000,1,5,978106361b9ce1848ba41b6852d66c128be9639f490c001a2df3714fce3ec657,true,1,true,20.783067,51.849200,104.830667
fixed-window,fixed-w16k-zstd-3,random-1000-00021,random-1000,MHC-GRCh38,MHC,2164019,2165019,1000,100,1048576,1,0,1,9579,9579,0,0,4269,0,1,1,9579,1011,3651,9.474777,2.623665,7.683000,45.604000,298.772000,127.960000,2998.796000,1,48,9d5820195af9df31011983a492f80f8052801fe20211e0742fe90b2c66ff5ac6,true,1,true,20.755440,51.766320,104.554400
fixed-window,fixed-w16k-zstd-3,random-1000-00022,random-1000,MHC-GRCh38,MHC,394097,395097,1000,100,1048576,1,0,1,9088,9088,0,0,4269,0,1,1,9088,1014,2948,8.962525,3.082768,7.849000,44.918000,218.143000,67.927000,1867.060000,1,14,b230b53d8764c7051d4fa7d2eba4a8c8aa170718a9374ddfe08ba15cd0af9850,true,1,true,20.742347,51.727040,104.423467
fixed-window,fixed-w16k-zstd-3,random-1000-00023,random-1000,MHC-GRCh38,MHC,453671,454671,1000,100,1048576,1,0,1,9269,9269,0,0,4269,0,1,1,9269,777,2302,11.929215,4.026499,4.544000,39.695000,230.430000,73.288000,1991.743000,1,10,954fad997258c1d7bcb313252e890385367c01dfeda2c65bddb69060fdf33d30,true,1,true,20.747173,51.741520,104.471733
fixed-window,fixed-w16k-zstd-3,random-1000-00024,random-1000,MHC-GRCh38,MHC,3072536,3073536,1000,100,1048576,1,0,1,8015,8015,0,0,4269,0,1,1,8015,1213,3672,6.607585,2.182734,7.651000,36.508000,125.857000,77.726000,1401.355000,1,12,e7be4c820bdefafd6078c3fe9bd23ef2eb0272186b6010a2f49036aeeee737c6,true,1,true,20.713733,51.641200,104.137333
fixed-window,fixed-w16k-zstd-3,random-1000-00025,random-1000,MHC-GRCh38,MHC,188333,189333,1000,100,1048576,1,0,1,10464,10464,0,0,4269,0,1,1,10464,697,2100,15.012912,4.982857,5.663000,45.422000,303.844000,97.008000,3042.941000,1,11,6e02a0d61b3cc382fad437c58cd512111cc499bd269c8617735f70aa2439bc25,true,1,true,20.779040,51.837120,104.790400
fixed-window,fixed-w16k-zstd-3,random-1000-00026,random-1000,MHC-GRCh38,MHC,4480350,4481350,1000,100,1048576,1,0,1,12339,12339,0,0,4269,0,1,1,12339,942,3228,13.098726,3.822491,7.065000,54.727000,438.080000,168.435000,3961.221000,1,33,2b8e0f970f8bd3adf5d439d7280c9d24ab569968031755caab8c3a21eacb006f,true,1,true,20.829040,51.987120,105.290400
fixed-window,fixed-w16k-zstd-3,random-1000-00027,random-1000,MHC-GRCh38,MHC,4331745,4332745,1000,100,1048576,1,0,1,10751,10751,0,0,4269,0,1,1,10751,948,2740,11.340717,3.923723,8.077000,50.951000,366.772000,124.191000,3701.111000,1,10,f514fbc7ba6c3342342ea4df3bbb1339eb943d4856f213bc19cb31d4eb6460a0,true,1,true,20.786693,51.860080,104.866933
fixed-window,fixed-w16k-zstd-3,random-1000-00028,random-1000,MHC-GRCh38,MHC,3668197,3669197,1000,100,1048576,1,0,1,7773,7773,0,0,4269,0,1,1,7773,890,2534,8.733708,3.067482,8.362000,39.504000,121.056000,66.950000,1192.149000,1,9,ec29ce27666900defd994b68938ec10785bd03e3477e24bd8c7e7999d204070a,true,1,true,20.707280,51.621840,104.072800
fixed-window,fixed-w16k-zstd-3,random-1000-00029,random-1000,MHC-GRCh38,MHC,3371627,3372627,1000,100,1048576,1,0,1,9129,9129,0,0,4269,0,1,1,9129,843,2389,10.829181,3.821264,4.226000,41.198000,230.952000,67.847000,2308.431000,1,6,7310efd5ef673ce85a0292981e2aa2f9d728e575782158a6cce1fcc1e7d00d83,true,1,true,20.743440,51.730320,104.434400
fixed-window,fixed-w16k-zstd-3,random-1000-00030,random-1000,MHC-GRCh38,MHC,863595,864595,1000,100,1048576,1,0,1,10299,10299,0,0,4269,0,1,1,10299,695,2124,14.818705,4.848870,4.620000,43.713000,327.572000,103.108000,2648.531000,1,16,e1f0e5b5e0738444990a30b50309fc1f8440118cba33fc79375d8f10db349cff,true,1,true,20.774640,51.823920,104.746400
fixed-window,fixed-w16k-zstd-3,random-1000-00031,random-1000,MHC-GRCh38,MHC,459612,460612,1000,100,1048576,1,0,1,9600,9600,0,0,4269,0,1,1,9600,970,2762,9.896907,3.475742,6.778000,41.052000,237.179000,92.382000,2521.202000,1,7,473cdbefaaa0497769ca690fad91a750f13d9e251276ee588f4389875971d500,true,1,true,20.756000,51.768000,104.560000
fixed-window,fixed-w16k-zstd-3,random-1000-00032,random-1000,MHC-GRCh38,MHC,2813163,2814163,1000,100,1048576,1,0,1,33881,33881,0,0,4269,0,1,1,33881,1803,9055,18.791459,3.741690,6.770000,163.201000,2608.372000,1014.029000,25631.064000,1,165,28d30e5c08882e22fbf3e8e04ec858f8ad05b9f195bda0bf6462abfe5b17bec9,true,1,true,21.403493,53.710480,111.034933
fixed-window,fixed-w16k-zstd-3,random-1000-00033,random-1000,MHC-GRCh38,MHC,2627316,2628316,1000,100,1048576,1,0,1,16674,16674,0,0,4269,0,1,1,16674,869,2985,19.187572,5.585930,27.312000,69.948000,807.513000,278.998000,8367.204000,1,33,ac7f52a4da7f47105beb7ff3648385f4d83acfac7446ff83443c83f771ca7a42,true,1,true,20.944640,52.333920,106.446400
fixed-window,fixed-w16k-zstd-3,random-1000-00034,random-1000,MHC-GRCh38,MHC,3196323,3197323,1000,100,1048576,1,0,1,8107,8107,0,0,4269,0,1,1,8107,774,2184,10.474160,3.711996,23.019000,41.157000,174.612000,51.750000,1624.832000,1,8,ca3fdd278dbe51cf3b7c498d5f6d5ed86a6825abe46333c0f64e8720ee5a2b97,true,1,true,20.716187,51.648560,104.161867
fixed-window,fixed-w16k-zstd-3,random-1000-00035,random-1000,MHC-GRCh38,MHC,880264,881264,1000,100,1048576,1,0,1,11018,11018,0,0,4269,0,1,1,11018,690,1994,15.968116,5.525577,4.466000,45.556000,381.692000,150.660000,3819.863000,1,10,02a5e630a7ecae5a6fdac57f142972a9954af6c6cbba219d351f861c5f964fe9,true,1,true,20.793813,51.881440,104.938133
fixed-window,fixed-w16k-zstd-3,random-1000-00036,random-1000,MHC-GRCh38,MHC,3737062,3738062,1000,100,1048576,1,0,1,16503,16503,0,0,4269,0,1,1,16503,985,3381,16.754315,4.881100,11.363000,70.348000,987.602000,295.176000,7763.133000,1,37,469a228e6d9bff5fbb0328ce8fb57e3b07b77d96f43a7cbc983aec8a6198818e,true,1,true,20.940080,52.320240,106.400800
fixed-window,fixed-w16k-zstd-3,random-1000-00037,random-1000,MHC-GRCh38,MHC,4383459,4384459,1000,100,1048576,1,0,1,9626,9626,0,0,4269,0,1,1,9626,1106,3238,8.703436,2.972823,17.196000,45.036000,248.798000,89.577000,2506.304000,1,19,411253371be4566e476b48cc4b7f28ad447dc4cf288a707c2fa95cb4566dc793,true,1,true,20.756693,51.770080,104.566933
fixed-window,fixed-w16k-zstd-3,random-1000-00038,random-1000,MHC-GRCh38,MHC,4684396,4685396,1000,100,1048576,1,0,1,8541,8541,0,0,4269,0,1,1,8541,758,2164,11.267810,3.946858,10.998000,38.656000,167.893000,49.135000,1552.754000,1,6,6e8b7d54a874ed28ed66197219d6eb5f31548f3a6239be8f1e45768446caf0e4,true,1,true,20.727760,51.683280,104.277600
fixed-window,fixed-w16k-zstd-3,random-1000-00039,random-1000,MHC-GRCh38,MHC,1840922,1841922,1000,100,1048576,1,0,1,9065,9065,0,0,4269,0,1,1,9065,1071,3077,8.464052,2.946051,4.807000,38.449000,175.803000,54.023000,1490.825000,1,7,9dd2befaee651158ff162690c5b1f3246ca3145d6579891ed8094240565d730b,true,1,true,20.741733,51.725200,104.417333
fixed-window,fixed-w16k-zstd-3,random-1000-00040,random-1000,MHC-GRCh38,MHC,1176039,1177039,1000,100,1048576,1,0,1,15570,15570,0,0,4269,0,1,1,15570,963,3363,16.168224,4.629795,4.411000,62.767000,689.114000,250.629000,6006.084000,1,42,f8b33b78bcf1c5279facdfe4e00f7c52aaa67d61781937fbf9b04c73fa2103d1,true,1,true,20.915200,52.245600,106.152000
fixed-window,fixed-w16k-zstd-3,random-1000-00041,random-1000,MHC-GRCh38,MHC,1205328,1206328,1000,100,1048576,1,0,1,15268,15268,0,0,4269,0,1,1,15268,842,2644,18.133017,5.774584,16.353000,64.756000,872.672000,249.688000,6698.774000,1,22,52591b2a1e8cf8b8b05a327b9689905427511925fc794eb44ae21f5ac7146d52,true,1,true,20.907147,52.221440,106.071467
fixed-window,fixed-w16k-zstd-3,random-1000-00042,random-1000,MHC-GRCh38,MHC,3306190,3307190,1000,100,1048576,1,0,1,8277,8277,0,0,4269,0,1,1,8277,610,1679,13.568852,4.929720,14.890000,41.836000,146.525000,41.691000,1416.444000,1,2,9310d89efc905274a30cf9b1fef4ae49b6ee90246689480d75b025ca803c2c00,true,1,true,20.720720,51.662160,104.207200
fixed-window,fixed-w16k-zstd-3,random-1000-00043,random-1000,MHC-GRCh38,MHC,2602103,2603103,1000,100,1048576,1,0,1,23222,23222,0,0,4269,0,1,1,23222,1091,3976,21.285060,5.840543,4.663000,88.870000,1328.331000,635.021000,13815.029000,1,55,1d83a330ebb3476db118775d7a814be1ea79b3cba075d8b2ed08963f0df68835,true,1,true,21.119253,52.857760,108.192533
fixed-window,fixed-w16k-zstd-3,random-1000-00044,random-1000,MHC-GRCh38,MHC,2395815,2396815,1000,100,1048576,1,0,1,11115,11115,0,0,4269,0,1,1,11115,883,2887,12.587769,3.850017,13.503000,50.618000,384.995000,135.150000,3367.656000,1,26,658b4267df3775de1f06317a4702ed96280eed3eb902dc2c005e1a0a47a1225f,true,1,true,20.796400,51.889200,104.964000
fixed-window,fixed-w16k-zstd-3,random-1000-00045,random-1000,MHC-GRCh38,MHC,770666,771666,1000,100,1048576,1,0,1,8861,8861,0,0,4269,0,1,1,8861,685,1901,12.935766,4.661231,11.402000,37.193000,200.464000,60.327000,1689.120000,1,5,203ec49a4b66b8e8bea76d9be38083e6c5efec993a3cc041356d317a48054a79,true,1,true,20.736293,51.708880,104.362933
fixed-window,fixed-w16k-zstd-3,random-1000-00046,random-1000,MHC-GRCh38,MHC,4731030,4732030,1000,100,1048576,1,0,1,9573,9573,0,0,4269,0,1,1,9573,733,2267,13.060027,4.222761,1.213000,40.433000,253.027000,84.235000,2353.964000,1,10,5046675d6dc78ae7bbce313040be64f4aa3761c37dd9222c395b73c654bc9580,true,1,true,20.755280,51.765840,104.552800
fixed-window,fixed-w16k-zstd-3,random-1000-00047,random-1000,MHC-GRCh38,MHC,4696809,4697809,1000,100,1048576,1,0,1,8736,8736,0,0,4269,0,1,1,8736,786,2267,11.114504,3.853551,5.440000,38.966000,172.908000,53.402000,1570.422000,1,7,c91fc7c569b4313f9104f9105e591d65193a99e68391881d82bd269e4abeafca,true,1,true,20.732960,51.698880,104.329600
fixed-window,fixed-w16k-zstd-3,random-1000-00048,random-1000,MHC-GRCh38,MHC,1378757,1379757,1000,100,1048576,1,0,1,26478,26478,0,0,4269,0,1,1,26478,1125,4488,23.536000,5.899733,4.663000,102.612000,1576.659000,577.218000,13478.727000,1,66,9454b7b7fa9f4cefd2fcb6c2172f0037afe29d479b93847eaa4448b3f435dea2,true,1,true,21.206080,53.118240,109.060800
fixed-window,fixed-w16k-zstd-3,random-1000-00049,random-1000,MHC-GRCh38,MHC,485156,486156,1000,100,1048576,1,0,1,8657,8657,0,0,4269,0,1,1,8657,900,2631,9.618889,3.290384,15.695000,42.752000,192.535000,56.647000,1661.042000,1,7,e9d3f144fb710b4af80a14787e3f7e19fd6f236c29a5bfcdf641e083ee21fec6,true,1,true,20.730853,51.692560,104.308533
fixed-window,fixed-w16k-zstd-3,random-10000-00000,random-10000,MHC-GRCh38,MHC,3144166,3154166,10000,100,1048576,1,0,1,18071,18071,0,0,8365,0,2,2,18071,4743,15597,3.810036,1.158620,6.672000,77.894000,405.544000,198.314000,3927.092000,2,89,39b98f81c1d5508812cb847e9eb58f1e9fe6aa4825df05dcd59e9d777af57f93,true,2,true,20.981893,52.445680,106.818933
fixed-window,fixed-w16k-zstd-3,random-10000-00001,random-10000,MHC-GRCh38,MHC,1999633,2009633,10000,100,1048576,1,0,1,8734,8734,0,0,4269,0,1,1,8734,4568,16007,1.911996,0.545636,17.395000,39.360000,336.413000,145.132000,2208.015000,1,97,cc684d8ba2d026ad7701177669cf186b67cd4fc92e0621bd93e4eb97431ab246,true,1,true,20.732907,51.698720,104.329067
fixed-window,fixed-w16k-zstd-3,random-10000-00002,random-10000,MHC-GRCh38,MHC,3794961,3804961,10000,100,1048576,1,0,1,27903,27903,0,0,4269,0,1,1,27903,6020,22077,4.635050,1.263895,7.934000,129.288000,1312.465000,623.989000,11622.242000,2,248,190f92872e9974690d868a0e84431a5f616fe7a7f37bf2536c87916dad846075,true,2,true,21.244080,53.232240,109.440800
fixed-window,fixed-w16k-zstd-3,random-10000-00003,random-10000,MHC-GRCh38,MHC,2063456,2073456,10000,100,1048576,1,0,1,15230,15230,0,0,4269,0,1,1,15230,4225,13449,3.604734,1.132426,29.313000,70.243000,243.943000,149.695000,2349.709000,2,47,10e1e139258090034fa50195ad815299965b8ff66179d168fd5246669fdd25a6,true,2,true,20.906133,52.218400,106.061333
fixed-window,fixed-w16k-zstd-3,random-10000-00004,random-10000,MHC-GRCh38,MHC,3422261,3432261,10000,100,1048576,1,0,1,13825,13825,0,0,4269,0,1,1,13825,3868,12642,3.574199,1.093577,8.735000,64.985000,148.542000,86.631000,1456.684000,2,35,7377bc77555ecbeffa3faaf81f94463b392365fa6d525c02279e0ec018cc29f2,true,2,true,20.868667,52.106000,105.686667
fixed-window,fixed-w16k-zstd-3,random-10000-00005,random-10000,MHC-GRCh38,MHC,375092,385092,10000,100,1048576,1,0,1,21045,21045,0,0,4269,0,1,1,21045,4569,15464,4.606041,1.360903,7.064000,89.104000,620.193000,267.237000,5626.129000,2,100,b0febf5cd626e88eacb32283496b4278437c877b9c12f4197b83f726eecd16b2,true,2,true,21.061200,52.683600,107.612000
fixed-window,fixed-w16k-zstd-3,random-10000-00006,random-10000,MHC-GRCh38,MHC,4078995,4088995,10000,100,1048576,1,0,1,199777,199777,0,0,4269,0,1,1,199777,18104,109606,11.034965,1.822683,15.805000,841.492000,16170.913000,8224.746000,140565.937000,2,2121,33fae7e58ae56ce68aba4d675a33f811e5b55af9cecc59652cace3da4c7da02a,true,2,true,25.827387,66.982160,155.273867
fixed-window,fixed-w16k-zstd-3,random-10000-00007,random-10000,MHC-GRCh38,MHC,2692223,2702223,10000,100,1048576,1,0,1,25907,25907,0,0,4269,0,1,1,25907,8684,40225,2.983303,0.644052,66.782000,102.471000,1525.723000,1146.624000,15838.518000,1,634,2184e6f23cd49b12f8e58d537c41ab70d502945455ed9e2edbc5fb453b400429,true,1,true,21.190853,53.072560,108.908533
fixed-window,fixed-w16k-zstd-3,random-10000-00008,random-10000,MHC-GRCh38,MHC,1602057,1612057,10000,100,1048576,1,0,1,22122,22122,0,0,4269,0,1,1,22122,4963,17746,4.457385,1.246591,43.522000,97.247000,730.841000,345.901000,6486.164000,2,141,8c8382ba14db8ccb2eca890c77d2bc76bed4f97d10c79ad8ef2e17e71fa89ad2,true,2,true,21.089920,52.769760,107.899200
fixed-window,fixed-w16k-zstd-3,random-10000-00009,random-10000,MHC-GRCh38,MHC,802401,812401,10000,100,1048576,1,0,1,18378,18378,0,0,4269,0,1,1,18378,4237,13507,4.337503,1.360628,11.434000,85.462000,464.534000,215.680000,4436.062000,2,57,e1afbedaefe7cd8796ed5c1395457d118ecec4ebb64d5699d40faa21ffa625c3,true,2,true,20.990080,52.470240,106.900800
fixed-window,fixed-w16k-zstd-3,random-10000-00010,random-10000,MHC-GRCh38,MHC,4572584,4582584,10000,100,1048576,1,0,1,22595,22595,0,0,4269,0,1,1,22595,9513,46922,2.375171,0.481544,19.216000,90.972000,1618.961000,1340.870000,14477.637000,1,783,b9dbb3e60b8227b0fced33e36e221fc313a72535009acbe00cafeb1e13269519,true,1,true,21.102533,52.807600,108.025333
fixed-window,fixed-w16k-zstd-3,random-10000-00011,random-10000,MHC-GRCh38,MHC,1340999,1350999,10000,100,1048576,1,0,1,51500,51500,0,0,4269,0,1,1,51500,8891,42333,5.792374,1.216545,40.453000,206.156000,3151.533000,1662.263000,29018.829000,2,675,0380e4c3d31e0843be239b39884bb94ed504a52351b9b739d8ae7eb58e2cd10c,true,2,true,21.873333,55.120000,115.733333
fixed-window,fixed-w16k-zstd-3,random-10000-00012,random-10000,MHC-GRCh38,MHC,2666687,2676687,10000,100,1048576,1,0,1,40060,40060,0,0,4269,0,1,1,40060,7380,29951,5.428184,1.337518,69.378000,166.188000,2174.787000,1057.651000,19879.422000,2,414,14836fe4e7a9d2bb9552d874a3903f0be6ead340db1fa6966b3b3a817dbe4f0c,true,2,true,21.568267,54.204800,112.682667
fixed-window,fixed-w16k-zstd-3,random-10000-00013,random-10000,MHC-GRCh38,MHC,640027,650027,10000,100,1048576,1,0,1,9204,9204,0,0,4269,0,1,1,9204,4598,15284,2.001740,0.602198,37.451000,44.452000,242.716000,153.691000,2402.901000,1,89,4e7efa88c63198f9275ded82d6b16c0b17a275ba5bd66b71b23f28ca372a35c9,true,1,true,20.745440,51.736320,104.454400
fixed-window,fixed-w16k-zstd-3,random-10000-00014,random-10000,MHC-GRCh38,MHC,392291,402291,10000,100,1048576,1,0,1,18972,18972,0,0,4269,0,1,1,18972,4679,14695,4.054713,1.291051,13.982000,83.240000,472.386000,192.012000,4161.371000,2,66,680451a90ee7e61605d89eb0343574aeed831204958be96132d701d50c497a4e,true,2,true,21.005920,52.517760,107.059200
fixed-window,fixed-w16k-zstd-3,random-10000-00015,random-10000,MHC-GRCh38,MHC,3877805,3887805,10000,100,1048576,1,0,1,46721,46721,0,0,4269,0,1,1,46721,9791,47287,4.771831,0.988031,13.043000,200.072000,3008.389000,1774.704000,28907.485000,2,763,4aadba18576871bc75bed9737449a77bd5e97a10e8eb617ce072a211691ac986,true,2,true,21.745893,54.737680,114.458933
fixed-window,fixed-w16k-zstd-3,random-10000-00016,random-10000,MHC-GRCh38,MHC,2635713,2645713,10000,100,1048576,1,0,1,31141,31141,0,0,4269,0,1,1,31141,6057,24684,5.141324,1.261586,51.162000,136.850000,1459.602000,806.598000,14268.613000,2,290,8328fb3d0dd728da513bb7f9c844d1843cbbd91ffefcf5bf204984e450d740fc,true,2,true,21.330427,53.491280,110.304267
fixed-window,fixed-w16k-zstd-3,random-10000-00017,random-10000,MHC-GRCh38,MHC,838673,848673,10000,100,1048576,1,0,1,8104,8104,0,0,4269,0,1,1,8104,4112,12778,1.970817,0.634215,38.381000,40.482000,122.499000,72.454000,1293.235000,1,45,00ae6fcca2ad3bda4a47ebd2bc82e1665cc3138cf57f62fae1693748a49364e1,true,1,true,20.716107,51.648320,104.161067
fixed-window,fixed-w16k-zstd-3,random-10000-00018,random-10000,MHC-GRCh38,MHC,1050278,1060278,10000,100,1048576,1,0,1,10615,10615,0,0,4269,0,1,1,10615,4865,17640,2.181912,0.601757,8.861000,44.023000,296.017000,220.025000,2597.644000,1,151,6672b5fd0e28d817406ecdb9d2b4200fb3a47f0f89383a153cf8fa5202e19483,true,1,true,20.783067,51.849200,104.830667
fixed-window,fixed-w16k-zstd-3,random-10000-00019,random-10000,MHC-GRCh38,MHC,1468704,1478704,10000,100,1048576,1,0,1,37438,37438,0,0,4269,0,1,1,37438,6027,22607,6.211714,1.656036,6.880000,169.767000,2064.176000,918.333000,17778.562000,2,255,3058de0f9d38bee4a6976a9df90cc9f93946ab681909cdb910ec0ae0260b4e30,true,2,true,21.498347,53.995040,111.983467
fixed-window,fixed-w16k-zstd-3,random-10000-00020,random-10000,MHC-GRCh38,MHC,4375098,4385098,10000,100,1048576,1,0,1,9626,9626,0,0,4269,0,1,1,9626,4655,15432,2.067884,0.623769,30.466000,46.479000,253.163000,155.001000,2394.064000,1,99,f429a8329f55fe2b029240657baac19dad69e5cdb2cac19619586bcc507b583a,true,1,true,20.756693,51.770080,104.566933
fixed-window,fixed-w16k-zstd-3,random-10000-00021,random-10000,MHC-GRCh38,MHC,4581909,4591909,10000,100,1048576,1,0,1,34476,34476,0,0,4269,0,1,1,34476,5723,22660,6.024113,1.521447,10.283000,219.450000,2057.627000,922.556000,16941.469000,2,260,97e7f84529894fdcbf94838f0b8620d31a53aac88ac0d27b1c0f5f0203c8a0fc,true,2,true,21.419360,53.758080,111.193600
fixed-window,fixed-w16k-zstd-3,random-10000-00022,random-10000,MHC-GRCh38,MHC,169169,179169,10000,100,1048576,1,0,1,9205,9205,0,0,4269,0,1,1,9205,4493,14648,2.048742,0.628413,22.186000,44.748000,221.148000,138.289000,2097.764000,1,84,1257627d647fa03eae664ac3c5fa9d51778dde06be8603f398b78de96aeef391,true,1,true,20.745467,51.736400,104.454667
fixed-window,fixed-w16k-zstd-3,random-10000-00023,random-10000,MHC-GRCh38,MHC,264332,274332,10000,100,1048576,1,0,1,11825,11825,0,0,4269,0,1,1,11825,5211,19243,2.269238,0.614509,10.794000,49.208000,403.344000,324.222000,4065.704000,1,177,716fed6ee2ebfb3e2097a94ac458995e505d36e6ffb306f767703f8cbee56df2,true,1,true,20.815333,51.946000,105.153333
fixed-window,fixed-w16k-zstd-3,random-10000-00024,random-10000,MHC-GRCh38,MHC,4139768,4149768,10000,100,1048576,1,0,1,156097,156097,0,0,4269,0,1,1,156097,14006,78630,11.145009,1.985209,14.984000,799.072000,12882.876000,6756.471000,122655.462000,2,1452,83985389cae80281e0b8edade8ee84dd61ac8d89f1c7c4371a3cf13721809093,true,2,true,24.662587,63.487760,143.625867
fixed-window,fixed-w16k-zstd-3,random-10000-00025,random-10000,MHC-GRCh38,MHC,1086948,1096948,10000,100,1048576,1,0,1,9131,9131,0,0,4269,0,1,1,9131,4453,14622,2.050528,0.624470,70.442000,43.015000,246.048000,155.368000,2302.082000,1,91,cc1fd8afe6968eff93b9129098df2e482d99cb5be46c4122e69770d719c49ff2,true,1,true,20.743493,51.730480,104.434933
fixed-window,fixed-w16k-zstd-3,random-10000-00026,random-10000,MHC-GRCh38,MHC,796975,806975,10000,100,1048576,1,0,1,18378,18378,0,0,4269,0,1,1,18378,4586,14796,4.007414,1.242092,15.527000,85.516000,482.859000,246.015000,4516.365000,2,76,946f59f31bc4e22dfdff7962879901c512a8b42499b5cc583d69cbc544c24a35,true,2,true,20.990080,52.470240,106.900800
fixed-window,fixed-w16k-zstd-3,random-10000-00027,random-10000,MHC-GRCh38,MHC,208422,218422,10000,100,1048576,1,0,1,30170,30170,0,0,4269,0,1,1,30170,5034,18474,5.993246,1.633106,18.615000,128.424000,1218.031000,524.288000,11748.736000,2,168,16668a580712ce10bb578b1a91d9257ecc8b67b485fbf28a6a4772a24ab72d5b,true,2,true,21.304533,53.413600,110.045333
fixed-window,fixed-w16k-zstd-3,random-10000-00028,random-10000,MHC-GRCh38,MHC,4825593,4835593,10000,100,1048576,1,0,1,17050,17050,0,0,4269,0,1,1,17050,4206,14796,4.053733,1.152338,2.845000,80.625000,399.801000,179.414000,3775.610000,2,75,56fed22ef21db9434fbec4a4dfae64a077e0bfa7577d4c53743ac63b1f05bd7a,true,2,true,20.954667,52.364000,106.546667
fixed-window,fixed-w16k-zstd-3,random-10000-00029,random-10000,MHC-GRCh38,MHC,1869556,1879556,10000,100,1048576,1,0,1,15459,15459,0,0,4269,0,1,1,15459,5856,23478,2.639857,0.658446,11.337000,61.669000,747.530000,507.474000,7732.399000,1,276,bbfee9b5540c0eab2acd7e9e378b90aa567df20b5b9683004d28aa4726eab6b7,true,1,true,20.912240,52.236720,106.122400
fixed-window,fixed-w16k-zstd-3,random-10000-00030,random-10000,MHC-GRCh38,MHC,3525406,3535406,10000,100,1048576,1,0,1,9637,9637,0,0,4269,0,1,1,9637,4738,16756,2.033981,0.575137,20.595000,44.841000,272.194000,201.599000,2485.903000,1,136,d7adce2abaa06de0650af25dce9b597f12df5a551a7231d7a540588b965e0d3d,true,1,true,20.756987,51.770960,104.569867
fixed-window,fixed-w16k-zstd-3,random-10000-00031,random-10000,MHC-GRCh38,MHC,817285,827285,10000,100,1048576,1,0,1,16397,16397,0,0,4269,0,1,1,16397,4209,13112,3.895700,1.250534,9.344000,77.709000,283.194000,134.553000,3376.853000,2,50,f332e3929382b6a12083e27b77f2ce9501af9861a52e63a7e5bbd39b4c2fb0b8,true,2,true,20.937253,52.311760,106.372533
fixed-window,fixed-w16k-zstd-3,random-10000-00032,random-10000,MHC-GRCh38,MHC,2155060,2165060,10000,100,1048576,1,0,1,17282,17282,0,0,4269,0,1,1,17282,4772,16071,3.621542,1.075353,12.091000,81.640000,536.270000,223.517000,4166.029000,2,110,40191e5439b0beeb05fd104dc56724a74ff7341fa7f2aa7ae46c3bb0b183cf3a,true,2,true,20.960853,52.382560,106.608533
fixed-window,fixed-w16k-zstd-3,random-10000-00033,random-10000,MHC-GRCh38,MHC,4536834,4546834,10000,100,1048576,1,0,1,31511,31511,0,0,4269,0,1,1,31511,6566,27144,4.799117,1.160883,12.390000,127.512000,1861.492000,943.664000,17670.729000,2,353,10987fa5f40a447a042da9c88e51cd790c6ed0fab0f4b27ebab560a59f9a211c,true,2,true,21.340293,53.520880,110.402933
fixed-window,fixed-w16k-zstd-3,random-10000-00034,random-10000,MHC-GRCh38,MHC,3721781,3731781,10000,100,1048576,1,0,1,17460,17460,0,0,4269,0,1,1,17460,6170,25262,2.829822,0.691157,43.594000,73.438000,841.521000,672.801000,8268.431000,1,306,28e8e43149e4bde7587db8e7807c8ba5cebd142be4492a7bb167096d3224f900,true,1,true,20.965600,52.396800,106.656000
fixed-window,fixed-w16k-zstd-3,random-10000-00035,random-10000,MHC-GRCh38,MHC,2921773,2931773,10000,100,1048576,1,0,1,69239,69239,0,0,4269,0,1,1,69239,7049,30069,9.822528,2.302671,26.427000,291.521000,4305.664000,1997.525000,44062.250000,1,416,116c4d85770731c008a3afd4d75050abb1f6a004a3f11d79ceaacdc5d0befdfe,true,1,true,22.346373,56.539120,120.463733
fixed-window,fixed-w16k-zstd-3,random-10000-00036,random-10000,MHC-GRCh38,MHC,2022342,2032342,10000,100,1048576,1,0,1,15496,15496,0,0,4269,0,1,1,15496,4172,13869,3.714286,1.117312,47.452000,88.150000,322.558000,179.690000,3246.612000,2,56,ded354f69244e941bb50934784978d7b387d48ef4762cce45fed54d708dfe63b,true,2,true,20.913227,52.239680,106.132267
fixed-window,fixed-w16k-zstd-3,random-10000-00037,random-10000,MHC-GRCh38,MHC,2903351,2913351,10000,100,1048576,1,0,1,20860,20860,0,0,4269,0,1,1,20860,7259,32210,2.873674,0.647625,8.712000,79.730000,1290.464000,947.613000,12173.685000,1,463,6820c8ba0f9a26a043d85f1d9ee9a9bb0e25109fa137f896194c075e6e9b2979,true,1,true,21.056267,52.668800,107.562667
fixed-window,fixed-w16k-zstd-3,random-10000-00038,random-10000,MHC-GRCh38,MHC,1743550,1753550,10000,100,1048576,1,0,1,21660,21660,0,0,4269,0,1,1,21660,5259,19094,4.118654,1.134388,36.315000,97.485000,734.417000,488.824000,6310.973000,2,177,4245dd58d7d1c2206c4f3cc75f00b7ab72ecf1031d74905d2588d8546365ff20,true,2,true,21.077600,52.732800,107.776000
fixed-window,fixed-w16k-zstd-3,random-10000-00039,random-10000,MHC-GRCh38,MHC,2503657,2513657,10000,100,1048576,1,0,1,36993,36993,0,0,4269,0,1,1,36993,7844,37089,4.716089,0.997412,21.579000,186.895000,2014.174000,1155.202000,18898.760000,2,567,2213a8016cc6c057f5a1e38d7e6a104b477bc7e9e4a499bc5fd769cb092f84c9,true,2,true,21.486480,53.959440,111.864800
fixed-window,fixed-w16k-zstd-3,random-10000-00040,random-10000,MHC-GRCh38,MHC,2932138,2942138,10000,100,1048576,1,0,1,89591,89591,0,0,4269,0,1,1,89591,6763,27507,13.247228,3.257025,86.655000,541.170000,5969.617000,2975.264000,54329.391000,2,361,d2757b7e004ae0acae9159fc54a0c22eb0d6f726022d05fa4457e560705ab86b,true,2,true,22.889093,58.167280,125.890933
fixed-window,fixed-w16k-zstd-3,random-10000-00041,random-10000,MHC-GRCh38,MHC,783360,793360,10000,100,1048576,1,0,1,19328,19328,0,0,4269,0,1,1,19328,5096,17461,3.792779,1.106924,60.203000,86.580000,538.142000,284.678000,4927.404000,2,134,5e65270c1b5bf78832fe2277e39e6c5b8df0f0f68036e9e92519a632abed0542,true,2,true,21.015413,52.546240,107.154133
fixed-window,fixed-w16k-zstd-3,random-10000-00042,random-10000,MHC-GRCh38,MHC,2455602,2465602,10000,100,1048576,1,0,1,20997,20997,0,0,4269,0,1,1,20997,5310,19567,3.954237,1.073082,30.688000,100.301000,785.277000,391.306000,7623.862000,2,187,1ac863683737b5e40be7d7d111d3e2cd76b0b93a32c10fe547dd201884f5b77f,true,2,true,21.059920,52.679760,107.599200
fixed-window,fixed-w16k-zstd-3,random-10000-00043,random-10000,MHC-GRCh38,MHC,1809625,1819625,10000,100,1048576,1,0,1,17468,17468,0,0,4269,0,1,1,17468,4966,16014,3.517519,1.090796,26.699000,99.126000,425.034000,227.835000,3808.637000,2,95,a8cf05ab9f5d4e969c8720ac40234f9551c77b9393c4074a50d4cdefd6074e7e,true,2,true,20.965813,52.397440,106.658133
fixed-window,fixed-w16k-zstd-3,random-10000-00044,random-10000,MHC-GRCh38,MHC,137158,147158,10000,100,1048576,1,0,1,9236,9236,0,0,4269,0,1,1,9236,4506,14355,2.049711,0.643400,13.446000,40.659000,333.075000,109.068000,2273.941000,1,59,f394da5a2f7f333a8019b7ed1bffad5cd57a7c0892701d2ecfcca3fe4f0e5889,true,1,true,20.746293,51.738880,104.462933
fixed-window,fixed-w16k-zstd-3,random-10000-00045,random-10000,MHC-GRCh38,MHC,4721118,4731118,10000,100,1048576,1,0,1,9573,9573,0,0,4269,0,1,1,9573,4261,14204,2.246656,0.673965,1.351000,45.544000,256.692000,138.634000,2419.224000,1,74,45795d31562a51461f0c3adbf94e1928264e9f923302d28d748dd2445a3364d8,true,1,true,20.755280,51.765840,104.552800
fixed-window,fixed-w16k-zstd-3,random-10000-00046,random-10000,MHC-GRCh38,MHC,2609994,2619994,10000,100,1048576,1,0,1,19793,19793,0,0,4269,0,1,1,19793,6996,30198,2.829188,0.655441,5.670000,74.540000,1039.923000,745.282000,9864.458000,1,422,1fa4c86045416288989ea3558c79f0d759fcf2010265116ab4e22bd61f073571,true,1,true,21.027813,52.583440,107.278133
fixed-window,fixed-w16k-zstd-3,random-10000-00047,random-10000,MHC-GRCh38,MHC,3860427,3870427,10000,100,1048576,1,0,1,40114,40114,0,0,4269,0,1,1,40114,6078,24758,6.599868,1.620244,27.927000,166.011000,2204.030000,947.057000,20495.050000,2,307,a2a3530e05954057c972097786eb0caa754d4b65b264d138e14818b7fd2d2d2b,true,2,true,21.569707,54.209120,112.697067
fixed-window,fixed-w16k-zstd-3,random-10000-00048,random-10000,MHC-GRCh38,MHC,4554094,4564094,10000,100,1048576,1,0,1,44493,44493,0,0,4269,0,1,1,44493,10239,51765,4.345444,0.859519,49.217000,183.958000,3109.856000,2058.334000,29761.561000,2,885,23cf9f7eadaf9d1b78d8f3b3206a6006cd1336963f033245de30987b80aaaf38,true,2,true,21.686480,54.559440,113.864800
fixed-window,fixed-w16k-zstd-3,random-10000-00049,random-10000,MHC-GRCh38,MHC,2352190,2362190,10000,100,1048576,1,0,1,19272,19272,0,0,4269,0,1,1,19272,4749,16177,4.058117,1.191321,52.070000,93.359000,540.564000,255.826000,5844.917000,2,111,800091a8217f514a4ab9edd8bf729b616292a002018ce539ddc1052135ade198,true,2,true,21.013920,52.541760,107.139200
fixed-window,fixed-w16k-zstd-3,random-100000-00000,random-100000,MHC-GRCh38,MHC,4209044,4309044,100000,100,1048576,1,0,1,168890,168890,0,0,4269,0,1,1,168890,65549,336308,2.576546,0.502188,22.282000,803.560000,11307.510000,10717.735000,112816.426000,8,5035,32e8083b6abd3be64c447c24584d42938879238fa3d81db158eb23a15db404f2,true,8,true,25.003733,64.511200,147.037333
fixed-window,fixed-w16k-zstd-3,random-100000-00001,random-100000,MHC-GRCh38,MHC,1722746,1822746,100000,100,1048576,1,0,1,68083,68083,0,0,4269,0,1,1,68083,41890,153777,1.625280,0.442739,59.040000,325.061000,2168.200000,2263.258000,20713.435000,7,1126,45012cba45ad5936e9f619869db1564593fd295f60d5f6b4423c602499cd7d4c,true,7,true,22.315547,56.446640,120.155467
fixed-window,fixed-w16k-zstd-3,random-100000-00002,random-100000,MHC-GRCh38,MHC,3224923,3324923,100000,100,1048576,1,0,1,56292,56292,0,0,4269,0,1,1,56292,35805,128622,1.572183,0.437655,84.122000,293.290000,1165.166000,888.199000,12141.990000,7,574,650e851ca4deb971c052fe1cbe4dec8752531ac0b5bffa3e125ff3dee5b64889,true,7,true,22.001120,55.503360,117.011200
fixed-window,fixed-w16k-zstd-3,random-100000-00003,random-100000,MHC-GRCh38,MHC,685079,785079,100000,100,1048576,1,0,1,59295,59295,0,0,4269,0,1,1,59295,37583,129398,1.577708,0.458237,44.842000,268.870000,1444.313000,1006.612000,12620.505000,7,619,84c08e62d3f3f30d863d5a72aa03c9a5c55cb3c77246886de0ff99a3a8df0489,true,7,true,22.081200,55.743600,117.812000
fixed-window,fixed-w16k-zstd-3,random-100000-00004,random-100000,MHC-GRCh38,MHC,2437611,2537611,100000,100,1048576,1,0,1,95230,95230,0,0,4269,0,1,1,95230,50339,217274,1.891774,0.438295,81.233000,427.948000,4380.202000,4580.944000,45820.639000,7,2438,c30441669e36e5b931803112b45206c2cb5ec85cea8ddd4e4883b0227dbda95b,true,7,true,23.039467,58.618400,127.394667
fixed-window,fixed-w16k-zstd-3,random-100000-00005,random-100000,MHC-GRCh38,MHC,59077,159077,100000,100,1048576,1,0,1,59413,59413,0,0,4269,0,1,1,59413,39584,133167,1.500935,0.446154,57.201000,318.383000,1465.352000,1241.086000,14224.791000,7,666,59ba1c17c2eb410b568d830db351a260e2ff752b426433d90ffc1737d8d770b0,true,7,true,22.084347,55.753040,117.843467
fixed-window,fixed-w16k-zstd-3,random-100000-00006,random-100000,MHC-GRCh38,MHC,4590285,4690285,100000,100,1048576,1,0,1,97915,97915,0,0,4269,0,1,1,97915,52875,223553,1.851820,0.437995,33.768000,424.958000,5140.547000,5721.198000,48982.276000,7,2617,a64377cb5e8d05256abb39b5b0c499a163809a709f3c41af5e770ba7f2927537,true,7,true,23.111067,58.833200,128.110667
fixed-window,fixed-w16k-zstd-3,random-100000-00007,random-100000,MHC-GRCh38,MHC,4485571,4585571,100000,100,1048576,1,0,1,110089,110089,0,0,4269,0,1,1,110089,56571,270370,1.946032,0.407179,42.956000,532.002000,7271.641000,6951.164000,65276.418000,7,3587,62ab48c6ec685ad313f6f68d4baeecde58417e601bb21c67ddd98715c6a00523,true,7,true,23.435707,59.807120,131.357067
fixed-window,fixed-w16k-zstd-3,random-100000-00008,random-100000,MHC-GRCh38,MHC,3570722,3670722,100000,100,1048576,1,0,1,65397,65397,0,0,8365,0,2,2,65397,36956,127803,1.769591,0.511702,88.085000,325.112000,1411.097000,950.564000,13527.291000,8,556,19a7c76674610d2342c9fbea62a10888959bd988453261d682ff12781765db7f,true,8,true,22.243920,56.231760,119.439200
fixed-window,fixed-w16k-zstd-3,random-100000-00009,random-100000,MHC-GRCh38,MHC,4287809,4387809,100000,100,1048576,1,0,1,95000,95000,0,0,4269,0,1,1,95000,47841,194241,1.985744,0.489083,21.697000,494.423000,4564.901000,3853.367000,41931.076000,7,1990,e91c65af67f8f894b81a4673e1737501a8afddef2ca98f315b4e21b673474899,true,7,true,23.033333,58.600000,127.333333
fixed-window,fixed-w16k-zstd-3,random-100000-00010,random-100000,MHC-GRCh38,MHC,4025165,4125165,100000,100,1048576,1,0,1,600114,600114,0,0,4269,0,1,1,600114,195330,1335954,3.072308,0.449203,15.755000,2704.262000,52969.068000,72635.381000,507685.905000,7,26102,60c3e5d638a71bece86def27f59a9a6e97e4a340ab34a627a420102128dc7751,true,7,true,36.503040,99.009120,262.030400
fixed-window,fixed-w16k-zstd-3,random-100000-00011,random-100000,MHC-GRCh38,MHC,1237510,1337510,100000,100,1048576,1,0,1,129400,129400,0,0,4269,0,1,1,129400,56167,273054,2.303844,0.473899,104.872000,634.202000,7225.258000,7664.667000,73574.924000,7,3680,b5901726f77ee00314f015b59d51c14df7d08ac58444abc0c107aaa1fad54194,true,7,true,23.950667,61.352000,136.506667
fixed-window,fixed-w16k-zstd-3,random-100000-00012,random-100000,MHC-GRCh38,MHC,282699,382699,100000,100,1048576,1,0,1,72093,72093,0,0,4269,0,1,1,72093,39955,154486,1.804355,0.466664,99.417000,376.371000,2209.065000,2100.825000,21151.150000,7,1125,54d663c12cc9be7f5115a95bbb1f5585d772564d5c50833e8e3e231d8ac57d04,true,7,true,22.422480,56.767440,121.224800
fixed-window,fixed-w16k-zstd-3,random-100000-00013,random-100000,MHC-GRCh38,MHC,2461234,2561234,100000,100,1048576,1,0,1,110886,110886,0,0,4269,0,1,1,110886,54888,245800,2.020223,0.451123,67.832000,506.989000,5654.233000,6000.832000,57530.648000,7,3052,2bb8cc4a820ed95bff9ee3b3c46eb345ab1f54ddfb2c3a1e4352f0d092909be6,true,7,true,23.456960,59.870880,131.569600
fixed-window,fixed-w16k-zstd-3,random-100000-00014,random-100000,MHC-GRCh38,MHC,39688,139688,100000,100,1048576,1,0,1,59140,59140,0,0,4269,0,1,1,59140,39348,132047,1.502999,0.447871,70.025000,268.040000,1205.092000,994.988000,12701.567000,7,646,49e9f4bf234851cead81bf6a2e1d729c848b791a51ba72c1987113f60a240b6a,true,7,true,22.077067,55.731200,117.770667
fixed-window,fixed-w16k-zstd-3,random-100000-00015,random-100000,MHC-GRCh38,MHC,2966751,3066751,100000,100,1048576,1,0,1,87756,87756,0,0,4269,0,1,1,87756,48092,201421,1.824753,0.435684,49.043000,412.564000,4382.869000,3583.248000,36866.752000,7,2141,442bb6b3657e1304642ee8c0bcbd72d2f571e2e86754bfe071952ddddff873a1,true,7,true,22.840160,58.020480,125.401600
fixed-window,fixed-w16k-zstd-3,random-100000-00016,random-100000,MHC-GRCh38,MHC,1970326,2070326,100000,100,1048576,1,0,1,57947,57947,0,0,4269,0,1,1,57947,37997,132429,1.525041,0.437570,15.765000,285.909000,1365.153000,1355.572000,13043.938000,7,670,4cff76d0bc8547d0bb83fbfddae6d561248770f8eb6d289574e84183ab26b92c,true,7,true,22.045253,55.635760,117.452533
fixed-window,fixed-w16k-zstd-3,random-100000-00017,random-100000,MHC-GRCh38,MHC,4296183,4396183,100000,100,1048576,1,0,1,84179,84179,0,0,4269,0,1,1,84179,46041,183355,1.828349,0.459104,32.102000,479.622000,3400.838000,3122.624000,31835.739000,7,1760,b1cfc8cace350414b28c0a4117c8afa27ff174db67eac05a7f047798af51a501,true,7,true,22.744773,57.734320,124.447733
fixed-window,fixed-w16k-zstd-3,random-100000-00018,random-100000,MHC-GRCh38,MHC,3769659,3869659,100000,100,1048576,1,0,1,110860,110860,0,0,4269,0,1,1,110860,52205,225406,2.123551,0.491824,18.851000,597.618000,5465.273000,5629.465000,53557.885000,7,2651,607bfe669aea0f45aa46f0730afa870a0e69c165fe376da184fb2b772d3d903f,true,7,true,23.456267,59.868800,131.562667
fixed-window,fixed-w16k-zstd-3,random-100000-00019,random-100000,MHC-GRCh38,MHC,1836841,1936841,100000,100,1048576,1,0,1,78204,78204,0,0,4269,0,1,1,78204,44076,170246,1.774299,0.459359,56.127000,429.378000,2774.303000,2326.094000,26850.149000,7,1484,191113f90170e5126479711af08690601fe73171464bc55d00b41c9a484dbce4,true,7,true,22.585440,57.256320,122.854400
fixed-window,fixed-w16k-zstd-3,random-100000-00020,random-100000,MHC-GRCh38,MHC,3910205,4010205,100000,100,1048576,1,0,1,239563,239563,0,0,4269,0,1,1,239563,93677,549369,2.557330,0.436069,43.061000,1124.954000,16896.566000,20255.915000,169719.375000,7,9437,c2e42215450f8c2661b6b451ce0936abf551ae7bff855ff84da5bc8a7968c84b,true,7,true,26.888347,70.165040,165.883467
fixed-window,fixed-w16k-zstd-3,random-100000-00021,random-100000,MHC-GRCh38,MHC,647943,747943,100000,100,1048576,1,0,1,62687,62687,0,0,4269,0,1,1,62687,39520,139207,1.586210,0.450315,67.309000,283.618000,1485.893000,1351.143000,13838.599000,7,813,9e8cef8b753db677c29fef3d40400b533e52821777595a9a27e595ddf2ec1410,true,7,true,22.171653,56.014960,118.716533
fixed-window,fixed-w16k-zstd-3,random-100000-00022,random-100000,MHC-GRCh38,MHC,2004256,2104256,100000,100,1048576,1,0,1,54766,54766,0,0,8365,0,2,2,54766,36386,127123,1.505139,0.430811,64.252000,269.182000,985.551000,904.132000,10004.306000,7,543,4ee366a8da2710ed0df259697678c9601ea059d22cc1970349d48b067d071050,true,7,true,21.960427,55.381280,116.604267
fixed-window,fixed-w16k-zstd-3,random-100000-00023,random-100000,MHC-GRCh38,MHC,948617,1048617,100000,100,1048576,1,0,1,68668,68668,0,0,8365,0,2,2,68668,39993,131493,1.717000,0.522218,41.008000,303.596000,1533.659000,1066.675000,13697.392000,8,662,7bc1c13ea33f55081af4faee96164e11cf58980e23d0069f1e9c2ef5f79923b0,true,8,true,22.331147,56.493440,120.311467
fixed-window,fixed-w16k-zstd-3,random-100000-00024,random-100000,MHC-GRCh38,MHC,172774,272774,100000,100,1048576,1,0,1,84541,84541,0,0,4269,0,1,1,84541,45425,181900,1.861112,0.464766,17.934000,366.427000,2892.204000,2696.698000,28314.057000,7,1689,703f31b2efa3cdf99ce82955f7c26f58193bb7fdca05725347534130514df260,true,7,true,22.754427,57.763280,124.544267
fixed-window,fixed-w16k-zstd-3,random-100000-00025,random-100000,MHC-GRCh38,MHC,2486989,2586989,100000,100,1048576,1,0,1,113688,113688,0,0,4269,0,1,1,113688,55621,247440,2.043976,0.459457,24.360000,500.805000,5633.045000,6112.045000,55806.679000,7,3082,7ccc96b968dbd73138b0bef8cd2e06317cf09ae4f3bc17493b7415dccc5dff50,true,7,true,23.531680,60.095040,132.316800
fixed-window,fixed-w16k-zstd-3,random-100000-00026,random-100000,MHC-GRCh38,MHC,1930943,2030943,100000,100,1048576,1,0,1,67818,67818,0,0,4269,0,1,1,67818,40603,155026,1.670271,0.437462,24.469000,315.665000,1985.910000,1724.508000,18950.188000,7,1095,14334b554e3e9655c965408117e425948d6c83d11aa07182bce0d72eda4ee2f3,true,7,true,22.308480,56.425440,120.084800
fixed-window,fixed-w16k-zstd-3,random-100000-00027,random-100000,MHC-GRCh38,MHC,204534,304534,100000,100,1048576,1,0,1,88357,88357,0,0,4269,0,1,1,88357,43536,177520,2.029516,0.497730,44.634000,397.015000,3267.701000,2662.584000,31487.784000,7,1603,4d57d41cb194b884a41da65fdd22aea0a8c27db77bb5042f7d0adeb7c73d1dc4,true,7,true,22.856187,58.068560,125.561867
fixed-window,fixed-w16k-zstd-3,random-100000-00028,random-100000,MHC-GRCh38,MHC,3890508,3990508,100000,100,1048576,1,0,1,161959,161959,0,0,4269,0,1,1,161959,66475,349427,2.436390,0.463499,50.428000,810.776000,11039.273000,11396.761000,107648.160000,7,5265,64fb347e77ea288d38a2ce9574ee30d2b4be5888a322149fd1b42e9fcddf651c,true,7,true,24.818907,63.956720,145.189067
fixed-window,fixed-w16k-zstd-3,random-100000-00029,random-100000,MHC-GRCh38,MHC,1400303,1500303,100000,100,1048576,1,0,1,174682,174682,0,0,4269,0,1,1,174682,73403,404332,2.379766,0.432026,49.090000,815.552000,10432.934000,13031.479000,99914.685000,7,6494,7dd51bacace475b905c71c96b5738874cb4cc596d2f22d2b5deaf2e9a383e677,true,7,true,25.158187,64.974560,148.581867
fixed-window,fixed-w16k-zstd-3,random-100000-00030,random-100000,MHC-GRCh38,MHC,1669721,1769721,100000,100,1048576,1,0,1,78823,78823,0,0,4269,0,1,1,78823,42397,157902,1.859165,0.499189,86.511000,369.065000,2310.470000,1999.784000,21245.156000,8,1197,741ec828d1c9c77374a42df4205c1d246e1a2241e64f0977b6df22d8e0fc21c8,true,8,true,22.601947,57.305840,123.019467
fixed-window,fixed-w16k-zstd-3,random-100000-00031,random-100000,MHC-GRCh38,MHC,215439,315439,100000,100,1048576,1,0,1,80526,80526,0,0,4269,0,1,1,80526,42453,174311,1.896827,0.461967,66.603000,356.234000,2799.699000,2466.185000,26416.809000,7,1540,ae3a38a78bc54df8bb5b64aa04e50d7ffa6086417a22570c069468d140ac8134,true,7,true,22.647360,57.442080,123.473600
fixed-window,fixed-w16k-zstd-3,random-100000-00032,random-100000,MHC-GRCh38,MHC,3542671,3642671,100000,100,1048576,1,0,1,57056,57056,0,0,4269,0,1,1,57056,36059,128867,1.582296,0.442751,16.539000,318.547000,1256.887000,1088.133000,12174.787000,7,589,d9aa6d23a6b62c66ac19183747bb2ccc720333a4958454dfb6ebe7f9093d9823,true,7,true,22.021493,55.564480,117.214933
fixed-window,fixed-w16k-zstd-3,random-100000-00033,random-100000,MHC-GRCh38,MHC,1452240,1552240,100000,100,1048576,1,0,1,110896,110896,0,0,4269,0,1,1,110896,53441,226826,2.075111,0.488903,76.208000,477.284000,5572.436000,5565.989000,51932.527000,7,2682,f312a374776582f5db71384d371c7852297f13be6b7d80811998a767c99d0521,true,7,true,23.457227,59.871680,131.572267
fixed-window,fixed-w16k-zstd-3,random-100000-00034,random-100000,MHC-GRCh38,MHC,3935885,4035885,100000,100,1048576,1,0,1,413945,413945,0,0,4269,0,1,1,413945,139924,921400,2.958356,0.449257,63.131000,1827.866000,31081.211000,38660.100000,303886.814000,7,17261,680dd4f3ec892eac167ab5a6873f8f6087006b60e939e70cdfa62634dba8df50,true,7,true,31.538533,84.115600,212.385333
fixed-window,fixed-w16k-zstd-3,random-100000-00035,random-100000,MHC-GRCh38,MHC,1231487,1331487,100000,100,1048576,1,0,1,129400,129400,0,0,4269,0,1,1,129400,55437,266371,2.334181,0.485789,90.158000,553.651000,6750.088000,7431.901000,68771.814000,7,3548,a6f4f67b33da190409f770417ecd57abcd7c7a2004d5dbbe705d0e0195b028d6,true,7,true,23.950667,61.352000,136.506667
fixed-window,fixed-w16k-zstd-3,random-100000-00036,random-100000,MHC-GRCh38,MHC,2059084,2159084,100000,100,1048576,1,0,1,54586,54586,0,0,8365,0,2,2,54586,36196,127019,1.508067,0.429747,102.987000,266.154000,1066.847000,828.065000,9995.798000,7,538,7ba622d78759052db8d982897a8062ed4af62fb0c3e56c393bff47168a846746,true,7,true,21.955627,55.366880,116.556267
fixed-window,fixed-w16k-zstd-3,random-100000-00037,random-100000,MHC-GRCh38,MHC,3340862,3440862,100000,100,1048576,1,0,1,61269,61269,0,0,4269,0,1,1,61269,35829,126567,1.710039,0.484084,42.075000,292.479000,1045.936000,891.781000,10784.121000,8,523,8f92362b65b7867abc7d88837e976f16d7b1427e6c2fd60925b6a36405d74c45,true,8,true,22.133840,55.901520,118.338400
fixed-window,fixed-w16k-zstd-3,random-100000-00038,random-100000,MHC-GRCh38,MHC,921258,1021258,100000,100,1048576,1,0,1,56819,56819,0,0,4269,0,1,1,56819,37547,123746,1.513277,0.459158,53.478000,267.224000,1031.577000,812.571000,10500.379000,7,503,fe6971683ac4cb90cf56fb9f5347d1e1e3915baaeac17f866aa71221850e0484,true,7,true,22.015173,55.545520,117.151733
fixed-window,fixed-w16k-zstd-3,random-100000-00039,random-100000,MHC-GRCh38,MHC,3395378,3495378,100000,100,1048576,1,0,1,54013,54013,0,0,4269,0,1,1,54013,35350,121563,1.527949,0.444321,40.244000,253.929000,895.233000,687.902000,9020.298000,7,421,8fd62575ba7d7fa67094b8797b763eea904ce8ce888a1edaefbf979e2ae9f190,true,7,true,21.940347,55.321040,116.403467
fixed-window,fixed-w16k-zstd-3,random-100000-00040,random-100000,MHC-GRCh38,MHC,3429684,3529684,100000,100,1048576,1,0,1,57352,57352,0,0,4269,0,1,1,57352,29606,126327,1.937175,0.453996,40.025000,425.190000,1252.654000,1053.680000,12333.692000,7,544,61b06d01fabee659f928ce9e22b30229cf5e353fcee2cef89edece567e762fd2,true,7,true,22.029387,55.588160,117.293867
fixed-window,fixed-w16k-zstd-3,random-100000-00041,random-100000,MHC-GRCh38,MHC,3427206,3527206,100000,100,1048576,1,0,1,57352,57352,0,0,4269,0,1,1,57352,29726,123989,1.929355,0.462557,73.087000,319.697000,1259.699000,817.467000,11731.655000,7,508,6821e84b1deb499b912b5a16cacd9b5ec8aaa72b621ff610358cfb368894c6a9,true,7,true,22.029387,55.588160,117.293867
fixed-window,fixed-w16k-zstd-3,random-100000-00042,random-100000,MHC-GRCh38,MHC,58582,158582,100000,100,1048576,1,0,1,59413,59413,0,0,4269,0,1,1,59413,39339,131815,1.510282,0.450730,44.284000,298.580000,1587.024000,1047.054000,13662.423000,7,657,82b32e58f297137f6f7535bdf2eb588af4aa71aa6df0203286fe8d2d7f8e5bf9,true,7,true,22.084347,55.753040,117.843467
fixed-window,fixed-w16k-zstd-3,random-100000-00043,random-100000,MHC-GRCh38,MHC,1799230,1899230,100000,100,1048576,1,0,1,75193,75193,0,0,4269,0,1,1,75193,43889,164657,1.713254,0.456664,53.329000,344.089000,2763.307000,2172.770000,26419.740000,7,1361,5e209164a6d6d0b416b39033eaecdfd097226c6f9e44113e43baa8d3c33e60aa,true,7,true,22.505147,57.015440,122.051467
fixed-window,fixed-w16k-zstd-3,random-100000-00044,random-100000,MHC-GRCh38,MHC,2029904,2129904,100000,100,1048576,1,0,1,53872,53872,0,0,8365,0,2,2,53872,35539,122861,1.515856,0.438479,61.010000,299.820000,1270.698000,896.137000,11705.011000,7,470,9b34d642d44e33b8d3dc1fb0c0c7218c45b39847f81e08e0bdd1638eb51cbb49,true,7,true,21.936587,55.309760,116.365867
fixed-window,fixed-w16k-zstd-3,random-100000-00045,random-100000,MHC-GRCh38,MHC,2203224,2303224,100000,100,1048576,1,0,1,71128,71128,0,0,4269,0,1,1,71128,42056,160964,1.691269,0.441888,43.639000,433.440000,2773.880000,1999.265000,23720.519000,7,1259,00efee7b857ee2a42a3e9b229d16099845462f14df5c618e4ed1841c22718ce0,true,7,true,22.396747,56.690240,120.967467
fixed-window,fixed-w16k-zstd-3,random-100000-00046,random-100000,MHC-GRCh38,MHC,3746831,3846831,100000,100,1048576,1,0,1,101119,101119,0,0,4269,0,1,1,101119,50625,216741,1.997412,0.466543,45.752000,446.654000,4785.286000,4219.349000,47096.261000,7,2470,d61ab2ea1e1e9487260bfbe5d2488c2cec6c526e5bb9bf6a52237f97f4e90c0b,true,7,true,23.196507,59.089520,128.965067
fixed-window,fixed-w16k-zstd-3,random-100000-00047,random-100000,MHC-GRCh38,MHC,1030366,1130366,100000,100,1048576,1,0,1,67155,67155,0,0,8365,0,2,2,67155,41915,151001,1.602171,0.444732,49.764000,297.144000,1925.819000,1632.153000,18605.990000,7,1060,21ce84bf8f5904f7cb4b2ae730a9f26a9eff03d4dc6c29533169a8be2f8b3f78,true,7,true,22.290800,56.372400,119.908000
fixed-window,fixed-w16k-zstd-3,random-100000-00048,random-100000,MHC-GRCh38,MHC,56321,156321,100000,100,1048576,1,0,1,59413,59413,0,0,4269,0,1,1,59413,39043,132098,1.521732,0.449765,20.290000,299.946000,1575.671000,1370.414000,12918.605000,7,658,30f6997af384861b66cbde6b6df4bd27d969367a13ba29f59c35b701cc8eec5c,true,7,true,22.084347,55.753040,117.843467
fixed-window,fixed-w16k-zstd-3,random-100000-00049,random-100000,MHC-GRCh38,MHC,3965305,4065305,100000,100,1048576,1,0,1,591232,591232,0,0,4269,0,1,1,591232,181639,1237196,3.254984,0.477881,47.647000,2620.665000,46579.251000,55893.153000,456027.338000,7,23853,34c70f32e7b8ed5e39bf6e0e44bd8a8dc0f5d9bf00f9942637ed7e48dad193ae,true,7,true,36.266187,98.298560,259.661867
fixed-window,fixed-w16k-zstd-3,random-1000000-00000,random-1000000,MHC-GRCh38,MHC,3703931,4703931,1000000,100,1048576,1,0,1,1770071,1770071,0,0,8365,0,2,2,1770071,784207,4586858,2.257148,0.385901,128.668000,8060.585000,122860.037000,164522.437000,1210200.824000,62,75838,b26c97ec2a7fb940493f82b62b481b46beacdfa595721f11a193b58027f0b1f3,true,62,true,67.701893,192.605680,574.018933
fixed-window,fixed-w16k-zstd-3,random-1000000-00001,random-1000000,MHC-GRCh38,MHC,3632612,4632612,1000000,100,1048576,1,0,1,1762610,1762610,0,0,12461,0,3,3,1762610,779351,4562015,2.261638,0.386367,182.419000,7699.363000,118298.417000,166739.834000,1176108.315000,62,75315,94f7c7d0b1ae09ba541ca857766196b61c4ba1adfeeb19af925848792c4c09c5,true,62,true,67.502933,192.008800,572.029333
fixed-window,fixed-w16k-zstd-3,random-1000000-00002,random-1000000,MHC-GRCh38,MHC,3624947,4624947,1000000,100,1048576,1,0,1,1762610,1762610,0,0,12461,0,3,3,1762610,776788,4543230,2.269100,0.387964,177.059000,8426.302000,116256.542000,167248.712000,1175347.455000,62,74916,88e91d1e0de657bab4c0ad575227c287c44ac4e560df51fd43b24cbdc0f4622d,true,62,true,67.502933,192.008800,572.029333
fixed-window,fixed-w16k-zstd-3,random-1000000-00003,random-1000000,MHC-GRCh38,MHC,2794835,3794835,1000000,100,1048576,1,0,1,861468,861468,0,0,12461,0,3,3,861468,448045,2122776,1.922727,0.405821,158.357000,3911.289000,39951.003000,52628.139000,398467.017000,62,23835,2d0e9e1b290926dd5615ea6c3930186ed496aae62ddd5fb8a1ce9d8b8698d576,true,62,true,43.472480,119.917440,331.724800
fixed-window,fixed-w16k-zstd-3,random-1000000-00004,random-1000000,MHC-GRCh38,MHC,1751327,2751327,1000000,100,1048576,1,0,1,759540,759540,0,0,12461,0,3,3,759540,427961,1864043,1.774788,0.407469,181.525000,3284.049000,28973.496000,37215.002000,284980.882000,62,18290,74e1e08faee499d4beee11e8aa18c77387f176f5710e79c6cdbc25ae375c3c11,true,62,true,40.754400,111.763200,304.544000
fixed-window,fixed-w16k-zstd-3,random-1000000-00005,random-1000000,MHC-GRCh38,MHC,1372175,2372175,1000000,100,1048576,1,0,1,756979,756979,0,0,12461,0,3,3,756979,425166,1862689,1.780432,0.406390,136.734000,3497.999000,29611.879000,37426.951000,280470.024000,62,18330,784d02b051e807ea010e615f84e5e3f9ef6e30eb24cb3a6ad41a6804e3cf41c6,true,62,true,40.686107,111.558320,303.861067
fixed-window,fixed-w16k-zstd-3,random-1000000-00006,random-1000000,MHC-GRCh38,MHC,73751,1073751,1000000,100,1048576,1,0,1,584461,584461,0,0,12461,0,3,3,584461,363827,1435089,1.606426,0.407265,135.051000,2643.373000,15357.736000,17261.545000,145284.940000,62,9189,b4e354d200b565762bf84f63ea41b1938b6a2ac7f751537c990855dab2551c60,true,62,true,36.085627,97.756880,257.856267
fixed-window,fixed-w16k-zstd-3,random-1000000-00007,random-1000000,MHC-GRCh38,MHC,2455346,3455346,1000000,100,1048576,1,0,1,1053162,1053162,0,0,12461,0,3,3,1053162,531080,2651358,1.983057,0.397216,118.076000,4887.914000,54594.824000,76720.427000,553507.976000,62,35073,d6269473041251ffa945ecade12e7e6098972e7b005e7b8c77838027114e3105,true,62,true,48.584320,135.252960,382.843200
fixed-window,fixed-w16k-zstd-3,random-1000000-00008,random-1000000,MHC-GRCh38,MHC,2705443,3705443,1000000,100,1048576,1,0,1,919774,919774,0,0,12461,0,3,3,919774,475014,2324187,1.936309,0.395740,150.306000,4753.250000,46740.068000,59815.524000,469103.668000,62,28142,959909843bd2bb5593526798607900182177c1d8a13c1ff9a11d6f32f95701f4,true,62,true,45.027307,124.581920,347.273067
fixed-window,fixed-w16k-zstd-3,random-1000000-00009,random-1000000,MHC-GRCh38,MHC,2329813,3329813,1000000,100,1048576,1,0,1,1068935,1068935,0,0,12461,0,3,3,1068935,537311,2687000,1.989416,0.397817,162.475000,4709.233000,55193.488000,79076.769000,557532.777000,62,35815,1bc72119fedee3116c34581fd49548b8caa180caa8a79cf6493b4ab588a45a1d,true,62,true,49.004933,136.514800,387.049333
fixed-window,fixed-w16k-zstd-3,random-1000000-00010,random-1000000,MHC-GRCh38,MHC,92105,1092105,1000000,100,1048576,1,0,1,586251,586251,0,0,12461,0,3,3,586251,364596,1438886,1.607947,0.407434,168.087000,2630.521000,15157.840000,17972.496000,141972.884000,62,9265,293695f7b50203eed6fd200f3248f006594412ffa4a4198eb640a693d1a859d8,true,62,true,36.133360,97.900080,258.333600
fixed-window,fixed-w16k-zstd-3,random-1000000-00011,random-1000000,MHC-GRCh38,MHC,3823648,4823648,1000000,100,1048576,1,0,1,1725017,1725017,0,0,12461,0,3,3,1725017,767718,4470520,2.246941,0.385865,129.583000,7480.118000,113015.277000,160532.384000,1122507.967000,62,73374,03e9ae8b275d748f3873899c2d03ca6cc7e122a1f2c8f1a71d0688231efc58d6,true,62,true,66.500453,189.001360,562.004533
fixed-window,fixed-w16k-zstd-3,random-1000000-00012,random-1000000,MHC-GRCh38,MHC,3719850,4719850,1000000,100,1048576,1,0,1,1764731,1764731,0,0,12461,0,3,3,1764731,781907,4571236,2.256958,0.386051,205.469000,7679.352000,115798.504000,164171.207000,1150241.618000,62,75508,2af5677fccd3b9c77c7e0dd0e96c03a3bec8268fad952b7a7557e6360c6a276b,true,62,true,67.559493,192.178480,572.594933
fixed-window,fixed-w16k-zstd-3,random-1000000-00013,random-1000000,MHC-GRCh38,MHC,1094013,2094013,1000000,100,1048576,1,0,1,873304,873304,0,0,8365,0,2,2,873304,465788,2158062,1.874896,0.404670,198.639000,3940.749000,37780.312000,52000.211000,365618.352000,62,24597,9998571a1898cec27a1ea2862ab71ad127e694928f1c38567742ff8130ffe1c9,true,62,true,43.788107,120.864320,334.881067
fixed-window,fixed-w16k-zstd-3,random-1000000-00014,random-1000000,MHC-GRCh38,MHC,2807699,3807699,1000000,100,1048576,1,0,1,836558,836558,0,0,12461,0,3,3,836558,446070,2100657,1.875396,0.398236,153.557000,3822.799000,37300.866000,48703.272000,373299.082000,62,23356,af44e7822ac6eed39a846f1b3c88565af03d9c7035df6315503a0f8951ca3a72,true,62,true,42.808213,117.924640,325.082133
fixed-window,fixed-w16k-zstd-3,random-1000000-00015,random-1000000,MHC-GRCh38,MHC,711119,1711119,1000000,100,1048576,1,0,1,851475,851475,0,0,12461,0,3,3,851475,457930,2100277,1.859400,0.405411,154.664000,3718.747000,35574.773000,48217.973000,344282.198000,62,23414,1fe009721ae21f6afb0030a7a089a5f42317e9b9873ddb9a4f399497ef50bf90,true,62,true,43.206000,119.118000,329.060000
fixed-window,fixed-w16k-zstd-3,random-1000000-00016,random-1000000,MHC-GRCh38,MHC,2845528,3845528,1000000,100,1048576,1,0,1,775634,775634,0,0,12461,0,3,3,775634,416355,1877825,1.862915,0.413049,158.557000,3512.893000,31286.454000,41253.618000,315545.184000,62,18599,f88d5435fd08324c43d68a0f72617d49c2dce2cdc38f12ff5f1f029575d1e06a,true,62,true,41.183573,113.050720,308.835733
fixed-window,fixed-w16k-zstd-3,random-1000000-00017,random-1000000,MHC-GRCh38,MHC,1974230,2974230,1000000,100,1048576,1,0,1,1063795,1063795,0,0,12461,0,3,3,1063795,536168,2664099,1.984070,0.399308,147.162000,5220.941000,58426.048000,77706.969000,603734.707000,62,35346,551dfe47cca13ee46f12f6004dc9439aad217bc6bd40ab98b2dd613c9e08e372,true,62,true,48.867867,136.103600,385.678667
fixed-window,fixed-w16k-zstd-3,random-1000000-00018,random-1000000,MHC-GRCh38,MHC,1992390,2992390,1000000,100,1048576,1,0,1,1074132,1074132,0,0,12461,0,3,3,1074132,539202,2697879,1.992077,0.398139,132.985000,4910.666000,56955.930000,112619.955000,618492.168000,62,36067,7345147af20eeb118ea25cbb1e99e45209bb83f5ea3814e4ff0006e2d716250d,true,62,true,49.143520,136.930560,388.435200
fixed-window,fixed-w16k-zstd-3,random-1000000-00019,random-1000000,MHC-GRCh38,MHC,322227,1322227,1000000,100,1048576,1,0,1,650548,650548,0,0,12461,0,3,3,650548,385435,1585622,1.687828,0.410279,164.347000,3373.982000,21836.604000,24779.031000,207764.722000,62,12428,57d508930a07266b49df3a40bd2ff73f5371c678f0810c4488f03ad500f5ce50,true,62,true,37.847947,103.043840,275.479467
fixed-window,fixed-w16k-zstd-3,random-1000000-00020,random-1000000,MHC-GRCh38,MHC,3577478,4577478,1000000,100,1048576,1,0,1,1731376,1731376,0,0,12461,0,3,3,1731376,769349,4479972,2.250443,0.386470,136.675000,8120.937000,114423.863000,163645.800000,1166107.414000,62,73555,47c21c1045955378459ee00b07dea253bef3c7071321089824f7d266683f0ed0,true,62,true,66.670027,189.510080,563.700267
fixed-window,fixed-w16k-zstd-3,random-1000000-00021,random-1000000,MHC-GRCh38,MHC,3388932,4388932,1000000,100,1048576,1,0,1,1672797,1672797,0,0,12461,0,3,3,1672797,739808,4334580,2.261123,0.385919,183.598000,7555.936000,106413.255000,155513.046000,1077312.894000,62,70503,fd45bbee2dc1176a265c64597b653be367193c875e1256cbd04b7ab3034c233b,true,62,true,65.107920,184.823760,548.079200
fixed-window,fixed-w16k-zstd-3,random-1000000-00022,random-1000000,MHC-GRCh38,MHC,554951,1554951,1000000,100,1048576,1,0,1,834162,834162,0,0,8365,0,2,2,834162,447310,2061004,1.864841,0.404736,163.630000,3896.165000,35386.909000,46878.924000,343619.254000,62,22587,48f71d07f20c89e9dac40a0eb0db9bbacc66308c93f61f44af7edd434ca1398f,true,62,true,42.744320,117.732960,324.443200
fixed-window,fixed-w16k-zstd-3,random-1000000-00023,random-1000000,MHC-GRCh38,MHC,952249,1952249,1000000,100,1048576,1,0,1,878108,878108,0,0,12461,0,3,3,878108,467549,2155946,1.878109,0.407296,142.389000,3861.853000,37256.381000,50214.859000,358994.881000,62,24589,4a4440e1ace6f7142001a74483862b87d5bcf206c4a9e4a9a67c4d38531f5efb,true,62,true,43.916213,121.248640,336.162133
fixed-window,fixed-w16k-zstd-3,random-1000000-00024,random-1000000,MHC-GRCh38,MHC,1184608,2184608,1000000,100,1048576,1,0,1,859972,859972,0,0,12461,0,3,3,859972,459323,2122034,1.872260,0.405258,137.690000,3761.044000,36768.251000,48778.619000,354421.483000,62,23856,a4ae3a1878e1169345e4fbb02c936c6307c27623ad764f1f7f79d436e368859b,true,62,true,43.432587,119.797760,331.325867
fixed-window,fixed-w16k-zstd-3,random-1000000-00025,random-1000000,MHC-GRCh38,MHC,1338039,2338039,1000000,100,1048576,1,0,1,789207,789207,0,0,12461,0,3,3,789207,436059,1949188,1.809863,0.404890,153.076000,3453.736000,31173.507000,40950.255000,301776.362000,62,20179,470ada55d1277708ddb8ba03fa4dfec6538763d0b7737a7aa96b06a385ab3f80,true,62,true,41.545520,114.136560,312.455200
fixed-window,fixed-w16k-zstd-3,random-1000000-00026,random-1000000,MHC-GRCh38,MHC,2952014,3952014,1000000,100,1048576,1,0,1,689647,689647,0,0,12461,0,3,3,689647,394823,1717122,1.746724,0.401630,147.887000,3060.253000,24056.314000,30533.188000,236626.915000,62,15124,a0d98d2f718148bec626d5216204a068289a7e72929090781336570ecd0a65ba,true,62,true,38.890587,106.171760,285.905867
fixed-window,fixed-w16k-zstd-3,random-1000000-00027,random-1000000,MHC-GRCh38,MHC,1870809,2870809,1000000,100,1048576,1,0,1,973693,973693,0,0,12461,0,3,3,973693,500649,2421925,1.944862,0.402033,137.230000,4391.042000,47590.613000,62516.127000,478352.622000,62,30209,265baddd14d48b8ff58937a7fe7163ceb0494542f704af225b24d25dad2c0691,true,62,true,46.465147,128.895440,361.651467
fixed-window,fixed-w16k-zstd-3,random-1000000-00028,random-1000000,MHC-GRCh38,MHC,1203836,2203836,1000000,100,1048576,1,0,1,845817,845817,0,0,12461,0,3,3,845817,454759,2090232,1.859924,0.404652,154.545000,3693.640000,35367.909000,47679.750000,342823.731000,62,23176,7c2ea57903982b0e5e105a9a9c735b8f4b47b2e9901cb9a445a9bb85d4818e74,true,62,true,43.055120,118.665360,327.551200
fixed-window,fixed-w16k-zstd-3,random-1000000-00029,random-1000000,MHC-GRCh38,MHC,1429528,2429528,1000000,100,1048576,1,0,1,690145,690145,0,0,12461,0,3,3,690145,404749,1700972,1.705118,0.405736,156.313000,2994.885000,23671.843000,29958.039000,224526.148000,62,14858,a982fb629a5d4f42b3bbff00ef4b0a3429062d61a32d6e105d6264f893a7dc09,true,62,true,38.903867,106.211600,286.038667
fixed-window,fixed-w16k-zstd-3,random-1000000-00030,random-1000000,MHC-GRCh38,MHC,1281840,2281840,1000000,100,1048576,1,0,1,813169,813169,0,0,12461,0,3,3,813169,443759,2018115,1.832456,0.402935,149.598000,3538.201000,32929.554000,44489.315000,319429.930000,62,21654,74320e0fe62159d7e1a16715c15392baea70a2f4f0a254184f3e100043c83e80,true,62,true,42.184507,116.053520,318.845067
fixed-window,fixed-w16k-zstd-3,random-1000000-00031,random-1000000,MHC-GRCh38,MHC,8225,1008225,1000000,100,1048576,1,0,1,577924,577924,0,0,8365,0,2,2,577924,362389,1419253,1.594761,0.407203,163.849000,2548.560000,14132.206000,17337.118000,134617.593000,62,8846,30408d4bcab76ea00038368a9c8c26d5b6dd9cc70936d646b5bb25edb92c8711,true,62,true,35.911307,97.233920,256.113067
fixed-window,fixed-w16k-zstd-3,random-1000000-00032,random-1000000,MHC-GRCh38,MHC,2647156,3647156,1000000,100,1048576,1,0,1,958979,958979,0,0,8365,0,2,2,958979,490934,2423048,1.953377,0.395774,117.398000,4416.250000,48817.964000,63615.931000,490664.249000,62,30239,5eb8196c34f5e9c13d788b072827151a7ba899ba49671d2864afd58584587b15,true,62,true,46.072773,127.718320,357.727733
fixed-window,fixed-w16k-zstd-3,random-1000000-00033,random-1000000,MHC-GRCh38,MHC,1021875,2021875,1000000,100,1048576,1,0,1,880642,880642,0,0,12461,0,3,3,880642,468904,2173817,1.878086,0.405113,155.734000,3824.082000,38153.618000,51622.114000,367035.689000,62,24948,cc6e961683fad3f712de71c6327e632e16512716d90fa372baaf2a8c043e924d,true,62,true,43.983787,121.451360,336.837867
fixed-window,fixed-w16k-zstd-3,random-1000000-00034,random-1000000,MHC-GRCh38,MHC,1702048,2702048,1000000,100,1048576,1,0,1,719202,719202,0,0,12461,0,3,3,719202,413532,1776992,1.739169,0.404730,141.446000,3177.678000,25924.025000,33127.525000,252303.583000,62,16434,cc625ddf5cb171f269e82a7243d46ad4007d02cda62a99fea9e197a2a74df79d,true,62,true,39.678720,108.536160,293.787200
fixed-window,fixed-w16k-zstd-3,random-1000000-00035,random-1000000,MHC-GRCh38,MHC,3941206,4941206,1000000,100,1048576,1,0,1,1654430,1654430,0,0,12461,0,3,3,1654430,740295,4279211,2.234825,0.386620,130.944000,7177.110000,107880.589000,151918.268000,1071569.253000,62,69348,d9b75fc887f1bd97487d2ae6b97bfeb9161c60db749716cd48a5b6be90212551,true,62,true,64.618133,183.354400,543.181333
fixed-window,fixed-w16k-zstd-3,random-1000000-00036,random-1000000,MHC-GRCh38,MHC,3109002,4109002,1000000,100,1048576,1,0,1,1275215,1275215,0,0,12461,0,3,3,1275215,594475,3260786,2.145111,0.391076,167.245000,5978.387000,72517.535000,103165.142000,722054.687000,62,47647,a1139bc1b3cc0c9be8c29a3b5e5d434fc8f53a70f5e2430c82aed268c9bbbb1b,true,62,true,54.505733,153.017200,442.057333
fixed-window,fixed-w16k-zstd-3,random-1000000-00037,random-1000000,MHC-GRCh38,MHC,723032,1723032,1000000,100,1048576,1,0,1,854733,854733,0,0,12461,0,3,3,854733,458246,2103900,1.865227,0.406261,251.206000,3708.537000,35589.524000,50044.718000,347709.763000,62,23483,b65d7bd46ed8e38a08863bd42c3915c37b1802240e9d27376f81af61ecb56717,true,62,true,43.292880,119.378640,329.928800
fixed-window,fixed-w16k-zstd-3,random-1000000-00038,random-1000000,MHC-GRCh38,MHC,3366612,4366612,1000000,100,1048576,1,0,1,1672300,1672300,0,0,12461,0,3,3,1672300,737951,4324607,2.266140,0.386694,149.410000,7750.695000,118449.446000,153205.307000,1158952.836000,62,70287,f5d440d6ad7c2be86ae2bbc2176586965b72a222f7736504830d8232b0c8a08a,true,62,true,65.094667,184.784000,547.946667
fixed-window,fixed-w16k-zstd-3,random-1000000-00039,random-1000000,MHC-GRCh38,MHC,2014029,3014029,1000000,100,1048576,1,0,1,1077070,1077070,0,0,12461,0,3,3,1077070,542012,2711969,1.987170,0.397154,174.373000,4973.380000,60821.877000,79045.592000,588673.581000,62,36367,e0b7422bdce755136ed16c213df63bf8aeee75a73b077978ac4fd21116f1c384,true,62,true,49.221867,137.165600,389.218667
fixed-window,fixed-w16k-zstd-3,random-1000000-00040,random-1000000,MHC-GRCh38,MHC,2480500,3480500,1000000,100,1048576,1,0,1,1048414,1048414,0,0,12461,0,3,3,1048414,528679,2631700,1.983082,0.398379,151.621000,4885.654000,56092.910000,79946.555000,585111.875000,62,34657,101e004141f9320463ea0bdcf1f4a847b36c3a4ad8df506c8ef404a7afd734d8,true,62,true,48.457707,134.873120,381.577067
fixed-window,fixed-w16k-zstd-3,random-1000000-00041,random-1000000,MHC-GRCh38,MHC,1705935,2705935,1000000,100,1048576,1,0,1,731923,731923,0,0,12461,0,3,3,731923,414435,1782615,1.766074,0.410589,234.960000,3746.520000,28931.440000,36144.944000,287634.475000,62,16535,bb07e8949b83f9c2fd5e6b6f69aa706ed297830d1fb5b09de7d3c599c7424f5c,true,62,true,40.017947,109.553840,297.179467
fixed-window,fixed-w16k-zstd-3,random-1000000-00042,random-1000000,MHC-GRCh38,MHC,3191759,4191759,1000000,100,1048576,1,0,1,1557059,1557059,0,0,8365,0,2,2,1557059,691133,4015780,2.252908,0.387735,159.802000,7445.925000,100530.452000,138471.663000,1006870.438000,62,63684,d682a19a254b6fb86a20dab23a7ae3aa673c51f6eeaa9a5a09120d312e127c45,true,62,true,62.021573,175.564720,517.215733
fixed-window,fixed-w16k-zstd-3,random-1000000-00043,random-1000000,MHC-GRCh38,MHC,3565676,4565676,1000000,100,1048576,1,0,1,1716785,1716785,0,0,12461,0,3,3,1716785,764994,4445883,2.244181,0.386152,183.322000,7629.466000,111458.746000,164166.646000,1134380.334000,62,72826,3cbf420d44080cc3112e3437cae5b3aeef9aab63f41c91a565a2514da9d0bc2d,true,62,true,66.280933,188.342800,559.809333
fixed-window,fixed-w16k-zstd-3,random-1000000-00044,random-1000000,MHC-GRCh38,MHC,1816865,2816865,1000000,100,1048576,1,0,1,854386,854386,0,0,12461,0,3,3,854386,463536,2129298,1.843192,0.401252,253.444000,4275.438000,38574.343000,50346.829000,388373.361000,62,23931,1fa19d458d5147285c6865dbabed0f6de9a1785d5f01a9ab8795da621c6ffa7e,true,62,true,43.283627,119.350880,329.836267
fixed-window,fixed-w16k-zstd-3,random-1000000-00045,random-1000000,MHC-GRCh38,MHC,3842818,4842818,1000000,100,1048576,1,0,1,1717642,1717642,0,0,12461,0,3,3,1717642,765333,4452461,2.244307,0.385774,144.929000,7539.650000,113626.055000,160607.381000,1117151.143000,62,72970,950cab52da1779ae974072802c0839806719cdb6609614eca9f769bfbdcd3b60,true,62,true,66.303787,188.411360,560.037867
fixed-window,fixed-w16k-zstd-3,random-1000000-00046,random-1000000,MHC-GRCh38,MHC,3283569,4283569,1000000,100,1048576,1,0,1,1646512,1646512,0,0,12461,0,3,3,1646512,727203,4266746,2.264171,0.385894,240.110000,7362.239000,104677.632000,147992.032000,1047127.689000,62,69043,03e119d6acb173780e9f8b0afd6d6df26c11148dcc49f3c21d7003c28709c507,true,62,true,64.406987,182.720960,541.069867
fixed-window,fixed-w16k-zstd-3,random-1000000-00047,random-1000000,MHC-GRCh38,MHC,50408,1050408,1000000,100,1048576,1,0,1,583105,583105,0,0,12461,0,3,3,583105,363132,1427900,1.605766,0.408365,176.011000,2575.444000,14739.782000,17175.905000,138679.857000,62,9021,295a00d2fa7963302f87ca50c102aadbd8a70a31b6ab42184526ae9c7ab6d617,true,62,true,36.049467,97.648400,257.494667
fixed-window,fixed-w16k-zstd-3,random-1000000-00048,random-1000000,MHC-GRCh38,MHC,437446,1437446,1000000,100,1048576,1,0,1,787210,787210,0,0,12461,0,3,3,787210,429513,1927434,1.832797,0.408424,127.394000,3502.571000,30494.950000,46651.683000,306601.554000,62,19755,5e1a8f5b5cc81b4401749fa955735a077a400f064b4fbe4f32c3a289d868657a,true,62,true,41.492267,113.976800,311.922667
fixed-window,fixed-w16k-zstd-3,random-1000000-00049,random-1000000,MHC-GRCh38,MHC,137312,1137312,1000000,100,1048576,1,0,1,588813,588813,0,0,12461,0,3,3,588813,365421,1445026,1.611328,0.407476,136.967000,2631.725000,15421.464000,18083.063000,147016.666000,62,9393,4f8904e413da28cbdb847c7e5b34d19f5679e12b5d22eca0b80bd17b1a48d09f,true,62,true,36.201680,98.105040,259.016800
