storage_kind,experiment_id,query_id,query_class,sample,contig,start,end,query_size,context,coalescing_gap,physical_reads,mergeable_reads,dependency_rounds,total_bytes_fetched,unique_bytes_fetched,duplicate_bytes_fetched,bootstrap_bytes_fetched,logical_index_bytes,directory_page_bytes_fetched,directory_pages_selected,directory_page_cache_hits,data_bytes_fetched,required_compressed_payload_bytes,canonical_payload_bytes,read_amplification,canonical_amplification,index_lookup_us,decompression_us,decode_us,graph_reconstruction_us,total_local_query_us,selected_chunks,selected_nodes,canonical_hash,correctness,haplotype_tiles_checked,haplotype_tiles_correct,simulated_20ms_ms,simulated_50ms_ms,simulated_100ms_ms
gbz,gbz-baseline,hard-micb,hard-MICB,GRCh38,chr6,31498145,31511124,12979,100,,1,,1,73920,73920,0,,,,,,73920,,,,,,,,,11789.637000,,,,true,,,22.471200,56.913600,121.712000
gbz,gbz-baseline,hard-kir3dl1,hard-KIR3DL1,GRCh38,chr19,54816436,54830779,14343,100,,1,,1,73920,73920,0,,,,,,73920,,,,,,,,,42720.043000,,,,true,,,22.471200,56.913600,121.712000
gbz,gbz-baseline,random-1000-00000,random-1000,GRCh38,chr19,54818630,54819630,1000,100,,1,,1,73920,73920,0,,,,,,73920,,,,,,,,,864.120000,,,,true,,,22.471200,56.913600,121.712000
gbz,gbz-baseline,random-1000-00001,random-1000,CHM13,chr6,31354488,31355488,1000,100,,1,,1,73920,73920,0,,,,,,73920,,,,,,,,,411.568000,,,,true,,,22.471200,56.913600,121.712000
gbz,gbz-baseline,random-1000-00002,random-1000,CHM13,chr19,18939211,18940211,1000,100,,1,,1,73920,73920,0,,,,,,73920,,,,,,,,,5082.608000,,,,true,,,22.471200,56.913600,121.712000
gbz,gbz-baseline,random-1000-00003,random-1000,CHM13,chr19,18930672,18931672,1000,100,,1,,1,73920,73920,0,,,,,,73920,,,,,,,,,499.417000,,,,true,,,22.471200,56.913600,121.712000
gbz,gbz-baseline,random-1000-00004,random-1000,GRCh38,chr6,31509956,31510956,1000,100,,1,,1,73920,73920,0,,,,,,73920,,,,,,,,,179.477000,,,,true,,,22.471200,56.913600,121.712000
gbz,gbz-baseline,random-1000-00005,random-1000,GRCh38,chr6,31505046,31506046,1000,100,,1,,1,73920,73920,0,,,,,,73920,,,,,,,,,684.243000,,,,true,,,22.471200,56.913600,121.712000
gbz,gbz-baseline,random-1000-00006,random-1000,GRCh38,chr19,54823280,54824280,1000,100,,1,,1,73920,73920,0,,,,,,73920,,,,,,,,,535.034000,,,,true,,,22.471200,56.913600,121.712000
gbz,gbz-baseline,random-1000-00007,random-1000,GRCh38,chr6,31503327,31504327,1000,100,,1,,1,73920,73920,0,,,,,,73920,,,,,,,,,742.246000,,,,true,,,22.471200,56.913600,121.712000
gbz,gbz-baseline,random-1000-00008,random-1000,GRCh38,chr19,54826165,54827165,1000,100,,1,,1,73920,73920,0,,,,,,73920,,,,,,,,,4495.119000,,,,true,,,22.471200,56.913600,121.712000
gbz,gbz-baseline,random-1000-00009,random-1000,GRCh38,chr19,54825783,54826783,1000,100,,1,,1,73920,73920,0,,,,,,73920,,,,,,,,,3455.572000,,,,true,,,22.471200,56.913600,121.712000
gbz,gbz-baseline,random-1000-00010,random-1000,GRCh38,chr19,54824197,54825197,1000,100,,1,,1,73920,73920,0,,,,,,73920,,,,,,,,,651.303000,,,,true,,,22.471200,56.913600,121.712000
gbz,gbz-baseline,random-1000-00011,random-1000,GRCh38,chr6,31508687,31509687,1000,100,,1,,1,73920,73920,0,,,,,,73920,,,,,,,,,474.199000,,,,true,,,22.471200,56.913600,121.712000
gbz,gbz-baseline,random-1000-00012,random-1000,GRCh38,chr6,31498578,31499578,1000,100,,1,,1,73920,73920,0,,,,,,73920,,,,,,,,,727.144000,,,,true,,,22.471200,56.913600,121.712000
gbz,gbz-baseline,random-1000-00013,random-1000,CHM13,chr19,18934804,18935804,1000,100,,1,,1,73920,73920,0,,,,,,73920,,,,,,,,,852.267000,,,,true,,,22.471200,56.913600,121.712000
gbz,gbz-baseline,random-1000-00014,random-1000,GRCh38,chr19,54818543,54819543,1000,100,,1,,1,73920,73920,0,,,,,,73920,,,,,,,,,917.825000,,,,true,,,22.471200,56.913600,121.712000
gbz,gbz-baseline,random-1000-00015,random-1000,GRCh38,chr19,54822995,54823995,1000,100,,1,,1,73920,73920,0,,,,,,73920,,,,,,,,,487.407000,,,,true,,,22.471200,56.913600,121.712000
gbz,gbz-baseline,random-1000-00016,random-1000,GRCh38,chr6,31500086,31501086,1000,100,,1,,1,73920,73920,0,,,,,,73920,,,,,,,,,429.877000,,,,true,,,22.471200,56.913600,121.712000
gbz,gbz-baseline,random-1000-00017,random-1000,CHM13,chr19,18935132,18936132,1000,100,,1,,1,73920,73920,0,,,,,,73920,,,,,,,,,1198.000000,,,,true,,,22.471200,56.913600,121.712000
gbz,gbz-baseline,random-1000-00018,random-1000,GRCh38,chr6,31500755,31501755,1000,100,,1,,1,73920,73920,0,,,,,,73920,,,,,,,,,460.865000,,,,true,,,22.471200,56.913600,121.712000
gbz,gbz-baseline,random-1000-00019,random-1000,CHM13,chr6,31355683,31356683,1000,100,,1,,1,73920,73920,0,,,,,,73920,,,,,,,,,526.491000,,,,true,,,22.471200,56.913600,121.712000
gbz,gbz-baseline,random-1000-00020,random-1000,GRCh38,chr6,31505631,31506631,1000,100,,1,,1,73920,73920,0,,,,,,73920,,,,,,,,,379.115000,,,,true,,,22.471200,56.913600,121.712000
gbz,gbz-baseline,random-1000-00021,random-1000,GRCh38,chr19,54819258,54820258,1000,100,,1,,1,73920,73920,0,,,,,,73920,,,,,,,,,531.394000,,,,true,,,22.471200,56.913600,121.712000
gbz,gbz-baseline,random-1000-00022,random-1000,CHM13,chr6,31362561,31363561,1000,100,,1,,1,73920,73920,0,,,,,,73920,,,,,,,,,252.957000,,,,true,,,22.471200,56.913600,121.712000
gbz,gbz-baseline,random-1000-00023,random-1000,GRCh38,chr19,54818709,54819709,1000,100,,1,,1,73920,73920,0,,,,,,73920,,,,,,,,,767.555000,,,,true,,,22.471200,56.913600,121.712000
gbz,gbz-baseline,random-1000-00024,random-1000,GRCh38,chr6,31509347,31510347,1000,100,,1,,1,73920,73920,0,,,,,,73920,,,,,,,,,349.584000,,,,true,,,22.471200,56.913600,121.712000
gbz,gbz-baseline,random-1000-00025,random-1000,CHM13,chr19,18937374,18938374,1000,100,,1,,1,73920,73920,0,,,,,,73920,,,,,,,,,3964.596000,,,,true,,,22.471200,56.913600,121.712000
gbz,gbz-baseline,random-1000-00026,random-1000,CHM13,chr19,18928542,18929542,1000,100,,1,,1,73920,73920,0,,,,,,73920,,,,,,,,,761.414000,,,,true,,,22.471200,56.913600,121.712000
gbz,gbz-baseline,random-1000-00027,random-1000,CHM13,chr19,18933366,18934366,1000,100,,1,,1,73920,73920,0,,,,,,73920,,,,,,,,,522.393000,,,,true,,,22.471200,56.913600,121.712000
gbz,gbz-baseline,random-1000-00028,random-1000,CHM13,chr6,31362297,31363297,1000,100,,1,,1,73920,73920,0,,,,,,73920,,,,,,,,,349.159000,,,,true,,,22.471200,56.913600,121.712000
gbz,gbz-baseline,random-1000-00029,random-1000,GRCh38,chr6,31506359,31507359,1000,100,,1,,1,73920,73920,0,,,,,,73920,,,,,,,,,295.113000,,,,true,,,22.471200,56.913600,121.712000
gbz,gbz-baseline,random-1000-00030,random-1000,GRCh38,chr19,54827474,54828474,1000,100,,1,,1,73920,73920,0,,,,,,73920,,,,,,,,,3689.685000,,,,true,,,22.471200,56.913600,121.712000
gbz,gbz-baseline,random-1000-00031,random-1000,GRCh38,chr19,54826908,54827908,1000,100,,1,,1,73920,73920,0,,,,,,73920,,,,,,,,,4073.367000,,,,true,,,22.471200,56.913600,121.712000
gbz,gbz-baseline,random-1000-00032,random-1000,GRCh38,chr6,31506225,31507225,1000,100,,1,,1,73920,73920,0,,,,,,73920,,,,,,,,,342.742000,,,,true,,,22.471200,56.913600,121.712000
gbz,gbz-baseline,random-1000-00033,random-1000,GRCh38,chr6,31509336,31510336,1000,100,,1,,1,73920,73920,0,,,,,,73920,,,,,,,,,407.725000,,,,true,,,22.471200,56.913600,121.712000
gbz,gbz-baseline,random-1000-00034,random-1000,GRCh38,chr19,54816603,54817603,1000,100,,1,,1,73920,73920,0,,,,,,73920,,,,,,,,,646.226000,,,,true,,,22.471200,56.913600,121.712000
gbz,gbz-baseline,random-1000-00035,random-1000,CHM13,chr6,31362547,31363547,1000,100,,1,,1,73920,73920,0,,,,,,73920,,,,,,,,,244.037000,,,,true,,,22.471200,56.913600,121.712000
gbz,gbz-baseline,random-1000-00036,random-1000,CHM13,chr19,18937052,18938052,1000,100,,1,,1,73920,73920,0,,,,,,73920,,,,,,,,,4448.993000,,,,true,,,22.471200,56.913600,121.712000
gbz,gbz-baseline,random-1000-00037,random-1000,CHM13,chr6,31360965,31361965,1000,100,,1,,1,73920,73920,0,,,,,,73920,,,,,,,,,357.394000,,,,true,,,22.471200,56.913600,121.712000
gbz,gbz-baseline,random-1000-00038,random-1000,GRCh38,chr6,31504269,31505269,1000,100,,1,,1,73920,73920,0,,,,,,73920,,,,,,,,,996.717000,,,,true,,,22.471200,56.913600,121.712000
gbz,gbz-baseline,random-1000-00039,random-1000,GRCh38,chr6,31503747,31504747,1000,100,,1,,1,73920,73920,0,,,,,,73920,,,,,,,,,830.730000,,,,true,,,22.471200,56.913600,121.712000
gbz,gbz-baseline,random-1000-00040,random-1000,CHM13,chr19,18928411,18929411,1000,100,,1,,1,73920,73920,0,,,,,,73920,,,,,,,,,678.159000,,,,true,,,22.471200,56.913600,121.712000
gbz,gbz-baseline,random-1000-00041,random-1000,GRCh38,chr19,54823938,54824938,1000,100,,1,,1,73920,73920,0,,,,,,73920,,,,,,,,,556.047000,,,,true,,,22.471200,56.913600,121.712000
gbz,gbz-baseline,random-1000-00042,random-1000,CHM13,chr19,18939757,18940757,1000,100,,1,,1,73920,73920,0,,,,,,73920,,,,,,,,,4721.437000,,,,true,,,22.471200,56.913600,121.712000
gbz,gbz-baseline,random-1000-00043,random-1000,CHM13,chr6,31359247,31360247,1000,100,,1,,1,73920,73920,0,,,,,,73920,,,,,,,,,279.410000,,,,true,,,22.471200,56.913600,121.712000
gbz,gbz-baseline,random-1000-00044,random-1000,GRCh38,chr19,54827982,54828982,1000,100,,1,,1,73920,73920,0,,,,,,73920,,,,,,,,,3230.790000,,,,true,,,22.471200,56.913600,121.712000
gbz,gbz-baseline,random-1000-00045,random-1000,GRCh38,chr6,31502847,31503847,1000,100,,1,,1,73920,73920,0,,,,,,73920,,,,,,,,,314.373000,,,,true,,,22.471200,56.913600,121.712000
gbz,gbz-baseline,random-1000-00046,random-1000,CHM13,chr19,18934643,18935643,1000,100,,1,,1,73920,73920,0,,,,,,73920,,,,,,,,,612.499000,,,,true,,,22.471200,56.913600,121.712000
gbz,gbz-baseline,random-1000-00047,random-1000,CHM13,chr6,31358345,31359345,1000,100,,1,,1,73920,73920,0,,,,,,73920,,,,,,,,,379.807000,,,,true,,,22.471200,56.913600,121.712000
gbz,gbz-baseline,random-1000-00048,random-1000,GRCh38,chr19,54826949,54827949,1000,100,,1,,1,73920,73920,0,,,,,,73920,,,,,,,,,3881.239000,,,,true,,,22.471200,56.913600,121.712000
gbz,gbz-baseline,random-1000-00049,random-1000,CHM13,chr6,31353875,31354875,1000,100,,1,,1,73920,73920,0,,,,,,73920,,,,,,,,,434.112000,,,,true,,,22.471200,56.913600,121.712000
gbz,gbz-baseline,random-10000-00000,random-10000,CHM13,chr19,18927515,18937515,10000,100,,1,,1,73920,73920,0,,,,,,73920,,,,,,,,,16064.934000,,,,true,,,22.471200,56.913600,121.712000
gbz,gbz-baseline,random-10000-00001,random-10000,CHM13,chr19,18927048,18937048,10000,100,,1,,1,73920,73920,0,,,,,,73920,,,,,,,,,15347.439000,,,,true,,,22.471200,56.913600,121.712000
gbz,gbz-baseline,random-10000-00002,random-10000,GRCh38,chr6,31499564,31509564,10000,100,,1,,1,73920,73920,0,,,,,,73920,,,,,,,,,7769.386000,,,,true,,,22.471200,56.913600,121.712000
gbz,gbz-baseline,random-10000-00003,random-10000,CHM13,chr6,31353211,31363211,10000,100,,1,,1,73920,73920,0,,,,,,73920,,,,,,,,,7892.960000,,,,true,,,22.471200,56.913600,121.712000
gbz,gbz-baseline,random-10000-00004,random-10000,CHM13,chr6,31351115,31361115,10000,100,,1,,1,73920,73920,0,,,,,,73920,,,,,,,,,8818.993000,,,,true,,,22.471200,56.913600,121.712000
gbz,gbz-baseline,random-10000-00005,random-10000,GRCh38,chr6,31500727,31510727,10000,100,,1,,1,73920,73920,0,,,,,,73920,,,,,,,,,7766.018000,,,,true,,,22.471200,56.913600,121.712000
gbz,gbz-baseline,random-10000-00006,random-10000,CHM13,chr19,18927710,18937710,10000,100,,1,,1,73920,73920,0,,,,,,73920,,,,,,,,,17684.326000,,,,true,,,22.471200,56.913600,121.712000
gbz,gbz-baseline,random-10000-00007,random-10000,GRCh38,chr19,54819693,54829693,10000,100,,1,,1,73920,73920,0,,,,,,73920,,,,,,,,,27587.906000,,,,true,,,22.471200,56.913600,121.712000
gbz,gbz-baseline,random-10000-00008,random-10000,GRCh38,chr19,54817489,54827489,10000,100,,1,,1,73920,73920,0,,,,,,73920,,,,,,,,,19112.054000,,,,true,,,22.471200,56.913600,121.712000
gbz,gbz-baseline,random-10000-00009,random-10000,CHM13,chr6,31353418,31363418,10000,100,,1,,1,73920,73920,0,,,,,,73920,,,,,,,,,7938.299000,,,,true,,,22.471200,56.913600,121.712000
gbz,gbz-baseline,random-10000-00010,random-10000,CHM13,chr6,31352971,31362971,10000,100,,1,,1,73920,73920,0,,,,,,73920,,,,,,,,,7985.472000,,,,true,,,22.471200,56.913600,121.712000
gbz,gbz-baseline,random-10000-00011,random-10000,GRCh38,chr19,54818493,54828493,10000,100,,1,,1,73920,73920,0,,,,,,73920,,,,,,,,,22704.740000,,,,true,,,22.471200,56.913600,121.712000
gbz,gbz-baseline,random-10000-00012,random-10000,GRCh38,chr19,54818964,54828964,10000,100,,1,,1,73920,73920,0,,,,,,73920,,,,,,,,,24706.930000,,,,true,,,22.471200,56.913600,121.712000
gbz,gbz-baseline,random-10000-00013,random-10000,CHM13,chr6,31351555,31361555,10000,100,,1,,1,73920,73920,0,,,,,,73920,,,,,,,,,8807.352000,,,,true,,,22.471200,56.913600,121.712000
gbz,gbz-baseline,random-10000-00014,random-10000,CHM13,chr6,31352241,31362241,10000,100,,1,,1,73920,73920,0,,,,,,73920,,,,,,,,,8391.400000,,,,true,,,22.471200,56.913600,121.712000
gbz,gbz-baseline,random-10000-00015,random-10000,GRCh38,chr6,31500220,31510220,10000,100,,1,,1,73920,73920,0,,,,,,73920,,,,,,,,,8237.126000,,,,true,,,22.471200,56.913600,121.712000
gbz,gbz-baseline,random-10000-00016,random-10000,GRCh38,chr6,31498515,31508515,10000,100,,1,,1,73920,73920,0,,,,,,73920,,,,,,,,,9307.299000,,,,true,,,22.471200,56.913600,121.712000
gbz,gbz-baseline,random-10000-00017,random-10000,CHM13,chr19,18927173,18937173,10000,100,,1,,1,73920,73920,0,,,,,,73920,,,,,,,,,16113.486000,,,,true,,,22.471200,56.913600,121.712000
gbz,gbz-baseline,random-10000-00018,random-10000,GRCh38,chr19,54819485,54829485,10000,100,,1,,1,73920,73920,0,,,,,,73920,,,,,,,,,28463.335000,,,,true,,,22.471200,56.913600,121.712000
gbz,gbz-baseline,random-10000-00019,random-10000,GRCh38,chr19,54819535,54829535,10000,100,,1,,1,73920,73920,0,,,,,,73920,,,,,,,,,27028.047000,,,,true,,,22.471200,56.913600,121.712000
gbz,gbz-baseline,random-10000-00020,random-10000,GRCh38,chr19,54817554,54827554,10000,100,,1,,1,73920,73920,0,,,,,,73920,,,,,,,,,19618.458000,,,,true,,,22.471200,56.913600,121.712000
gbz,gbz-baseline,random-10000-00021,random-10000,CHM13,chr19,18929552,18939552,10000,100,,1,,1,73920,73920,0,,,,,,73920,,,,,,,,,25142.111000,,,,true,,,22.471200,56.913600,121.712000
gbz,gbz-baseline,random-10000-00022,random-10000,GRCh38,chr19,54820740,54830740,10000,100,,1,,1,73920,73920,0,,,,,,73920,,,,,,,,,33759.300000,,,,true,,,22.471200,56.913600,121.712000
gbz,gbz-baseline,random-10000-00023,random-10000,GRCh38,chr19,54818932,54828932,10000,100,,1,,1,73920,73920,0,,,,,,73920,,,,,,,,,24665.514000,,,,true,,,22.471200,56.913600,121.712000
gbz,gbz-baseline,random-10000-00024,random-10000,CHM13,chr6,31351872,31361872,10000,100,,1,,1,73920,73920,0,,,,,,73920,,,,,,,,,8663.311000,,,,true,,,22.471200,56.913600,121.712000
gbz,gbz-baseline,random-10000-00025,random-10000,CHM13,chr19,18928033,18938033,10000,100,,1,,1,73920,73920,0,,,,,,73920,,,,,,,,,19426.090000,,,,true,,,22.471200,56.913600,121.712000
gbz,gbz-baseline,random-10000-00026,random-10000,CHM13,chr19,18929766,18939766,10000,100,,1,,1,73920,73920,0,,,,,,73920,,,,,,,,,27036.355000,,,,true,,,22.471200,56.913600,121.712000
gbz,gbz-baseline,random-10000-00027,random-10000,GRCh38,chr19,54818824,54828824,10000,100,,1,,1,73920,73920,0,,,,,,73920,,,,,,,,,28973.256000,,,,true,,,22.471200,56.913600,121.712000
gbz,gbz-baseline,random-10000-00028,random-10000,GRCh38,chr6,31500466,31510466,10000,100,,1,,1,73920,73920,0,,,,,,73920,,,,,,,,,7936.146000,,,,true,,,22.471200,56.913600,121.712000
gbz,gbz-baseline,random-10000-00029,random-10000,GRCh38,chr19,54819488,54829488,10000,100,,1,,1,73920,73920,0,,,,,,73920,,,,,,,,,27192.091000,,,,true,,,22.471200,56.913600,121.712000
gbz,gbz-baseline,random-10000-00030,random-10000,CHM13,chr19,18929211,18939211,10000,100,,1,,1,73920,73920,0,,,,,,73920,,,,,,,,,23942.484000,,,,true,,,22.471200,56.913600,121.712000
gbz,gbz-baseline,random-10000-00031,random-10000,GRCh38,chr19,54818293,54828293,10000,100,,1,,1,73920,73920,0,,,,,,73920,,,,,,,,,22348.755000,,,,true,,,22.471200,56.913600,121.712000
gbz,gbz-baseline,random-10000-00032,random-10000,GRCh38,chr6,31498328,31508328,10000,100,,1,,1,73920,73920,0,,,,,,73920,,,,,,,,,9049.530000,,,,true,,,22.471200,56.913600,121.712000
gbz,gbz-baseline,random-10000-00033,random-10000,CHM13,chr19,18928926,18938926,10000,100,,1,,1,73920,73920,0,,,,,,73920,,,,,,,,,22618.098000,,,,true,,,22.471200,56.913600,121.712000
gbz,gbz-baseline,random-10000-00034,random-10000,GRCh38,chr19,54817527,54827527,10000,100,,1,,1,73920,73920,0,,,,,,73920,,,,,,,,,19683.238000,,,,true,,,22.471200,56.913600,121.712000
gbz,gbz-baseline,random-10000-00035,random-10000,CHM13,chr19,18930705,18940705,10000,100,,1,,1,73920,73920,0,,,,,,73920,,,,,,,,,31521.271000,,,,true,,,22.471200,56.913600,121.712000
gbz,gbz-baseline,random-10000-00036,random-10000,GRCh38,chr19,54819606,54829606,10000,100,,1,,1,73920,73920,0,,,,,,73920,,,,,,,,,27482.863000,,,,true,,,22.471200,56.913600,121.712000
gbz,gbz-baseline,random-10000-00037,random-10000,GRCh38,chr19,54816668,54826668,10000,100,,1,,1,73920,73920,0,,,,,,73920,,,,,,,,,15331.257000,,,,true,,,22.471200,56.913600,121.712000
gbz,gbz-baseline,random-10000-00038,random-10000,GRCh38,chr19,54820649,54830649,10000,100,,1,,1,73920,73920,0,,,,,,73920,,,,,,,,,34657.920000,,,,true,,,22.471200,56.913600,121.712000
gbz,gbz-baseline,random-10000-00039,random-10000,GRCh38,chr19,54818384,54828384,10000,100,,1,,1,73920,73920,0,,,,,,73920,,,,,,,,,22717.475000,,,,true,,,22.471200,56.913600,121.712000
gbz,gbz-baseline,random-10000-00040,random-10000,CHM13,chr19,18930520,18940520,10000,100,,1,,1,73920,73920,0,,,,,,73920,,,,,,,,,30343.718000,,,,true,,,22.471200,56.913600,121.712000
gbz,gbz-baseline,random-10000-00041,random-10000,GRCh38,chr19,54817653,54827653,10000,100,,1,,1,73920,73920,0,,,,,,73920,,,,,,,,,19409.620000,,,,true,,,22.471200,56.913600,121.712000
gbz,gbz-baseline,random-10000-00042,random-10000,CHM13,chr19,18928104,18938104,10000,100,,1,,1,73920,73920,0,,,,,,73920,,,,,,,,,19366.248000,,,,true,,,22.471200,56.913600,121.712000
gbz,gbz-baseline,random-10000-00043,random-10000,GRCh38,chr19,54819543,54829543,10000,100,,1,,1,73920,73920,0,,,,,,73920,,,,,,,,,27158.981000,,,,true,,,22.471200,56.913600,121.712000
gbz,gbz-baseline,random-10000-00044,random-10000,CHM13,chr19,18929474,18939474,10000,100,,1,,1,73920,73920,0,,,,,,73920,,,,,,,,,25149.372000,,,,true,,,22.471200,56.913600,121.712000
gbz,gbz-baseline,random-10000-00045,random-10000,GRCh38,chr6,31500088,31510088,10000,100,,1,,1,73920,73920,0,,,,,,73920,,,,,,,,,8283.412000,,,,true,,,22.471200,56.913600,121.712000
gbz,gbz-baseline,random-10000-00046,random-10000,CHM13,chr19,18930267,18940267,10000,100,,1,,1,73920,73920,0,,,,,,73920,,,,,,,,,29380.774000,,,,true,,,22.471200,56.913600,121.712000
gbz,gbz-baseline,random-10000-00047,random-10000,GRCh38,chr19,54817811,54827811,10000,100,,1,,1,73920,73920,0,,,,,,73920,,,,,,,,,20376.135000,,,,true,,,22.471200,56.913600,121.712000
gbz,gbz-baseline,random-10000-00048,random-10000,GRCh38,chr6,31499038,31509038,10000,100,,1,,1,73920,73920,0,,,,,,73920,,,,,,,,,8482.531000,,,,true,,,22.471200,56.913600,121.712000
gbz,gbz-baseline,random-10000-00049,random-10000,GRCh38,chr19,54820051,54830051,10000,100,,1,,1,73920,73920,0,,,,,,73920,,,,,,,,,30158.416000,,,,true,,,22.471200,56.913600,121.712000
gbz-base,gbz-base-baseline,hard-micb,hard-MICB,GRCh38,chr6,31498145,31511124,12979,100,,,,,,,,,,,,,,,,,,,,,,19605.016000,,,,true,,,,,
gbz-base,gbz-base-baseline,hard-kir3dl1,hard-KIR3DL1,GRCh38,chr19,54816436,54830779,14343,100,,,,,,,,,,,,,,,,,,,,,,67930.327000,,,,true,,,,,
gbz-base,gbz-base-baseline,random-1000-00000,random-1000,GRCh38,chr19,54818630,54819630,1000,100,,,,,,,,,,,,,,,,,,,,,,2382.846000,,,,true,,,,,
gbz-base,gbz-base-baseline,random-1000-00001,random-1000,CHM13,chr6,31354488,31355488,1000,100,,,,,,,,,,,,,,,,,,,,,,1246.653000,,,,true,,,,,
gbz-base,gbz-base-baseline,random-1000-00002,random-1000,CHM13,chr19,18939211,18940211,1000,100,,,,,,,,,,,,,,,,,,,,,,11805.721000,,,,true,,,,,
gbz-base,gbz-base-baseline,random-1000-00003,random-1000,CHM13,chr19,18930672,18931672,1000,100,,,,,,,,,,,,,,,,,,,,,,1644.724000,,,,true,,,,,
gbz-base,gbz-base-baseline,random-1000-00004,random-1000,GRCh38,chr6,31509956,31510956,1000,100,,,,,,,,,,,,,,,,,,,,,,878.638000,,,,true,,,,,
gbz-base,gbz-base-baseline,random-1000-00005,random-1000,GRCh38,chr6,31505046,31506046,1000,100,,,,,,,,,,,,,,,,,,,,,,1874.743000,,,,true,,,,,
gbz-base,gbz-base-baseline,random-1000-00006,random-1000,GRCh38,chr19,54823280,54824280,1000,100,,,,,,,,,,,,,,,,,,,,,,1699.109000,,,,true,,,,,
gbz-base,gbz-base-baseline,random-1000-00007,random-1000,GRCh38,chr6,31503327,31504327,1000,100,,,,,,,,,,,,,,,,,,,,,,2269.576000,,,,true,,,,,
gbz-base,gbz-base-baseline,random-1000-00008,random-1000,GRCh38,chr19,54826165,54827165,1000,100,,,,,,,,,,,,,,,,,,,,,,9881.690000,,,,true,,,,,
gbz-base,gbz-base-baseline,random-1000-00009,random-1000,GRCh38,chr19,54825783,54826783,1000,100,,,,,,,,,,,,,,,,,,,,,,7599.510000,,,,true,,,,,
gbz-base,gbz-base-baseline,random-1000-00010,random-1000,GRCh38,chr19,54824197,54825197,1000,100,,,,,,,,,,,,,,,,,,,,,,1965.674000,,,,true,,,,,
gbz-base,gbz-base-baseline,random-1000-00011,random-1000,GRCh38,chr6,31508687,31509687,1000,100,,,,,,,,,,,,,,,,,,,,,,1460.740000,,,,true,,,,,
gbz-base,gbz-base-baseline,random-1000-00012,random-1000,GRCh38,chr6,31498578,31499578,1000,100,,,,,,,,,,,,,,,,,,,,,,2066.164000,,,,true,,,,,
gbz-base,gbz-base-baseline,random-1000-00013,random-1000,CHM13,chr19,18934804,18935804,1000,100,,,,,,,,,,,,,,,,,,,,,,2483.712000,,,,true,,,,,
gbz-base,gbz-base-baseline,random-1000-00014,random-1000,GRCh38,chr19,54818543,54819543,1000,100,,,,,,,,,,,,,,,,,,,,,,2377.639000,,,,true,,,,,
gbz-base,gbz-base-baseline,random-1000-00015,random-1000,GRCh38,chr19,54822995,54823995,1000,100,,,,,,,,,,,,,,,,,,,,,,1488.898000,,,,true,,,,,
gbz-base,gbz-base-baseline,random-1000-00016,random-1000,GRCh38,chr6,31500086,31501086,1000,100,,,,,,,,,,,,,,,,,,,,,,1439.494000,,,,true,,,,,
gbz-base,gbz-base-baseline,random-1000-00017,random-1000,CHM13,chr19,18935132,18936132,1000,100,,,,,,,,,,,,,,,,,,,,,,3383.238000,,,,true,,,,,
gbz-base,gbz-base-baseline,random-1000-00018,random-1000,GRCh38,chr6,31500755,31501755,1000,100,,,,,,,,,,,,,,,,,,,,,,1257.691000,,,,true,,,,,
gbz-base,gbz-base-baseline,random-1000-00019,random-1000,CHM13,chr6,31355683,31356683,1000,100,,,,,,,,,,,,,,,,,,,,,,1545.125000,,,,true,,,,,
gbz-base,gbz-base-baseline,random-1000-00020,random-1000,GRCh38,chr6,31505631,31506631,1000,100,,,,,,,,,,,,,,,,,,,,,,1551.361000,,,,true,,,,,
gbz-base,gbz-base-baseline,random-1000-00021,random-1000,GRCh38,chr19,54819258,54820258,1000,100,,,,,,,,,,,,,,,,,,,,,,1961.015000,,,,true,,,,,
gbz-base,gbz-base-baseline,random-1000-00022,random-1000,CHM13,chr6,31362561,31363561,1000,100,,,,,,,,,,,,,,,,,,,,,,956.757000,,,,true,,,,,
gbz-base,gbz-base-baseline,random-1000-00023,random-1000,GRCh38,chr19,54818709,54819709,1000,100,,,,,,,,,,,,,,,,,,,,,,2232.884000,,,,true,,,,,
gbz-base,gbz-base-baseline,random-1000-00024,random-1000,GRCh38,chr6,31509347,31510347,1000,100,,,,,,,,,,,,,,,,,,,,,,1177.857000,,,,true,,,,,
gbz-base,gbz-base-baseline,random-1000-00025,random-1000,CHM13,chr19,18937374,18938374,1000,100,,,,,,,,,,,,,,,,,,,,,,8684.995000,,,,true,,,,,
gbz-base,gbz-base-baseline,random-1000-00026,random-1000,CHM13,chr19,18928542,18929542,1000,100,,,,,,,,,,,,,,,,,,,,,,2312.614000,,,,true,,,,,
gbz-base,gbz-base-baseline,random-1000-00027,random-1000,CHM13,chr19,18933366,18934366,1000,100,,,,,,,,,,,,,,,,,,,,,,1458.272000,,,,true,,,,,
gbz-base,gbz-base-baseline,random-1000-00028,random-1000,CHM13,chr6,31362297,31363297,1000,100,,,,,,,,,,,,,,,,,,,,,,1206.394000,,,,true,,,,,
gbz-base,gbz-base-baseline,random-1000-00029,random-1000,GRCh38,chr6,31506359,31507359,1000,100,,,,,,,,,,,,,,,,,,,,,,1045.807000,,,,true,,,,,
gbz-base,gbz-base-baseline,random-1000-00030,random-1000,GRCh38,chr19,54827474,54828474,1000,100,,,,,,,,,,,,,,,,,,,,,,9219.732000,,,,true,,,,,
gbz-base,gbz-base-baseline,random-1000-00031,random-1000,GRCh38,chr19,54826908,54827908,1000,100,,,,,,,,,,,,,,,,,,,,,,8765.709000,,,,true,,,,,
gbz-base,gbz-base-baseline,random-1000-00032,random-1000,GRCh38,chr6,31506225,31507225,1000,100,,,,,,,,,,,,,,,,,,,,,,1134.862000,,,,true,,,,,
gbz-base,gbz-base-baseline,random-1000-00033,random-1000,GRCh38,chr6,31509336,31510336,1000,100,,,,,,,,,,,,,,,,,,,,,,1077.949000,,,,true,,,,,
gbz-base,gbz-base-baseline,random-1000-00034,random-1000,GRCh38,chr19,54816603,54817603,1000,100,,,,,,,,,,,,,,,,,,,,,,1829.351000,,,,true,,,,,
gbz-base,gbz-base-baseline,random-1000-00035,random-1000,CHM13,chr6,31362547,31363547,1000,100,,,,,,,,,,,,,,,,,,,,,,940.428000,,,,true,,,,,
gbz-base,gbz-base-baseline,random-1000-00036,random-1000,CHM13,chr19,18937052,18938052,1000,100,,,,,,,,,,,,,,,,,,,,,,10836.397000,,,,true,,,,,
gbz-base,gbz-base-baseline,random-1000-00037,random-1000,CHM13,chr6,31360965,31361965,1000,100,,,,,,,,,,,,,,,,,,,,,,1254.437000,,,,true,,,,,
gbz-base,gbz-base-baseline,random-1000-00038,random-1000,GRCh38,chr6,31504269,31505269,1000,100,,,,,,,,,,,,,,,,,,,,,,2708.067000,,,,true,,,,,
gbz-base,gbz-base-baseline,random-1000-00039,random-1000,GRCh38,chr6,31503747,31504747,1000,100,,,,,,,,,,,,,,,,,,,,,,2183.569000,,,,true,,,,,
gbz-base,gbz-base-baseline,random-1000-00040,random-1000,CHM13,chr19,18928411,18929411,1000,100,,,,,,,,,,,,,,,,,,,,,,2155.611000,,,,true,,,,,
gbz-base,gbz-base-baseline,random-1000-00041,random-1000,GRCh38,chr19,54823938,54824938,1000,100,,,,,,,,,,,,,,,,,,,,,,1621.211000,,,,true,,,,,
gbz-base,gbz-base-baseline,random-1000-00042,random-1000,CHM13,chr19,18939757,18940757,1000,100,,,,,,,,,,,,,,,,,,,,,,11217.065000,,,,true,,,,,
gbz-base,gbz-base-baseline,random-1000-00043,random-1000,CHM13,chr6,31359247,31360247,1000,100,,,,,,,,,,,,,,,,,,,,,,1124.284000,,,,true,,,,,
gbz-base,gbz-base-baseline,random-1000-00044,random-1000,GRCh38,chr19,54827982,54828982,1000,100,,,,,,,,,,,,,,,,,,,,,,7643.212000,,,,true,,,,,
gbz-base,gbz-base-baseline,random-1000-00045,random-1000,GRCh38,chr6,31502847,31503847,1000,100,,,,,,,,,,,,,,,,,,,,,,1080.876000,,,,true,,,,,
gbz-base,gbz-base-baseline,random-1000-00046,random-1000,CHM13,chr19,18934643,18935643,1000,100,,,,,,,,,,,,,,,,,,,,,,1760.539000,,,,true,,,,,
gbz-base,gbz-base-baseline,random-1000-00047,random-1000,CHM13,chr6,31358345,31359345,1000,100,,,,,,,,,,,,,,,,,,,,,,1437.914000,,,,true,,,,,
gbz-base,gbz-base-baseline,random-1000-00048,random-1000,GRCh38,chr19,54826949,54827949,1000,100,,,,,,,,,,,,,,,,,,,,,,8669.813000,,,,true,,,,,
gbz-base,gbz-base-baseline,random-1000-00049,random-1000,CHM13,chr6,31353875,31354875,1000,100,,,,,,,,,,,,,,,,,,,,,,1559.567000,,,,true,,,,,
gbz-base,gbz-base-baseline,random-10000-00000,random-10000,CHM13,chr19,18927515,18937515,10000,100,,,,,,,,,,,,,,,,,,,,,,29542.949000,,,,true,,,,,
gbz-base,gbz-base-baseline,random-10000-00001,random-10000,CHM13,chr19,18927048,18937048,10000,100,,,,,,,,,,,,,,,,,,,,,,27229.404000,,,,true,,,,,
gbz-base,gbz-base-baseline,random-10000-00002,random-10000,GRCh38,chr6,31499564,31509564,10000,100,,,,,,,,,,,,,,,,,,,,,,14169.190000,,,,true,,,,,
gbz-base,gbz-base-baseline,random-10000-00003,random-10000,CHM13,chr6,31353211,31363211,10000,100,,,,,,,,,,,,,,,,,,,,,,14044.922000,,,,true,,,,,
gbz-base,gbz-base-baseline,random-10000-00004,random-10000,CHM13,chr6,31351115,31361115,10000,100,,,,,,,,,,,,,,,,,,,,,,15871.294000,,,,true,,,,,
gbz-base,gbz-base-baseline,random-10000-00005,random-10000,GRCh38,chr6,31500727,31510727,10000,100,,,,,,,,,,,,,,,,,,,,,,14025.164000,,,,true,,,,,
gbz-base,gbz-base-baseline,random-10000-00006,random-10000,CHM13,chr19,18927710,18937710,10000,100,,,,,,,,,,,,,,,,,,,,,,31814.835000,,,,true,,,,,
gbz-base,gbz-base-baseline,random-10000-00007,random-10000,GRCh38,chr19,54819693,54829693,10000,100,,,,,,,,,,,,,,,,,,,,,,46706.533000,,,,true,,,,,
gbz-base,gbz-base-baseline,random-10000-00008,random-10000,GRCh38,chr19,54817489,54827489,10000,100,,,,,,,,,,,,,,,,,,,,,,32153.061000,,,,true,,,,,
gbz-base,gbz-base-baseline,random-10000-00009,random-10000,CHM13,chr6,31353418,31363418,10000,100,,,,,,,,,,,,,,,,,,,,,,13805.583000,,,,true,,,,,
gbz-base,gbz-base-baseline,random-10000-00010,random-10000,CHM13,chr6,31352971,31362971,10000,100,,,,,,,,,,,,,,,,,,,,,,14471.393000,,,,true,,,,,
gbz-base,gbz-base-baseline,random-10000-00011,random-10000,GRCh38,chr19,54818493,54828493,10000,100,,,,,,,,,,,,,,,,,,,,,,38653.874000,,,,true,,,,,
gbz-base,gbz-base-baseline,random-10000-00012,random-10000,GRCh38,chr19,54818964,54828964,10000,100,,,,,,,,,,,,,,,,,,,,,,41658.272000,,,,true,,,,,
gbz-base,gbz-base-baseline,random-10000-00013,random-10000,CHM13,chr6,31351555,31361555,10000,100,,,,,,,,,,,,,,,,,,,,,,14711.220000,,,,true,,,,,
gbz-base,gbz-base-baseline,random-10000-00014,random-10000,CHM13,chr6,31352241,31362241,10000,100,,,,,,,,,,,,,,,,,,,,,,14042.842000,,,,true,,,,,
gbz-base,gbz-base-baseline,random-10000-00015,random-10000,GRCh38,chr6,31500220,31510220,10000,100,,,,,,,,,,,,,,,,,,,,,,14245.907000,,,,true,,,,,
gbz-base,gbz-base-baseline,random-10000-00016,random-10000,GRCh38,chr6,31498515,31508515,10000,100,,,,,,,,,,,,,,,,,,,,,,16362.292000,,,,true,,,,,
gbz-base,gbz-base-baseline,random-10000-00017,random-10000,CHM13,chr19,18927173,18937173,10000,100,,,,,,,,,,,,,,,,,,,,,,27882.852000,,,,true,,,,,
gbz-base,gbz-base-baseline,random-10000-00018,random-10000,GRCh38,chr19,54819485,54829485,10000,100,,,,,,,,,,,,,,,,,,,,,,46821.598000,,,,true,,,,,
gbz-base,gbz-base-baseline,random-10000-00019,random-10000,GRCh38,chr19,54819535,54829535,10000,100,,,,,,,,,,,,,,,,,,,,,,45294.865000,,,,true,,,,,
gbz-base,gbz-base-baseline,random-10000-00020,random-10000,GRCh38,chr19,54817554,54827554,10000,100,,,,,,,,,,,,,,,,,,,,,,33085.410000,,,,true,,,,,
gbz-base,gbz-base-baseline,random-10000-00021,random-10000,CHM13,chr19,18929552,18939552,10000,100,,,,,,,,,,,,,,,,,,,,,,42869.744000,,,,true,,,,,
gbz-base,gbz-base-baseline,random-10000-00022,random-10000,GRCh38,chr19,54820740,54830740,10000,100,,,,,,,,,,,,,,,,,,,,,,56580.024000,,,,true,,,,,
gbz-base,gbz-base-baseline,random-10000-00023,random-10000,GRCh38,chr19,54818932,54828932,10000,100,,,,,,,,,,,,,,,,,,,,,,42009.834000,,,,true,,,,,
gbz-base,gbz-base-baseline,random-10000-00024,random-10000,CHM13,chr6,31351872,31361872,10000,100,,,,,,,,,,,,,,,,,,,,,,14845.899000,,,,true,,,,,
gbz-base,gbz-base-baseline,random-10000-00025,random-10000,CHM13,chr19,18928033,18938033,10000,100,,,,,,,,,,,,,,,,,,,,,,33427.172000,,,,true,,,,,
gbz-base,gbz-base-baseline,random-10000-00026,random-10000,CHM13,chr19,18929766,18939766,10000,100,,,,,,,,,,,,,,,,,,,,,,45693.220000,,,,true,,,,,
gbz-base,gbz-base-baseline,random-10000-00027,random-10000,GRCh38,chr19,54818824,54828824,10000,100,,,,,,,,,,,,,,,,,,,,,,40570.946000,,,,true,,,,,
gbz-base,gbz-base-baseline,random-10000-00028,random-10000,GRCh38,chr6,31500466,31510466,10000,100,,,,,,,,,,,,,,,,,,,,,,14039.826000,,,,true,,,,,
gbz-base,gbz-base-baseline,random-10000-00029,random-10000,GRCh38,chr19,54819488,54829488,10000,100,,,,,,,,,,,,,,,,,,,,,,46456.085000,,,,true,,,,,
gbz-base,gbz-base-baseline,random-10000-00030,random-10000,CHM13,chr19,18929211,18939211,10000,100,,,,,,,,,,,,,,,,,,,,,,40394.172000,,,,true,,,,,
gbz-base,gbz-base-baseline,random-10000-00031,random-10000,GRCh38,chr19,54818293,54828293,10000,100,,,,,,,,,,,,,,,,,,,,,,38908.377000,,,,true,,,,,
gbz-base,gbz-base-baseline,random-10000-00032,random-10000,GRCh38,chr6,31498328,31508328,10000,100,,,,,,,,,,,,,,,,,,,,,,15772.953000,,,,true,,,,,
gbz-base,gbz-base-baseline,random-10000-00033,random-10000,CHM13,chr19,18928926,18938926,10000,100,,,,,,,,,,,,,,,,,,,,,,38575.074000,,,,true,,,,,
gbz-base,gbz-base-baseline,random-10000-00034,random-10000,GRCh38,chr19,54817527,54827527,10000,100,,,,,,,,,,,,,,,,,,,,,,32644.592000,,,,true,,,,,
gbz-base,gbz-base-baseline,random-10000-00035,random-10000,CHM13,chr19,18930705,18940705,10000,100,,,,,,,,,,,,,,,,,,,,,,52145.362000,,,,true,,,,,
gbz-base,gbz-base-baseline,random-10000-00036,random-10000,GRCh38,chr19,54819606,54829606,10000,100,,,,,,,,,,,,,,,,,,,,,,48273.489000,,,,true,,,,,
gbz-base,gbz-base-baseline,random-10000-00037,random-10000,GRCh38,chr19,54816668,54826668,10000,100,,,,,,,,,,,,,,,,,,,,,,27813.656000,,,,true,,,,,
gbz-base,gbz-base-baseline,random-10000-00038,random-10000,GRCh38,chr19,54820649,54830649,10000,100,,,,,,,,,,,,,,,,,,,,,,58163.854000,,,,true,,,,,
gbz-base,gbz-base-baseline,random-10000-00039,random-10000,GRCh38,chr19,54818384,54828384,10000,100,,,,,,,,,,,,,,,,,,,,,,40327.992000,,,,true,,,,,
gbz-base,gbz-base-baseline,random-10000-00040,random-10000,CHM13,chr19,18930520,18940520,10000,100,,,,,,,,,,,,,,,,,,,,,,55727.658000,,,,true,,,,,
gbz-base,gbz-base-baseline,random-10000-00041,random-10000,GRCh38,chr19,54817653,54827653,10000,100,,,,,,,,,,,,,,,,,,,,,,33847.893000,,,,true,,,,,
gbz-base,gbz-base-baseline,random-10000-00042,random-10000,CHM13,chr19,18928104,18938104,10000,100,,,,,,,,,,,,,,,,,,,,,,33198.191000,,,,true,,,,,
gbz-base,gbz-base-baseline,random-10000-00043,random-10000,GRCh38,chr19,54819543,54829543,10000,100,,,,,,,,,,,,,,,,,,,,,,45861.741000,,,,true,,,,,
gbz-base,gbz-base-baseline,random-10000-00044,random-10000,CHM13,chr19,18929474,18939474,10000,100,,,,,,,,,,,,,,,,,,,,,,42440.358000,,,,true,,,,,
gbz-base,gbz-base-baseline,random-10000-00045,random-10000,GRCh38,chr6,31500088,31510088,10000,100,,,,,,,,,,,,,,,,,,,,,,14362.159000,,,,true,,,,,
gbz-base,gbz-base-baseline,random-10000-00046,random-10000,CHM13,chr19,18930267,18940267,10000,100,,,,,,,,,,,,,,,,,,,,,,48950.364000,,,,true,,,,,
gbz-base,gbz-base-baseline,random-10000-00047,random-10000,GRCh38,chr19,54817811,54827811,10000,100,,,,,,,,,,,,,,,,,,,,,,34812.766000,,,,true,,,,,
gbz-base,gbz-base-baseline,random-10000-00048,random-10000,GRCh38,chr6,31499038,31509038,10000,100,,,,,,,,,,,,,,,,,,,,,,14828.608000,,,,true,,,,,
gbz-base,gbz-base-baseline,random-10000-00049,random-10000,GRCh38,chr19,54820051,54830051,10000,100,,,,,,,,,,,,,,,,,,,,,,50511.792000,,,,true,,,,,
fixed-window,fixed-w16k-zstd-3,hard-micb,hard-MICB,GRCh38,chr6,31498145,31511124,12979,100,0,2,0,2,37797,37797,0,16384,4560,0,1,0,21413,10447,44599,3.617976,0.847485,5.978000,94.156000,5041.376000,961.063000,36092.195000,2,659,8e081a9b2bd2c24f31488efede2c5cac53abf60820c089097221acc1290f8adc,true,2,true,42.007920,105.023760,214.079200
fixed-window,fixed-w16k-zstd-3,hard-kir3dl1,hard-KIR3DL1,GRCh38,chr19,54816436,54830779,14343,100,0,2,0,2,52327,52327,0,0,4560,560,1,0,51767,22636,120266,2.311672,0.435094,21.773000,206.245000,16031.586000,3280.033000,104520.302000,2,2231,4ea78c112a6194e6d835e5c8086e9a844301bc2506f64319ff8e3933129e3576,true,2,true,42.395387,106.186160,217.953867
fixed-window,fixed-w16k-zstd-3,random-1000-00000,random-1000,GRCh38,chr19,54818630,54819630,1000,100,0,1,0,1,9003,9003,0,0,4560,0,1,1,9003,1676,7029,5.371718,1.280837,4.323000,44.508000,1914.322000,247.883000,10070.354000,1,112,f21fab27451d364acf245269653174a191300b494e96b54b0833f384dec1654e,true,1,true,20.740080,51.720240,104.400800
fixed-window,fixed-w16k-zstd-3,random-1000-00001,random-1000,CHM13,chr6,31354488,31355488,1000,100,0,1,0,1,14771,14771,0,0,4560,0,1,0,14771,1022,3756,14.453033,3.932641,9.500000,58.256000,3288.449000,275.898000,27904.073000,1,51,2447bd29dea7507b24435be4e1f0dcafc123db5c22684e2cf2096a36c139ec1e,true,1,true,20.893893,52.181680,105.938933
fixed-window,fixed-w16k-zstd-3,random-1000-00002,random-1000,CHM13,chr19,18939211,18940211,1000,100,0,1,0,1,52780,52780,0,0,4560,0,1,0,52780,4298,21923,12.280130,2.407517,17.583000,214.663000,15369.896000,1377.710000,100357.252000,2,412,3e982b3a553dc5b3d7b83901c689f383e63d6000097717e85e2f5afdb5192706,true,2,true,21.907467,55.222400,116.074667
fixed-window,fixed-w16k-zstd-3,random-1000-00003,random-1000,CHM13,chr19,18930672,18931672,1000,100,0,1,0,1,42136,42136,0,0,4560,0,1,1,42136,1139,4616,36.993854,9.128250,3.394000,158.780000,12346.843000,928.781000,84939.551000,1,67,d88524bb9bd53965452a6fdfdfaca36e69637c0a0a7e1447181e9503f9607acd,true,1,true,21.623627,54.370880,113.236267
fixed-window,fixed-w16k-zstd-3,random-1000-00004,random-1000,GRCh38,chr6,31509956,31510956,1000,100,0,1,0,1,6388,6388,0,0,4560,0,1,1,6388,765,2360,8.350327,2.706780,3.596000,33.894000,1255.482000,104.760000,5909.113000,1,20,1c1a167ced92512debed8733e3fe2ea5a8b46d0a38f1fe7704acde851e043a42,true,1,true,20.670347,51.511040,103.703467
fixed-window,fixed-w16k-zstd-3,random-1000-00005,random-1000,GRCh38,chr6,31505046,31506046,1000,100,0,1,0,1,15025,15025,0,0,4560,0,1,1,15025,1243,5361,12.087691,2.802649,1.575000,55.712000,3299.976000,314.106000,26503.263000,1,87,b16bd64dfb37da12be238f5c2f42749d3bbdcae06c46372d97d8a04cc96d0532,true,1,true,20.900667,52.202000,106.006667
fixed-window,fixed-w16k-zstd-3,random-1000-00006,random-1000,GRCh38,chr19,54823280,54824280,1000,100,0,1,0,1,42764,42764,0,0,4560,0,1,1,42764,1195,4771,35.785774,8.963320,3.399000,162.581000,13067.422000,976.699000,88774.322000,1,70,8af32f33cbd815e55e00b72c09e1f57fa985ea5e283021aa879dac074b4dd65a,true,1,true,21.640373,54.421120,113.403733
fixed-window,fixed-w16k-zstd-3,random-1000-00007,random-1000,GRCh38,chr6,31503327,31504327,1000,100,0,1,0,1,15025,15025,0,0,4560,0,1,1,15025,1482,6283,10.138327,2.391374,3.463000,59.899000,3292.286000,334.123000,27196.406000,1,97,a386baf9e9a06d123e16fe449402d8ded071113755c71f6243b96704c5d0abe2,true,1,true,20.900667,52.202000,106.006667
fixed-window,fixed-w16k-zstd-3,random-1000-00008,random-1000,GRCh38,chr19,54826165,54827165,1000,100,0,1,0,1,42764,42764,0,0,4560,0,1,1,42764,3284,19664,13.021924,2.174736,3.739000,161.956000,13540.298000,1284.238000,92054.787000,1,393,55a8837a6adf6e482198368d1bcd70afcc5e9bd57720401921c950f15f7a009a,true,1,true,21.640373,54.421120,113.403733
fixed-window,fixed-w16k-zstd-3,random-1000-00009,random-1000,GRCh38,chr19,54825783,54826783,1000,100,0,1,0,1,42764,42764,0,0,4560,0,1,1,42764,2858,16787,14.962911,2.547447,3.410000,166.061000,13982.558000,1313.660000,107807.837000,1,331,1d3b298a866c8e949a53bf36b7c547fc147c28115237ab0dc9d030a2a1d75ed3,true,1,true,21.640373,54.421120,113.403733
fixed-window,fixed-w16k-zstd-3,random-1000-00010,random-1000,GRCh38,chr19,54824197,54825197,1000,100,0,1,0,1,42764,42764,0,0,4560,0,1,1,42764,1298,5319,32.946071,8.039857,3.959000,162.953000,13501.854000,1011.297000,90219.808000,1,85,fb56c0861903d95e47927e7a7fa7f61332a1728038bfe7cee35547dd3d1ea072,true,1,true,21.640373,54.421120,113.403733
fixed-window,fixed-w16k-zstd-3,random-1000-00011,random-1000,GRCh38,chr6,31508687,31509687,1000,100,0,1,0,1,6388,6388,0,0,4560,0,1,1,6388,1003,3894,6.368893,1.640473,3.009000,32.775000,1254.154000,128.154000,5879.866000,1,55,dc9cd79cc8c2b2709821938d0034de843cdb5ebef91eec3a92fd8cd6b0fdad64,true,1,true,20.670347,51.511040,103.703467
fixed-window,fixed-w16k-zstd-3,random-1000-00012,random-1000,GRCh38,chr6,31498578,31499578,1000,100,0,1,0,1,15025,15025,0,0,4560,0,1,1,15025,1470,5735,10.221088,2.619878,1.962000,55.572000,3322.777000,319.076000,26714.130000,1,89,c403eef14917e6b686762197dc194e4a6d821914e2b1ffc4fb9bd90b0cbf56fa,true,1,true,20.900667,52.202000,106.006667
fixed-window,fixed-w16k-zstd-3,random-1000-00013,random-1000,CHM13,chr19,18934804,18935804,1000,100,0,1,0,1,42136,42136,0,0,4560,0,1,1,42136,1572,6706,26.804071,6.283328,4.056000,157.833000,12475.162000,947.227000,85188.860000,1,111,ad32c7d856071f94810c9ebc737bd0992ddc4138205c417989624a16e1a46b82,true,1,true,21.623627,54.370880,113.236267
fixed-window,fixed-w16k-zstd-3,random-1000-00014,random-1000,GRCh38,chr19,54818543,54819543,1000,100,0,1,0,1,9003,9003,0,0,4560,0,1,1,9003,1793,7488,5.021194,1.202324,3.623000,43.150000,1893.102000,253.107000,9995.463000,1,121,abe68b07da4cac926944b03ae52a1af3a8669b9bb42af99f19a6d98b110b5fe8,true,1,true,20.740080,51.720240,104.400800
fixed-window,fixed-w16k-zstd-3,random-1000-00015,random-1000,GRCh38,chr19,54822995,54823995,1000,100,0,1,0,1,42764,42764,0,0,4560,0,1,1,42764,1181,4578,36.209992,9.341197,2.650000,160.602000,13208.949000,999.092000,88888.057000,1,66,8a72e0b887900afc82aee886713646137a29ee3dc80654cff7810b6b509fa039,true,1,true,21.640373,54.421120,113.403733
fixed-window,fixed-w16k-zstd-3,random-1000-00016,random-1000,GRCh38,chr6,31500086,31501086,1000,100,0,1,0,1,15025,15025,0,0,4560,0,1,1,15025,1091,4071,13.771769,3.690739,3.721000,59.855000,3331.439000,285.733000,26749.625000,1,54,6d8ebae6f424d9f114ac82ef6e6470e27d0c410db2125b4ff92d6c78ec11ddb8,true,1,true,20.900667,52.202000,106.006667
fixed-window,fixed-w16k-zstd-3,random-1000-00017,random-1000,CHM13,chr19,18935132,18936132,1000,100,0,1,0,1,42136,42136,0,0,4560,0,1,1,42136,1760,8280,23.940909,5.088889,2.977000,159.554000,12617.390000,1028.667000,85338.697000,1,149,7e39334d82950ad46a7dded8c04e5b5173ad6011091c22de11b2fc7ef21435c6,true,1,true,21.623627,54.370880,113.236267
fixed-window,fixed-w16k-zstd-3,random-1000-00018,random-1000,GRCh38,chr6,31500755,31501755,1000,100,0,1,0,1,15025,15025,0,0,4560,0,1,1,15025,1054,4061,14.255218,3.699828,2.976000,59.658000,3290.980000,295.044000,27163.158000,1,58,6892a0300e5048f7c0f3d00619bb5ffb4497d766808b793faef9b8d94d35326a,true,1,true,20.900667,52.202000,106.006667
fixed-window,fixed-w16k-zstd-3,random-1000-00019,random-1000,CHM13,chr6,31355683,31356683,1000,100,0,1,0,1,14771,14771,0,0,4560,0,1,1,14771,1256,4907,11.760350,3.010190,3.070000,60.194000,3436.678000,295.666000,26660.004000,1,66,baf573b4c3d462b3a8dde6c40f47d19c0873592a1ff8535d27a5d521322b512c,true,1,true,20.893893,52.181680,105.938933
fixed-window,fixed-w16k-zstd-3,random-1000-00020,random-1000,GRCh38,chr6,31505631,31506631,1000,100,0,1,0,1,21413,21413,0,0,4560,0,1,1,21413,993,3594,21.563948,5.957986,3.535000,93.032000,4560.708000,342.647000,32827.961000,2,46,046ba0e59f63d2b93d90e395739eafacfebb3a401f67496f435743ed89b0314b,true,2,true,21.071013,52.713040,107.710133
fixed-window,fixed-w16k-zstd-3,random-1000-00021,random-1000,GRCh38,chr19,54819258,54820258,1000,100,0,1,0,1,9003,9003,0,0,4560,0,1,1,9003,1319,4985,6.825625,1.806018,3.842000,40.017000,1898.260000,202.770000,9755.738000,1,70,b1e8d79aeb44ef1ed796c5323ccfa9207bbd85dad43ce48ec148ed450d39edaa,true,1,true,20.740080,51.720240,104.400800
fixed-window,fixed-w16k-zstd-3,random-1000-00022,random-1000,CHM13,chr6,31362561,31363561,1000,100,0,1,0,1,6680,6680,0,0,4560,0,1,1,6680,880,2862,7.590909,2.334032,4.081000,33.414000,1340.127000,107.188000,6393.874000,1,29,f10fe835567c98ac88996d81daf2a41e23e1e9d46e6fe5fa9f51d2339f9c3f80,true,1,true,20.678133,51.534400,103.781333
fixed-window,fixed-w16k-zstd-3,random-1000-00023,random-1000,GRCh38,chr19,54818709,54819709,1000,100,0,1,0,1,9003,9003,0,0,4560,0,1,1,9003,1588,6510,5.669395,1.382949,2.427000,41.429000,1892.381000,237.993000,9818.054000,1,103,50f73df09db8d4b28648ddf8303d4d9fa240b0af6ea6f0f1522841d7ae95b462,true,1,true,20.740080,51.720240,104.400800
fixed-window,fixed-w16k-zstd-3,random-1000-00024,random-1000,GRCh38,chr6,31509347,31510347,1000,100,0,1,0,1,6388,6388,0,0,4560,0,1,1,6388,955,3444,6.689005,1.854820,3.788000,33.227000,1253.306000,124.906000,5939.223000,1,44,2b0f4079fc510da157b02685ab88e6263b88046ec03e2bda796c37b2fd0352f6,true,1,true,20.670347,51.511040,103.703467
fixed-window,fixed-w16k-zstd-3,random-1000-00025,random-1000,CHM13,chr19,18937374,18938374,1000,100,0,1,0,1,42136,42136,0,0,4560,0,1,1,42136,3208,18478,13.134663,2.280333,3.280000,158.727000,12183.587000,1182.443000,85052.496000,1,369,dcb500b60f9c1ce622551e4c7821e53652e49d4883b198022c13e27284955990,true,1,true,21.623627,54.370880,113.236267
fixed-window,fixed-w16k-zstd-3,random-1000-00026,random-1000,CHM13,chr19,18928542,18929542,1000,100,0,1,0,1,42136,42136,0,0,4560,0,1,1,42136,1361,5942,30.959589,7.091215,3.436000,159.905000,12959.300000,959.754000,86165.806000,1,99,737cbcc2014184b5c4ffdcf3f6fe653ec45727d26f7605ce31dd04a55d88319c,true,1,true,21.623627,54.370880,113.236267
fixed-window,fixed-w16k-zstd-3,random-1000-00027,random-1000,CHM13,chr19,18933366,18934366,1000,100,0,1,0,1,42136,42136,0,0,4560,0,1,1,42136,1151,4449,36.608167,9.470892,3.068000,159.801000,12477.475000,907.454000,85405.780000,1,66,7f8504c6e13f6a5133c8be8debce93cf214fdb5477b0d776dcfb53069ec6ea10,true,1,true,21.623627,54.370880,113.236267
fixed-window,fixed-w16k-zstd-3,random-1000-00028,random-1000,CHM13,chr6,31362297,31363297,1000,100,0,1,0,1,6680,6680,0,0,4560,0,1,1,6680,983,3443,6.795524,1.940168,3.003000,33.723000,1371.545000,129.709000,6501.937000,1,42,cb0abb8190ffcc9bc261ee8ab967b7b3e3e3aa2e1e86325e9f29dbe919b2d4a0,true,1,true,20.678133,51.534400,103.781333
fixed-window,fixed-w16k-zstd-3,random-1000-00029,random-1000,GRCh38,chr6,31506359,31507359,1000,100,0,1,0,1,21413,21413,0,0,4560,0,1,1,21413,998,3298,21.455912,6.492723,2.842000,98.173000,4534.275000,335.441000,32976.614000,2,38,c75f53088b0fe21e2c5cfde9fb2cc43f22948cf9baf34c05d617d87c69e2dd3b,true,2,true,21.071013,52.713040,107.710133
fixed-window,fixed-w16k-zstd-3,random-1000-00030,random-1000,GRCh38,chr19,54827474,54828474,1000,100,0,1,0,1,42764,42764,0,0,4560,0,1,1,42764,3013,17163,14.193163,2.491639,2.895000,159.322000,13700.875000,1252.361000,91024.833000,1,339,434c8c007a70bc8328cab7ae255768d4aade24a9d3a0c7299c1dd3b08cf5ede0,true,1,true,21.640373,54.421120,113.403733
fixed-window,fixed-w16k-zstd-3,random-1000-00031,random-1000,GRCh38,chr19,54826908,54827908,1000,100,0,1,0,1,42764,42764,0,0,4560,0,1,1,42764,3224,18595,13.264268,2.299758,3.965000,163.373000,13544.225000,1310.332000,90137.610000,1,370,46bebf37c37460b52500274bf67d3c93489f6721b76994b9173cb56c2769841b,true,1,true,21.640373,54.421120,113.403733
fixed-window,fixed-w16k-zstd-3,random-1000-00032,random-1000,GRCh38,chr6,31506225,31507225,1000,100,0,1,0,1,21413,21413,0,0,4560,0,1,1,21413,981,3446,21.827727,6.213871,3.606000,94.738000,4602.961000,342.931000,32912.687000,2,44,f143f9c63857aca0f979433575e159f4d430ba313e66d2887bcfac0d09e8261d,true,2,true,21.071013,52.713040,107.710133
fixed-window,fixed-w16k-zstd-3,random-1000-00033,random-1000,GRCh38,chr6,31509336,31510336,1000,100,0,1,0,1,6388,6388,0,0,4560,0,1,1,6388,995,3610,6.420101,1.769529,3.271000,31.826000,1258.577000,118.703000,5826.616000,1,47,be77edcc92a6db2da90cb91d5c5f8cbee7c766fefdca615e0cc31795af3293cd,true,1,true,20.670347,51.511040,103.703467
fixed-window,fixed-w16k-zstd-3,random-1000-00034,random-1000,GRCh38,chr19,54816603,54817603,1000,100,0,1,0,1,9003,9003,0,0,4560,0,1,1,9003,1169,5478,7.701454,1.643483,2.055000,42.023000,1927.779000,226.030000,10001.659000,1,88,8d1b9444b93c4115cdd8124c79f543b83a6eb72e5df0ee059fd05f8309689902,true,1,true,20.740080,51.720240,104.400800
fixed-window,fixed-w16k-zstd-3,random-1000-00035,random-1000,CHM13,chr6,31362547,31363547,1000,100,0,1,0,1,6680,6680,0,0,4560,0,1,1,6680,880,2862,7.590909,2.334032,3.110000,33.634000,1352.015000,112.087000,6417.749000,1,29,52ee3d9461214f3ca3a27c8194780279066c44f80902598da00d7f0e1d71fbfa,true,1,true,20.678133,51.534400,103.781333
fixed-window,fixed-w16k-zstd-3,random-1000-00036,random-1000,CHM13,chr19,18937052,18938052,1000,100,0,1,0,1,42136,42136,0,0,4560,0,1,1,42136,3299,19361,12.772355,2.176334,2.562000,157.616000,12586.663000,1231.378000,85215.391000,1,387,8e7f2e29f1294f8d13b06118a22e4631c9d4585a97378aa1fbbcb54de2ca3406,true,1,true,21.623627,54.370880,113.236267
fixed-window,fixed-w16k-zstd-3,random-1000-00037,random-1000,CHM13,chr6,31360965,31361965,1000,100,0,1,0,1,6680,6680,0,0,4560,0,1,1,6680,952,3503,7.016807,1.906937,3.653000,33.913000,1327.817000,126.921000,6345.867000,1,46,0f48090fd716f13aa361c0faa3dbc1eb66c9d9d112f2d7357f07770db5766a19,true,1,true,20.678133,51.534400,103.781333
fixed-window,fixed-w16k-zstd-3,random-1000-00038,random-1000,GRCh38,chr6,31504269,31505269,1000,100,0,1,0,1,15025,15025,0,0,4560,0,1,1,15025,1736,7041,8.654954,2.133930,2.080000,56.027000,3298.010000,349.791000,26556.365000,1,116,c8924eadb5852613faccb05cb0e2c730d2c85c0b065b28808b04e142f1fb5113,true,1,true,20.900667,52.202000,106.006667
fixed-window,fixed-w16k-zstd-3,random-1000-00039,random-1000,GRCh38,chr6,31503747,31504747,1000,100,0,1,0,1,15025,15025,0,0,4560,0,1,1,15025,1667,6788,9.013197,2.213465,3.432000,59.947000,3292.619000,341.076000,26439.691000,1,104,d760ccb8d56f875acce02f99a60c0960348f90d24c21092696628d450fa2be63,true,1,true,20.900667,52.202000,106.006667
fixed-window,fixed-w16k-zstd-3,random-1000-00040,random-1000,CHM13,chr19,18928411,18929411,1000,100,0,1,0,1,42136,42136,0,0,4560,0,1,1,42136,1329,5748,31.705041,7.330550,3.063000,161.349000,12426.403000,931.972000,84992.477000,1,94,aaa14d812eaffd378353a5f9e9794eaa56bed0a0d1a66c71e752e7351758a5c1,true,1,true,21.623627,54.370880,113.236267
fixed-window,fixed-w16k-zstd-3,random-1000-00041,random-1000,GRCh38,chr19,54823938,54824938,1000,100,0,1,0,1,42764,42764,0,0,4560,0,1,1,42764,1268,5092,33.725552,8.398272,3.539000,162.280000,13123.843000,986.314000,89125.555000,1,78,bbfa097240585e187c92d7dac38fa20ac2cbea04492bd704f87a15d9349ee5e0,true,1,true,21.640373,54.421120,113.403733
fixed-window,fixed-w16k-zstd-3,random-1000-00042,random-1000,CHM13,chr19,18939757,18940757,1000,100,0,1,0,1,52780,52780,0,0,4560,0,1,1,52780,3577,20268,14.755382,2.604105,3.712000,210.594000,16559.891000,1374.720000,103083.461000,2,405,fe4e657ec0b68a9a0791087e5c51dab0eca123f20e6c5cf2f2344307e49782e9,true,2,true,21.907467,55.222400,116.074667
fixed-window,fixed-w16k-zstd-3,random-1000-00043,random-1000,CHM13,chr6,31359247,31360247,1000,100,0,1,0,1,6680,6680,0,0,4560,0,1,1,6680,892,2986,7.488789,2.237106,3.023000,34.101000,1371.146000,121.858000,6506.531000,1,35,5978b133643345de4fab9334f39ef6bd3f4449855b0424631f4b1c333b221343,true,1,true,20.678133,51.534400,103.781333
fixed-window,fixed-w16k-zstd-3,random-1000-00044,random-1000,GRCh38,chr19,54827982,54828982,1000,100,0,1,0,1,42764,42764,0,0,4560,0,1,1,42764,3551,17730,12.042805,2.411957,3.940000,161.721000,13307.939000,1206.499000,89109.082000,1,323,8c99fea0a8e8d49f05f2e96cb7587fb4b74f7f3c99ff78f2c948e15d69843e6e,true,1,true,21.640373,54.421120,113.403733
fixed-window,fixed-w16k-zstd-3,random-1000-00045,random-1000,GRCh38,chr6,31502847,31503847,1000,100,0,1,0,1,15025,15025,0,0,4560,0,1,1,15025,933,3238,16.103966,4.640210,2.948000,59.637000,3276.967000,275.855000,26553.509000,1,40,327d9589a9b7daab0e6741544fffbe866875f100c978001aa1d4f0d38520e742,true,1,true,20.900667,52.202000,106.006667
fixed-window,fixed-w16k-zstd-3,random-1000-00046,random-1000,CHM13,chr19,18934643,18935643,1000,100,0,1,0,1,42136,42136,0,0,4560,0,1,1,42136,1251,5142,33.681855,8.194477,3.393000,161.663000,12223.759000,909.992000,85006.440000,1,82,5fd745a6b07df745aa57010567ca52f8e78f30cb93678818fecdecf96d2a22b3,true,1,true,21.623627,54.370880,113.236267
fixed-window,fixed-w16k-zstd-3,random-1000-00047,random-1000,CHM13,chr6,31358345,31359345,1000,100,0,1,0,1,21451,21451,0,0,4560,0,1,1,21451,995,3592,21.558794,5.971882,3.966000,95.644000,4634.695000,346.747000,32556.283000,2,46,9eacd203c3cc557383a098ea3f078d25fda9b62aedd293c683491fd791f1ac8c,true,2,true,21.072027,52.716080,107.720267
fixed-window,fixed-w16k-zstd-3,random-1000-00048,random-1000,GRCh38,chr19,54826949,54827949,1000,100,0,1,0,1,42764,42764,0,0,4560,0,1,1,42764,3170,18169,13.490221,2.353679,2.960000,159.830000,13015.072000,1243.925000,88889.114000,1,361,6ad7894be200e25c418a98ac6835bc587743b2edaeacc6430903fdfb9af1ad57,true,1,true,21.640373,54.421120,113.403733
fixed-window,fixed-w16k-zstd-3,random-1000-00049,random-1000,CHM13,chr6,31353875,31354875,1000,100,0,1,0,1,14771,14771,0,0,4560,0,1,1,14771,1068,4006,13.830524,3.687219,2.954000,59.285000,3431.755000,282.643000,26444.657000,1,55,3f317af10d51dba1ac4b8bc6d479a5e8b050745f812a4aeff5ba44e1d186464d,true,1,true,20.893893,52.181680,105.938933
fixed-window,fixed-w16k-zstd-3,random-10000-00000,random-10000,CHM13,chr19,18927515,18937515,10000,100,0,1,0,1,42136,42136,0,0,4560,0,1,1,42136,11470,57442,3.673583,0.733540,3.595000,163.880000,12208.249000,1935.252000,86105.974000,1,1004,fb7050feafcc060c124333febc078309dd675f439a2f7ca3ad74965dfc2ae19d,true,1,true,21.623627,54.370880,113.236267
fixed-window,fixed-w16k-zstd-3,random-10000-00001,random-10000,CHM13,chr19,18927048,18937048,10000,100,0,1,0,1,42136,42136,0,0,4560,0,1,1,42136,10955,54457,3.846280,0.773748,3.976000,160.776000,12597.510000,1804.617000,87419.948000,1,939,023de33c74ae01ecce6f5f39e85fcb6bfc4b5321f0c1d07915d9234f16fd4fab,true,1,true,21.623627,54.370880,113.236267
fixed-window,fixed-w16k-zstd-3,random-10000-00002,random-10000,GRCh38,chr6,31499564,31509564,10000,100,0,1,0,1,21413,21413,0,0,4560,0,1,1,21413,8132,34402,2.633178,0.622435,3.980000,96.278000,4748.905000,827.750000,33643.263000,2,509,f494e39fabd124ec5ed21c30ce7135582d6e618c2fd9bfa3f4a65bdcaf487fea,true,2,true,21.071013,52.713040,107.710133
fixed-window,fixed-w16k-zstd-3,random-10000-00003,random-10000,CHM13,chr6,31353211,31363211,10000,100,0,1,0,1,21451,21451,0,0,4560,0,1,1,21451,8171,34227,2.625260,0.626727,3.378000,93.193000,4609.890000,788.938000,33430.468000,2,501,29fcf7da0387da1f2001f5c4a997ede87538f752ece77d2dc8d82168b259bfd8,true,2,true,21.072027,52.716080,107.720267
fixed-window,fixed-w16k-zstd-3,random-10000-00004,random-10000,CHM13,chr6,31351115,31361115,10000,100,0,1,0,1,21451,21451,0,0,4560,0,1,1,21451,8652,37259,2.479311,0.575727,3.519000,90.153000,4593.599000,866.311000,33260.153000,2,563,e14a61445be1e6ff648be16758424cc6df3c4fdfbec13367ceff70723b0bbb88,true,2,true,21.072027,52.716080,107.720267
fixed-window,fixed-w16k-zstd-3,random-10000-00005,random-10000,GRCh38,chr6,31500727,31510727,10000,100,0,1,0,1,21413,21413,0,0,4560,0,1,1,21413,8129,34058,2.634149,0.628722,4.263000,94.204000,4616.332000,797.820000,32930.027000,2,497,af67385fc51498673c70fe03cfcbc012be8be89d0e599de7b43af702acaf6e3d,true,2,true,21.071013,52.713040,107.710133
fixed-window,fixed-w16k-zstd-3,random-10000-00006,random-10000,CHM13,chr19,18927710,18937710,10000,100,0,1,0,1,42136,42136,0,0,4560,0,1,1,42136,12140,61610,3.470840,0.683915,2.815000,158.139000,12129.266000,1973.741000,85471.141000,1,1089,44f2d6cb38a29cb8bcd9c92583a533515cfdfba96c7e68b91598a7666a649102,true,1,true,21.623627,54.370880,113.236267
fixed-window,fixed-w16k-zstd-3,random-10000-00007,random-10000,GRCh38,chr19,54819693,54829693,10000,100,0,1,0,1,51767,51767,0,0,4560,0,1,1,51767,16591,87760,3.120186,0.589870,3.592000,204.630000,14728.371000,2714.005000,100136.807000,2,1630,2e8920af64b513a565f0b86c813644ab6724f64155a7226afee9b07aa04219db,true,2,true,21.880453,55.141360,115.804533
fixed-window,fixed-w16k-zstd-3,random-10000-00008,random-10000,GRCh38,chr19,54817489,54827489,10000,100,0,1,0,1,51767,51767,0,0,4560,0,1,1,51767,12504,63612,4.140035,0.813793,4.071000,206.494000,14670.096000,2178.766000,100881.415000,2,1136,bc18deaad878165d935da1663f5cbfa4acbc72a24b6bec2a71315507ffa399a2,true,2,true,21.880453,55.141360,115.804533
fixed-window,fixed-w16k-zstd-3,random-10000-00009,random-10000,CHM13,chr6,31353418,31363418,10000,100,0,1,0,1,21451,21451,0,0,4560,0,1,1,21451,8319,34682,2.578555,0.618505,3.414000,95.350000,4582.602000,800.777000,33738.308000,2,504,b9bc0d7e6a4a4f91f3671f8623c9283ca8c27437e645f28fa7aec0c6c27b6c1a,true,2,true,21.072027,52.716080,107.720267
fixed-window,fixed-w16k-zstd-3,random-10000-00010,random-10000,CHM13,chr6,31352971,31362971,10000,100,0,1,0,1,21451,21451,0,0,4560,0,1,1,21451,8351,35191,2.568674,0.609559,3.369000,92.698000,4730.436000,820.608000,33744.179000,2,516,8dca2f312e0ef50ab8af5072fd67a1d92c9a36f77abdeb33a59f88dc3e4d8244,true,2,true,21.072027,52.716080,107.720267
fixed-window,fixed-w16k-zstd-3,random-10000-00011,random-10000,GRCh38,chr19,54818493,54828493,10000,100,0,1,0,1,51767,51767,0,0,4560,0,1,1,51767,14008,73746,3.695531,0.701963,2.868000,211.252000,15438.965000,2426.220000,100460.434000,2,1353,41d025ae95d7ca07ef3a19a623830dc29f8643d5ee600059088b608507d30e5a,true,2,true,21.880453,55.141360,115.804533
fixed-window,fixed-w16k-zstd-3,random-10000-00012,random-10000,GRCh38,chr19,54818964,54828964,10000,100,0,1,0,1,51767,51767,0,0,4560,0,1,1,51767,15402,79342,3.361057,0.652454,3.172000,205.418000,15179.417000,2490.114000,101341.914000,2,1443,9b1c1123039876c6241e4a4da0e047869ee14d094c6dee676282fe9d40af0d46,true,2,true,21.880453,55.141360,115.804533
fixed-window,fixed-w16k-zstd-3,random-10000-00013,random-10000,CHM13,chr6,31351555,31361555,10000,100,0,1,0,1,21451,21451,0,0,4560,0,1,1,21451,8288,35277,2.588200,0.608073,3.636000,91.171000,4550.627000,817.127000,33052.470000,2,524,847eb62608809ff67dc4211f8bf09f10c59f351eebd11240a02f3c512cfbead1,true,2,true,21.072027,52.716080,107.720267
fixed-window,fixed-w16k-zstd-3,random-10000-00014,random-10000,CHM13,chr6,31352241,31362241,10000,100,0,1,0,1,21451,21451,0,0,4560,0,1,1,21451,8058,34005,2.662075,0.630819,3.268000,88.696000,4643.833000,832.483000,33334.216000,2,501,10c6602d35679da6a9faa7a00f2f7e349a9add21a37e277d3647616b3221ae0e,true,2,true,21.072027,52.716080,107.720267
fixed-window,fixed-w16k-zstd-3,random-10000-00015,random-10000,GRCh38,chr6,31500220,31510220,10000,100,0,1,0,1,21413,21413,0,0,4560,0,1,1,21413,8259,34888,2.592687,0.613764,3.397000,93.738000,4584.788000,808.915000,33370.878000,2,514,819a628f285e970cfca2db7d503d8b2ece36325758bee5bf9a059ec7f86a36ef,true,2,true,21.071013,52.713040,107.710133
fixed-window,fixed-w16k-zstd-3,random-10000-00016,random-10000,GRCh38,chr6,31498515,31508515,10000,100,0,1,0,1,21413,21413,0,0,4560,0,1,1,21413,8705,37584,2.459851,0.569737,3.778000,93.190000,4564.234000,859.462000,33399.701000,2,568,5a7ad96aa91c3cd95c61a98b33a1c5f1b024a7cc17725b6d52e3610749690b55,true,2,true,21.071013,52.713040,107.710133
fixed-window,fixed-w16k-zstd-3,random-10000-00017,random-10000,CHM13,chr19,18927173,18937173,10000,100,0,1,0,1,42136,42136,0,0,4560,0,1,1,42136,11119,55279,3.789549,0.762242,2.884000,155.709000,12527.783000,1809.164000,86861.943000,1,955,57ec57fc0db92f6174aeff1e27a852cb6b3ed40908214d7137435fcf61fcaca7,true,1,true,21.623627,54.370880,113.236267
fixed-window,fixed-w16k-zstd-3,random-10000-00018,random-10000,GRCh38,chr19,54819485,54829485,10000,100,0,1,0,1,51767,51767,0,0,4560,0,1,1,51767,16275,85696,3.180768,0.604077,2.782000,207.688000,16396.513000,2673.587000,102348.074000,2,1587,4bc80df69acefc62584319f8168ed476a74c598397e56eedf11da0d0f70d2e0f,true,2,true,21.880453,55.141360,115.804533
fixed-window,fixed-w16k-zstd-3,random-10000-00019,random-10000,GRCh38,chr19,54819535,54829535,10000,100,0,1,0,1,51767,51767,0,0,4560,0,1,1,51767,16229,85454,3.189784,0.605788,4.522000,208.060000,15995.248000,2641.766000,103424.153000,2,1582,bcd2c5b89765dcc3506c48e927dd1f95beb3cf2cf59b60554eed6e5a1216c60a,true,2,true,21.880453,55.141360,115.804533
fixed-window,fixed-w16k-zstd-3,random-10000-00020,random-10000,GRCh38,chr19,54817554,54827554,10000,100,0,1,0,1,51767,51767,0,0,4560,0,1,1,51767,12725,65040,4.068134,0.795926,2.795000,206.900000,14761.541000,2185.312000,99441.934000,2,1165,2def0ee5af1588ea7867041e32b37bbd2450930dd3f26c3aa8edbc25fe39a187,true,2,true,21.880453,55.141360,115.804533
fixed-window,fixed-w16k-zstd-3,random-10000-00021,random-10000,CHM13,chr19,18929552,18939552,10000,100,0,1,0,1,42136,42136,0,0,4560,0,1,1,42136,15635,81039,2.694979,0.519947,2.817000,164.193000,12416.984000,2385.606000,86885.652000,1,1480,8bf02e532bc1b8576fda62e2d3b647b1eee84a25a2a1edfe2692adea8a58d7c8,true,1,true,21.623627,54.370880,113.236267
fixed-window,fixed-w16k-zstd-3,random-10000-00022,random-10000,GRCh38,chr19,54820740,54830740,10000,100,0,1,0,1,51767,51767,0,0,4560,0,1,1,51767,18801,101972,2.753417,0.507659,3.946000,206.188000,14788.830000,3069.619000,103669.045000,2,1934,f40144c51d78158c2d8a0877880114b254a38a93fe47e1715a06f7176815dfb2,true,2,true,21.880453,55.141360,115.804533
fixed-window,fixed-w16k-zstd-3,random-10000-00023,random-10000,GRCh38,chr19,54818932,54828932,10000,100,0,1,0,1,51767,51767,0,0,4560,0,1,1,51767,15290,78641,3.385677,0.658270,3.379000,205.448000,16247.182000,2523.620000,102969.489000,2,1429,eb8de91e331628dac36e25b9fa50b69ea33976b570fa3f099b08df9a47068613,true,2,true,21.880453,55.141360,115.804533
fixed-window,fixed-w16k-zstd-3,random-10000-00024,random-10000,CHM13,chr6,31351872,31361872,10000,100,0,1,0,1,21451,21451,0,0,4560,0,1,1,21451,8162,34759,2.628155,0.617135,3.549000,94.309000,4589.095000,814.173000,32975.350000,2,517,46ee61538a1a54759235a1873727599a5868d9ea0ca96369165a52e7f4643c1d,true,2,true,21.072027,52.716080,107.720267
fixed-window,fixed-w16k-zstd-3,random-10000-00025,random-10000,CHM13,chr19,18928033,18938033,10000,100,0,1,0,1,42136,42136,0,0,4560,0,1,1,42136,12778,65375,3.297543,0.644528,3.105000,157.745000,12203.214000,2123.560000,86945.332000,1,1172,f419bc07f88f53cb87250fc08dd8c99a6a817b07172b7fcff1087918fcb94bb9,true,1,true,21.623627,54.370880,113.236267
fixed-window,fixed-w16k-zstd-3,random-10000-00026,random-10000,CHM13,chr19,18929766,18939766,10000,100,0,1,0,1,42136,42136,0,0,4560,0,1,1,42136,16163,84267,2.606942,0.500030,4.782000,162.926000,12311.089000,2484.923000,86746.981000,1,1549,083c50cf3eaa6dbae11218d0ad158e39085a0f9ab53242e8c9276d9d09e4a902,true,1,true,21.623627,54.370880,113.236267
fixed-window,fixed-w16k-zstd-3,random-10000-00027,random-10000,GRCh38,chr19,54818824,54828824,10000,100,0,1,0,1,51767,51767,0,0,4560,0,1,1,51767,15033,77427,3.443558,0.668591,3.436000,211.570000,14843.759000,2683.740000,101314.159000,2,1402,3f3dc9323559e679dec3aa90a6cd0d6f32b722c0edb02878f85c7147b220a151,true,2,true,21.880453,55.141360,115.804533
fixed-window,fixed-w16k-zstd-3,random-10000-00028,random-10000,GRCh38,chr6,31500466,31510466,10000,100,0,1,0,1,21413,21413,0,0,4560,0,1,1,21413,8193,34378,2.613573,0.622869,2.916000,93.044000,4647.929000,794.493000,33553.058000,2,504,1aae841166593d23a6a7f739f1a1bc749a54a056b1e37d3a5d25d94bf5149a22,true,2,true,21.071013,52.713040,107.710133
fixed-window,fixed-w16k-zstd-3,random-10000-00029,random-10000,GRCh38,chr19,54819488,54829488,10000,100,0,1,0,1,51767,51767,0,0,4560,0,1,1,51767,16275,85696,3.180768,0.604077,2.817000,204.996000,18954.417000,2729.542000,105324.753000,2,1587,389db2da30f2663146c5ea0f413adf0067134725625f4e1288bb2be31ce448cb,true,2,true,21.880453,55.141360,115.804533
fixed-window,fixed-w16k-zstd-3,random-10000-00030,random-10000,CHM13,chr19,18929211,18939211,10000,100,0,1,0,1,42136,42136,0,0,4560,0,1,1,42136,14944,76593,2.819593,0.550129,4.016000,160.191000,12748.962000,2423.508000,88479.187000,1,1385,b74d7d1b4dbb42a06518b394ddadad8f90f27e2927e94063c3929335c4685ca4,true,1,true,21.623627,54.370880,113.236267
fixed-window,fixed-w16k-zstd-3,random-10000-00031,random-10000,GRCh38,chr19,54818293,54828293,10000,100,0,1,0,1,51767,51767,0,0,4560,0,1,1,51767,13841,72397,3.740120,0.715043,2.957000,202.763000,14721.633000,2462.425000,100042.823000,2,1323,fe0d874462aaf8c4e61824ab520900f995906ff2456dedd3fdb039da61a5eab2,true,2,true,21.880453,55.141360,115.804533
fixed-window,fixed-w16k-zstd-3,random-10000-00032,random-10000,GRCh38,chr6,31498328,31508328,10000,100,0,1,0,1,21413,21413,0,0,4560,0,1,1,21413,8742,37526,2.449439,0.570618,2.952000,93.590000,4623.876000,869.107000,33128.321000,2,566,c97044eb49ee8253512cf81655f948a1bf875f2ef6b53cac35bb31292dcada4c,true,2,true,21.071013,52.713040,107.710133
fixed-window,fixed-w16k-zstd-3,random-10000-00033,random-10000,CHM13,chr19,18928926,18938926,10000,100,0,1,0,1,42136,42136,0,0,4560,0,1,1,42136,13963,73325,3.017690,0.574647,2.524000,158.885000,12803.274000,2285.079000,88324.377000,1,1344,024632fd2282a8776dfef268db714389f6df985fd644df50343881f0357c87fd,true,1,true,21.623627,54.370880,113.236267
fixed-window,fixed-w16k-zstd-3,random-10000-00034,random-10000,GRCh38,chr19,54817527,54827527,10000,100,0,1,0,1,51767,51767,0,0,4560,0,1,1,51767,12616,64317,4.103282,0.804873,3.394000,202.955000,15261.203000,2294.961000,103093.555000,2,1150,214233624f9ebebcd11c15c08bcc21afdafd2e1124fbf21852c268fa52db1807,true,2,true,21.880453,55.141360,115.804533
fixed-window,fixed-w16k-zstd-3,random-10000-00035,random-10000,CHM13,chr19,18930705,18940705,10000,100,0,1,0,1,52780,52780,0,0,4560,0,1,1,52780,17656,94802,2.989352,0.556739,4.042000,211.890000,15567.885000,2866.188000,104190.048000,2,1782,6aa2ba257693dace3856e9dcd68f3fe97bb4b949cce960586f60119a4b974aa6,true,2,true,21.907467,55.222400,116.074667
fixed-window,fixed-w16k-zstd-3,random-10000-00036,random-10000,GRCh38,chr19,54819606,54829606,10000,100,0,1,0,1,51767,51767,0,0,4560,0,1,1,51767,16429,86556,3.150953,0.598075,3.059000,206.282000,15411.101000,2653.537000,101284.837000,2,1604,cc686aff278d90fc84d361ecce38a1cdc02a0464bf632dff1652d57578be14d0,true,2,true,21.880453,55.141360,115.804533
fixed-window,fixed-w16k-zstd-3,random-10000-00037,random-10000,GRCh38,chr19,54816668,54826668,10000,100,0,1,0,1,51767,51767,0,0,4560,0,1,1,51767,11066,55013,4.678023,0.940996,3.113000,204.749000,15809.812000,2058.416000,102966.456000,2,949,383a0552799f56d3864bb07446ca0ac31bf58e121f84cb6f28c8fc155978447f,true,2,true,21.880453,55.141360,115.804533
fixed-window,fixed-w16k-zstd-3,random-10000-00038,random-10000,GRCh38,chr19,54820649,54830649,10000,100,0,1,0,1,51767,51767,0,0,4560,0,1,1,51767,18754,101746,2.760318,0.508787,3.030000,207.909000,15229.589000,3310.633000,102108.116000,2,1930,e22a4454f968a4adbd516e922087907b936dce29ccdf06906b1cda5a23825d1a,true,2,true,21.880453,55.141360,115.804533
fixed-window,fixed-w16k-zstd-3,random-10000-00039,random-10000,GRCh38,chr19,54818384,54828384,10000,100,0,1,0,1,51767,51767,0,0,4560,0,1,1,51767,13946,72892,3.711960,0.710188,3.432000,207.429000,15311.419000,2412.390000,101648.849000,2,1332,fe2376a376c2c74da42df879939bbefa5357f07a246c7c41a6dc71f1e77f9341,true,2,true,21.880453,55.141360,115.804533
fixed-window,fixed-w16k-zstd-3,random-10000-00040,random-10000,CHM13,chr19,18930520,18940520,10000,100,0,1,0,1,52780,52780,0,0,4560,0,1,1,52780,17378,93034,3.037173,0.567319,3.906000,214.889000,15757.539000,2840.169000,103155.463000,2,1743,401c5bf716699adc4aa197d5dc4edc4dbf512e05a87ecc10b66742d3a0909c7a,true,2,true,21.907467,55.222400,116.074667
fixed-window,fixed-w16k-zstd-3,random-10000-00041,random-10000,GRCh38,chr19,54817653,54827653,10000,100,0,1,0,1,51767,51767,0,0,4560,0,1,1,51767,12838,65412,4.032326,0.791399,3.318000,204.613000,15442.121000,2267.713000,101845.194000,2,1174,ec127182b480469b233e662ec827aab0cb7b4d0794fd69cd19c080acc3dd7b78,true,2,true,21.880453,55.141360,115.804533
fixed-window,fixed-w16k-zstd-3,random-10000-00042,random-10000,CHM13,chr19,18928104,18938104,10000,100,0,1,0,1,42136,42136,0,0,4560,0,1,1,42136,12805,65302,3.290590,0.645248,3.481000,163.102000,12413.982000,2073.837000,86351.035000,1,1172,50fa90d69eafae1fb16c829e7e62f95c051352e3ab5f42bb66b868d9c23361c7,true,1,true,21.623627,54.370880,113.236267
fixed-window,fixed-w16k-zstd-3,random-10000-00043,random-10000,GRCh38,chr19,54819543,54829543,10000,100,0,1,0,1,51767,51767,0,0,4560,0,1,1,51767,16248,85533,3.186054,0.605228,3.204000,213.781000,15055.257000,2667.074000,100724.620000,2,1584,86381dfd585ff68407e07073382c6495eec264c697b260913503bc26a48c0c41,true,2,true,21.880453,55.141360,115.804533
fixed-window,fixed-w16k-zstd-3,random-10000-00044,random-10000,CHM13,chr19,18929474,18939474,10000,100,0,1,0,1,42136,42136,0,0,4560,0,1,1,42136,15442,80101,2.728662,0.526036,2.995000,159.477000,12604.891000,2373.735000,86567.173000,1,1460,03928ffd2ce9e40a1824e64e7037f3d346740cf58028d95398514d279ec20151,true,1,true,21.623627,54.370880,113.236267
fixed-window,fixed-w16k-zstd-3,random-10000-00045,random-10000,GRCh38,chr6,31500088,31510088,10000,100,0,1,0,1,21413,21413,0,0,4560,0,1,1,21413,8260,34888,2.592373,0.613764,3.824000,93.834000,5131.778000,815.154000,33950.315000,2,514,62d6d86d62cee3f919da0776df15270c2f3f844c9bd2f0f1eb215865bf818b49,true,2,true,21.071013,52.713040,107.710133
fixed-window,fixed-w16k-zstd-3,random-10000-00046,random-10000,CHM13,chr19,18930267,18940267,10000,100,0,1,0,1,52780,52780,0,0,4560,0,1,1,52780,16854,89242,3.131601,0.591426,3.268000,207.163000,15035.981000,2708.606000,103262.396000,2,1660,2267ea3aa9109c9477496e04fcf4b52de76ec9d833925b8e30d42189cba23287,true,2,true,21.907467,55.222400,116.074667
fixed-window,fixed-w16k-zstd-3,random-10000-00047,random-10000,GRCh38,chr19,54817811,54827811,10000,100,0,1,0,1,51767,51767,0,0,4560,0,1,1,51767,13122,67319,3.945054,0.768981,3.017000,203.728000,14820.885000,2216.514000,99516.754000,2,1214,7aa84bcb64aa88f155e84dcc7bedcd1bac0a4b0bacb37e4284e8ce9fbdd3c7eb,true,2,true,21.880453,55.141360,115.804533
fixed-window,fixed-w16k-zstd-3,random-10000-00048,random-10000,GRCh38,chr6,31499038,31509038,10000,100,0,1,0,1,21413,21413,0,0,4560,0,1,1,21413,8224,34898,2.603721,0.613588,4.322000,93.514000,4621.987000,827.933000,33239.662000,2,517,dc690a2bdcf1416ce4aec85c6c2d5123ebb99ed2f5a947b8bc76d93be8bdad8e,true,2,true,21.071013,52.713040,107.710133
fixed-window,fixed-w16k-zstd-3,random-10000-00049,random-10000,GRCh38,chr19,54820051,54830051,10000,100,0,1,0,1,51767,51767,0,0,4560,0,1,1,51767,17388,93036,2.977168,0.556419,3.755000,210.860000,14671.000000,2809.895000,101612.065000,2,1743,888e583ec4044eb718e700217dc3aa26cff29d7b1f8e987b60d3c334a3156d33,true,2,true,21.880453,55.141360,115.804533
fixed-window,fixed-w16k-zstd-3,hard-micb,hard-MICB,GRCh38,chr6,31498145,31511124,12979,100,4096,2,0,2,37797,37797,0,16384,4560,0,1,0,21413,10447,44599,3.617976,0.847485,5.958000,95.274000,4558.687000,965.394000,33363.063000,2,659,8e081a9b2bd2c24f31488efede2c5cac53abf60820c089097221acc1290f8adc,true,2,true,42.007920,105.023760,214.079200
fixed-window,fixed-w16k-zstd-3,hard-kir3dl1,hard-KIR3DL1,GRCh38,chr19,54816436,54830779,14343,100,4096,2,0,2,52327,52327,0,0,4560,560,1,0,51767,22636,120266,2.311672,0.435094,24.929000,201.419000,15268.686000,3459.831000,103847.987000,2,2231,4ea78c112a6194e6d835e5c8086e9a844301bc2506f64319ff8e3933129e3576,true,2,true,42.395387,106.186160,217.953867
fixed-window,fixed-w16k-zstd-3,random-1000-00000,random-1000,GRCh38,chr19,54818630,54819630,1000,100,4096,1,0,1,9003,9003,0,0,4560,0,1,1,9003,1676,7029,5.371718,1.280837,3.324000,42.789000,1914.571000,242.867000,10761.642000,1,112,f21fab27451d364acf245269653174a191300b494e96b54b0833f384dec1654e,true,1,true,20.740080,51.720240,104.400800
fixed-window,fixed-w16k-zstd-3,random-1000-00001,random-1000,CHM13,chr6,31354488,31355488,1000,100,4096,1,0,1,14771,14771,0,0,4560,0,1,0,14771,1022,3756,14.453033,3.932641,9.661000,57.661000,3235.280000,291.295000,26026.413000,1,51,2447bd29dea7507b24435be4e1f0dcafc123db5c22684e2cf2096a36c139ec1e,true,1,true,20.893893,52.181680,105.938933
fixed-window,fixed-w16k-zstd-3,random-1000-00002,random-1000,CHM13,chr19,18939211,18940211,1000,100,4096,1,0,1,52780,52780,0,0,4560,0,1,0,52780,4298,21923,12.280130,2.407517,18.520000,210.159000,16417.479000,1408.011000,112493.164000,2,412,3e982b3a553dc5b3d7b83901c689f383e63d6000097717e85e2f5afdb5192706,true,2,true,21.907467,55.222400,116.074667
fixed-window,fixed-w16k-zstd-3,random-1000-00003,random-1000,CHM13,chr19,18930672,18931672,1000,100,4096,1,0,1,42136,42136,0,0,4560,0,1,1,42136,1139,4616,36.993854,9.128250,2.717000,157.739000,12541.346000,1106.347000,85989.769000,1,67,d88524bb9bd53965452a6fdfdfaca36e69637c0a0a7e1447181e9503f9607acd,true,1,true,21.623627,54.370880,113.236267
fixed-window,fixed-w16k-zstd-3,random-1000-00004,random-1000,GRCh38,chr6,31509956,31510956,1000,100,4096,1,0,1,6388,6388,0,0,4560,0,1,1,6388,765,2360,8.350327,2.706780,3.165000,33.995000,1273.490000,100.702000,6002.797000,1,20,1c1a167ced92512debed8733e3fe2ea5a8b46d0a38f1fe7704acde851e043a42,true,1,true,20.670347,51.511040,103.703467
fixed-window,fixed-w16k-zstd-3,random-1000-00005,random-1000,GRCh38,chr6,31505046,31506046,1000,100,4096,1,0,1,15025,15025,0,0,4560,0,1,1,15025,1243,5361,12.087691,2.802649,1.640000,55.566000,3321.651000,320.768000,26918.864000,1,87,b16bd64dfb37da12be238f5c2f42749d3bbdcae06c46372d97d8a04cc96d0532,true,1,true,20.900667,52.202000,106.006667
fixed-window,fixed-w16k-zstd-3,random-1000-00006,random-1000,GRCh38,chr19,54823280,54824280,1000,100,4096,1,0,1,42764,42764,0,0,4560,0,1,1,42764,1195,4771,35.785774,8.963320,3.287000,161.944000,14019.322000,1014.431000,91470.481000,1,70,8af32f33cbd815e55e00b72c09e1f57fa985ea5e283021aa879dac074b4dd65a,true,1,true,21.640373,54.421120,113.403733
fixed-window,fixed-w16k-zstd-3,random-1000-00007,random-1000,GRCh38,chr6,31503327,31504327,1000,100,4096,1,0,1,15025,15025,0,0,4560,0,1,1,15025,1482,6283,10.138327,2.391374,3.841000,58.020000,3315.444000,358.594000,27583.659000,1,97,a386baf9e9a06d123e16fe449402d8ded071113755c71f6243b96704c5d0abe2,true,1,true,20.900667,52.202000,106.006667
fixed-window,fixed-w16k-zstd-3,random-1000-00008,random-1000,GRCh38,chr19,54826165,54827165,1000,100,4096,1,0,1,42764,42764,0,0,4560,0,1,1,42764,3284,19664,13.021924,2.174736,4.032000,161.900000,13900.059000,1322.381000,91382.235000,1,393,55a8837a6adf6e482198368d1bcd70afcc5e9bd57720401921c950f15f7a009a,true,1,true,21.640373,54.421120,113.403733
fixed-window,fixed-w16k-zstd-3,random-1000-00009,random-1000,GRCh38,chr19,54825783,54826783,1000,100,4096,1,0,1,42764,42764,0,0,4560,0,1,1,42764,2858,16787,14.962911,2.547447,3.130000,166.968000,14138.846000,1244.565000,92411.176000,1,331,1d3b298a866c8e949a53bf36b7c547fc147c28115237ab0dc9d030a2a1d75ed3,true,1,true,21.640373,54.421120,113.403733
fixed-window,fixed-w16k-zstd-3,random-1000-00010,random-1000,GRCh38,chr19,54824197,54825197,1000,100,4096,1,0,1,42764,42764,0,0,4560,0,1,1,42764,1298,5319,32.946071,8.039857,10.489000,161.479000,13696.426000,1003.887000,90739.547000,1,85,fb56c0861903d95e47927e7a7fa7f61332a1728038bfe7cee35547dd3d1ea072,true,1,true,21.640373,54.421120,113.403733
fixed-window,fixed-w16k-zstd-3,random-1000-00011,random-1000,GRCh38,chr6,31508687,31509687,1000,100,4096,1,0,1,6388,6388,0,0,4560,0,1,1,6388,1003,3894,6.368893,1.640473,3.486000,32.856000,1256.365000,131.015000,6189.047000,1,55,dc9cd79cc8c2b2709821938d0034de843cdb5ebef91eec3a92fd8cd6b0fdad64,true,1,true,20.670347,51.511040,103.703467
fixed-window,fixed-w16k-zstd-3,random-1000-00012,random-1000,GRCh38,chr6,31498578,31499578,1000,100,4096,1,0,1,15025,15025,0,0,4560,0,1,1,15025,1470,5735,10.221088,2.619878,1.952000,57.368000,3268.168000,392.335000,27089.581000,1,89,c403eef14917e6b686762197dc194e4a6d821914e2b1ffc4fb9bd90b0cbf56fa,true,1,true,20.900667,52.202000,106.006667
fixed-window,fixed-w16k-zstd-3,random-1000-00013,random-1000,CHM13,chr19,18934804,18935804,1000,100,4096,1,0,1,42136,42136,0,0,4560,0,1,1,42136,1572,6706,26.804071,6.283328,2.992000,160.454000,13046.647000,997.121000,87253.066000,1,111,ad32c7d856071f94810c9ebc737bd0992ddc4138205c417989624a16e1a46b82,true,1,true,21.623627,54.370880,113.236267
fixed-window,fixed-w16k-zstd-3,random-1000-00014,random-1000,GRCh38,chr19,54818543,54819543,1000,100,4096,1,0,1,9003,9003,0,0,4560,0,1,1,9003,1793,7488,5.021194,1.202324,3.125000,42.344000,2060.557000,248.540000,9979.937000,1,121,abe68b07da4cac926944b03ae52a1af3a8669b9bb42af99f19a6d98b110b5fe8,true,1,true,20.740080,51.720240,104.400800
fixed-window,fixed-w16k-zstd-3,random-1000-00015,random-1000,GRCh38,chr19,54822995,54823995,1000,100,4096,1,0,1,42764,42764,0,0,4560,0,1,1,42764,1181,4578,36.209992,9.341197,2.556000,161.498000,13826.531000,983.651000,90137.083000,1,66,8a72e0b887900afc82aee886713646137a29ee3dc80654cff7810b6b509fa039,true,1,true,21.640373,54.421120,113.403733
fixed-window,fixed-w16k-zstd-3,random-1000-00016,random-1000,GRCh38,chr6,31500086,31501086,1000,100,4096,1,0,1,15025,15025,0,0,4560,0,1,1,15025,1091,4071,13.771769,3.690739,4.221000,81.504000,3537.319000,297.532000,27501.978000,1,54,6d8ebae6f424d9f114ac82ef6e6470e27d0c410db2125b4ff92d6c78ec11ddb8,true,1,true,20.900667,52.202000,106.006667
fixed-window,fixed-w16k-zstd-3,random-1000-00017,random-1000,CHM13,chr19,18935132,18936132,1000,100,4096,1,0,1,42136,42136,0,0,4560,0,1,1,42136,1760,8280,23.940909,5.088889,3.191000,158.674000,12531.378000,1057.588000,86373.333000,1,149,7e39334d82950ad46a7dded8c04e5b5173ad6011091c22de11b2fc7ef21435c6,true,1,true,21.623627,54.370880,113.236267
fixed-window,fixed-w16k-zstd-3,random-1000-00018,random-1000,GRCh38,chr6,31500755,31501755,1000,100,4096,1,0,1,15025,15025,0,0,4560,0,1,1,15025,1054,4061,14.255218,3.699828,2.824000,59.636000,3292.596000,430.583000,26862.752000,1,58,6892a0300e5048f7c0f3d00619bb5ffb4497d766808b793faef9b8d94d35326a,true,1,true,20.900667,52.202000,106.006667
fixed-window,fixed-w16k-zstd-3,random-1000-00019,random-1000,CHM13,chr6,31355683,31356683,1000,100,4096,1,0,1,14771,14771,0,0,4560,0,1,1,14771,1256,4907,11.760350,3.010190,3.379000,60.269000,3269.329000,313.284000,27002.480000,1,66,baf573b4c3d462b3a8dde6c40f47d19c0873592a1ff8535d27a5d521322b512c,true,1,true,20.893893,52.181680,105.938933
fixed-window,fixed-w16k-zstd-3,random-1000-00020,random-1000,GRCh38,chr6,31505631,31506631,1000,100,4096,1,0,1,21413,21413,0,0,4560,0,1,1,21413,993,3594,21.563948,5.957986,2.702000,93.179000,4776.813000,404.380000,33117.640000,2,46,046ba0e59f63d2b93d90e395739eafacfebb3a401f67496f435743ed89b0314b,true,2,true,21.071013,52.713040,107.710133
fixed-window,fixed-w16k-zstd-3,random-1000-00021,random-1000,GRCh38,chr19,54819258,54820258,1000,100,4096,1,0,1,9003,9003,0,0,4560,0,1,1,9003,1319,4985,6.825625,1.806018,3.124000,39.000000,1911.273000,237.869000,9873.968000,1,70,b1e8d79aeb44ef1ed796c5323ccfa9207bbd85dad43ce48ec148ed450d39edaa,true,1,true,20.740080,51.720240,104.400800
fixed-window,fixed-w16k-zstd-3,random-1000-00022,random-1000,CHM13,chr6,31362561,31363561,1000,100,4096,1,0,1,6680,6680,0,0,4560,0,1,1,6680,880,2862,7.590909,2.334032,2.975000,32.400000,1472.831000,111.492000,6584.000000,1,29,f10fe835567c98ac88996d81daf2a41e23e1e9d46e6fe5fa9f51d2339f9c3f80,true,1,true,20.678133,51.534400,103.781333
fixed-window,fixed-w16k-zstd-3,random-1000-00023,random-1000,GRCh38,chr19,54818709,54819709,1000,100,4096,1,0,1,9003,9003,0,0,4560,0,1,1,9003,1588,6510,5.669395,1.382949,2.582000,40.820000,1934.953000,237.540000,9986.406000,1,103,50f73df09db8d4b28648ddf8303d4d9fa240b0af6ea6f0f1522841d7ae95b462,true,1,true,20.740080,51.720240,104.400800
fixed-window,fixed-w16k-zstd-3,random-1000-00024,random-1000,GRCh38,chr6,31509347,31510347,1000,100,4096,1,0,1,6388,6388,0,0,4560,0,1,1,6388,955,3444,6.689005,1.854820,2.702000,32.819000,1255.192000,125.185000,6162.970000,1,44,2b0f4079fc510da157b02685ab88e6263b88046ec03e2bda796c37b2fd0352f6,true,1,true,20.670347,51.511040,103.703467
fixed-window,fixed-w16k-zstd-3,random-1000-00025,random-1000,CHM13,chr19,18937374,18938374,1000,100,4096,1,0,1,42136,42136,0,0,4560,0,1,1,42136,3208,18478,13.134663,2.280333,3.004000,157.822000,12839.761000,1299.124000,87225.496000,1,369,dcb500b60f9c1ce622551e4c7821e53652e49d4883b198022c13e27284955990,true,1,true,21.623627,54.370880,113.236267
fixed-window,fixed-w16k-zstd-3,random-1000-00026,random-1000,CHM13,chr19,18928542,18929542,1000,100,4096,1,0,1,42136,42136,0,0,4560,0,1,1,42136,1361,5942,30.959589,7.091215,3.401000,163.322000,12439.802000,972.634000,85990.135000,1,99,737cbcc2014184b5c4ffdcf3f6fe653ec45727d26f7605ce31dd04a55d88319c,true,1,true,21.623627,54.370880,113.236267
fixed-window,fixed-w16k-zstd-3,random-1000-00027,random-1000,CHM13,chr19,18933366,18934366,1000,100,4096,1,0,1,42136,42136,0,0,4560,0,1,1,42136,1151,4449,36.608167,9.470892,3.302000,158.253000,13167.383000,951.791000,86264.607000,1,66,7f8504c6e13f6a5133c8be8debce93cf214fdb5477b0d776dcfb53069ec6ea10,true,1,true,21.623627,54.370880,113.236267
fixed-window,fixed-w16k-zstd-3,random-1000-00028,random-1000,CHM13,chr6,31362297,31363297,1000,100,4096,1,0,1,6680,6680,0,0,4560,0,1,1,6680,983,3443,6.795524,1.940168,3.381000,33.512000,1331.622000,133.660000,6524.079000,1,42,cb0abb8190ffcc9bc261ee8ab967b7b3e3e3aa2e1e86325e9f29dbe919b2d4a0,true,1,true,20.678133,51.534400,103.781333
fixed-window,fixed-w16k-zstd-3,random-1000-00029,random-1000,GRCh38,chr6,31506359,31507359,1000,100,4096,1,0,1,21413,21413,0,0,4560,0,1,1,21413,998,3298,21.455912,6.492723,1.994000,90.575000,4610.815000,344.949000,33192.593000,2,38,c75f53088b0fe21e2c5cfde9fb2cc43f22948cf9baf34c05d617d87c69e2dd3b,true,2,true,21.071013,52.713040,107.710133
fixed-window,fixed-w16k-zstd-3,random-1000-00030,random-1000,GRCh38,chr19,54827474,54828474,1000,100,4096,1,0,1,42764,42764,0,0,4560,0,1,1,42764,3013,17163,14.193163,2.491639,2.568000,159.455000,13010.814000,1234.054000,89962.267000,1,339,434c8c007a70bc8328cab7ae255768d4aade24a9d3a0c7299c1dd3b08cf5ede0,true,1,true,21.640373,54.421120,113.403733
fixed-window,fixed-w16k-zstd-3,random-1000-00031,random-1000,GRCh38,chr19,54826908,54827908,1000,100,4096,1,0,1,42764,42764,0,0,4560,0,1,1,42764,3224,18595,13.264268,2.299758,3.350000,161.503000,13261.727000,1329.088000,92620.399000,1,370,46bebf37c37460b52500274bf67d3c93489f6721b76994b9173cb56c2769841b,true,1,true,21.640373,54.421120,113.403733
fixed-window,fixed-w16k-zstd-3,random-1000-00032,random-1000,GRCh38,chr6,31506225,31507225,1000,100,4096,1,0,1,21413,21413,0,0,4560,0,1,1,21413,981,3446,21.827727,6.213871,3.237000,92.603000,4720.916000,389.960000,32720.489000,2,44,f143f9c63857aca0f979433575e159f4d430ba313e66d2887bcfac0d09e8261d,true,2,true,21.071013,52.713040,107.710133
fixed-window,fixed-w16k-zstd-3,random-1000-00033,random-1000,GRCh38,chr6,31509336,31510336,1000,100,4096,1,0,1,6388,6388,0,0,4560,0,1,1,6388,995,3610,6.420101,1.769529,4.578000,31.250000,1257.442000,121.958000,5944.321000,1,47,be77edcc92a6db2da90cb91d5c5f8cbee7c766fefdca615e0cc31795af3293cd,true,1,true,20.670347,51.511040,103.703467
fixed-window,fixed-w16k-zstd-3,random-1000-00034,random-1000,GRCh38,chr19,54816603,54817603,1000,100,4096,1,0,1,9003,9003,0,0,4560,0,1,1,9003,1169,5478,7.701454,1.643483,1.772000,38.999000,1897.900000,222.588000,9839.886000,1,88,8d1b9444b93c4115cdd8124c79f543b83a6eb72e5df0ee059fd05f8309689902,true,1,true,20.740080,51.720240,104.400800
fixed-window,fixed-w16k-zstd-3,random-1000-00035,random-1000,CHM13,chr6,31362547,31363547,1000,100,4096,1,0,1,6680,6680,0,0,4560,0,1,1,6680,880,2862,7.590909,2.334032,2.892000,32.186000,1321.156000,113.745000,6476.054000,1,29,52ee3d9461214f3ca3a27c8194780279066c44f80902598da00d7f0e1d71fbfa,true,1,true,20.678133,51.534400,103.781333
fixed-window,fixed-w16k-zstd-3,random-1000-00036,random-1000,CHM13,chr19,18937052,18938052,1000,100,4096,1,0,1,42136,42136,0,0,4560,0,1,1,42136,3299,19361,12.772355,2.176334,2.792000,157.252000,12113.635000,1207.474000,85827.198000,1,387,8e7f2e29f1294f8d13b06118a22e4631c9d4585a97378aa1fbbcb54de2ca3406,true,1,true,21.623627,54.370880,113.236267
fixed-window,fixed-w16k-zstd-3,random-1000-00037,random-1000,CHM13,chr6,31360965,31361965,1000,100,4096,1,0,1,6680,6680,0,0,4560,0,1,1,6680,952,3503,7.016807,1.906937,3.310000,33.774000,1346.029000,126.219000,6537.112000,1,46,0f48090fd716f13aa361c0faa3dbc1eb66c9d9d112f2d7357f07770db5766a19,true,1,true,20.678133,51.534400,103.781333
fixed-window,fixed-w16k-zstd-3,random-1000-00038,random-1000,GRCh38,chr6,31504269,31505269,1000,100,4096,1,0,1,15025,15025,0,0,4560,0,1,1,15025,1736,7041,8.654954,2.133930,2.786000,57.259000,3257.958000,356.277000,26903.625000,1,116,c8924eadb5852613faccb05cb0e2c730d2c85c0b065b28808b04e142f1fb5113,true,1,true,20.900667,52.202000,106.006667
fixed-window,fixed-w16k-zstd-3,random-1000-00039,random-1000,GRCh38,chr6,31503747,31504747,1000,100,4096,1,0,1,15025,15025,0,0,4560,0,1,1,15025,1667,6788,9.013197,2.213465,3.295000,58.947000,3276.188000,350.148000,27021.218000,1,104,d760ccb8d56f875acce02f99a60c0960348f90d24c21092696628d450fa2be63,true,1,true,20.900667,52.202000,106.006667
fixed-window,fixed-w16k-zstd-3,random-1000-00040,random-1000,CHM13,chr19,18928411,18929411,1000,100,4096,1,0,1,42136,42136,0,0,4560,0,1,1,42136,1329,5748,31.705041,7.330550,2.839000,182.078000,12601.987000,970.666000,86890.522000,1,94,aaa14d812eaffd378353a5f9e9794eaa56bed0a0d1a66c71e752e7351758a5c1,true,1,true,21.623627,54.370880,113.236267
fixed-window,fixed-w16k-zstd-3,random-1000-00041,random-1000,GRCh38,chr19,54823938,54824938,1000,100,4096,1,0,1,42764,42764,0,0,4560,0,1,1,42764,1268,5092,33.725552,8.398272,3.860000,162.000000,14036.320000,1026.509000,92187.014000,1,78,bbfa097240585e187c92d7dac38fa20ac2cbea04492bd704f87a15d9349ee5e0,true,1,true,21.640373,54.421120,113.403733
fixed-window,fixed-w16k-zstd-3,random-1000-00042,random-1000,CHM13,chr19,18939757,18940757,1000,100,4096,1,0,1,52780,52780,0,0,4560,0,1,1,52780,3577,20268,14.755382,2.604105,3.573000,211.955000,17777.261000,1396.342000,106790.068000,2,405,fe4e657ec0b68a9a0791087e5c51dab0eca123f20e6c5cf2f2344307e49782e9,true,2,true,21.907467,55.222400,116.074667
fixed-window,fixed-w16k-zstd-3,random-1000-00043,random-1000,CHM13,chr6,31359247,31360247,1000,100,4096,1,0,1,6680,6680,0,0,4560,0,1,1,6680,892,2986,7.488789,2.237106,2.750000,33.237000,1330.161000,134.072000,6821.678000,1,35,5978b133643345de4fab9334f39ef6bd3f4449855b0424631f4b1c333b221343,true,1,true,20.678133,51.534400,103.781333
fixed-window,fixed-w16k-zstd-3,random-1000-00044,random-1000,GRCh38,chr19,54827982,54828982,1000,100,4096,1,0,1,42764,42764,0,0,4560,0,1,1,42764,3551,17730,12.042805,2.411957,4.287000,161.755000,13546.331000,1237.801000,91279.199000,1,323,8c99fea0a8e8d49f05f2e96cb7587fb4b74f7f3c99ff78f2c948e15d69843e6e,true,1,true,21.640373,54.421120,113.403733
fixed-window,fixed-w16k-zstd-3,random-1000-00045,random-1000,GRCh38,chr6,31502847,31503847,1000,100,4096,1,0,1,15025,15025,0,0,4560,0,1,1,15025,933,3238,16.103966,4.640210,3.500000,59.189000,3271.301000,288.879000,27323.624000,1,40,327d9589a9b7daab0e6741544fffbe866875f100c978001aa1d4f0d38520e742,true,1,true,20.900667,52.202000,106.006667
fixed-window,fixed-w16k-zstd-3,random-1000-00046,random-1000,CHM13,chr19,18934643,18935643,1000,100,4096,1,0,1,42136,42136,0,0,4560,0,1,1,42136,1251,5142,33.681855,8.194477,3.455000,158.128000,12314.518000,954.310000,86246.200000,1,82,5fd745a6b07df745aa57010567ca52f8e78f30cb93678818fecdecf96d2a22b3,true,1,true,21.623627,54.370880,113.236267
fixed-window,fixed-w16k-zstd-3,random-1000-00047,random-1000,CHM13,chr6,31358345,31359345,1000,100,4096,1,0,1,21451,21451,0,0,4560,0,1,1,21451,995,3592,21.558794,5.971882,3.300000,95.946000,4648.172000,370.950000,32462.115000,2,46,9eacd203c3cc557383a098ea3f078d25fda9b62aedd293c683491fd791f1ac8c,true,2,true,21.072027,52.716080,107.720267
fixed-window,fixed-w16k-zstd-3,random-1000-00048,random-1000,GRCh38,chr19,54826949,54827949,1000,100,4096,1,0,1,42764,42764,0,0,4560,0,1,1,42764,3170,18169,13.490221,2.353679,2.993000,159.793000,13159.292000,1268.091000,89353.714000,1,361,6ad7894be200e25c418a98ac6835bc587743b2edaeacc6430903fdfb9af1ad57,true,1,true,21.640373,54.421120,113.403733
fixed-window,fixed-w16k-zstd-3,random-1000-00049,random-1000,CHM13,chr6,31353875,31354875,1000,100,4096,1,0,1,14771,14771,0,0,4560,0,1,1,14771,1068,4006,13.830524,3.687219,4.447000,61.300000,3291.615000,314.838000,26720.942000,1,55,3f317af10d51dba1ac4b8bc6d479a5e8b050745f812a4aeff5ba44e1d186464d,true,1,true,20.893893,52.181680,105.938933
fixed-window,fixed-w16k-zstd-3,random-10000-00000,random-10000,CHM13,chr19,18927515,18937515,10000,100,4096,1,0,1,42136,42136,0,0,4560,0,1,1,42136,11470,57442,3.673583,0.733540,2.934000,164.647000,13328.595000,1906.969000,87238.882000,1,1004,fb7050feafcc060c124333febc078309dd675f439a2f7ca3ad74965dfc2ae19d,true,1,true,21.623627,54.370880,113.236267
fixed-window,fixed-w16k-zstd-3,random-10000-00001,random-10000,CHM13,chr19,18927048,18937048,10000,100,4096,1,0,1,42136,42136,0,0,4560,0,1,1,42136,10955,54457,3.846280,0.773748,3.509000,164.478000,12831.561000,1878.183000,87622.962000,1,939,023de33c74ae01ecce6f5f39e85fcb6bfc4b5321f0c1d07915d9234f16fd4fab,true,1,true,21.623627,54.370880,113.236267
fixed-window,fixed-w16k-zstd-3,random-10000-00002,random-10000,GRCh38,chr6,31499564,31509564,10000,100,4096,1,0,1,21413,21413,0,0,4560,0,1,1,21413,8132,34402,2.633178,0.622435,3.514000,95.027000,4654.220000,808.801000,33390.962000,2,509,f494e39fabd124ec5ed21c30ce7135582d6e618c2fd9bfa3f4a65bdcaf487fea,true,2,true,21.071013,52.713040,107.710133
fixed-window,fixed-w16k-zstd-3,random-10000-00003,random-10000,CHM13,chr6,31353211,31363211,10000,100,4096,1,0,1,21451,21451,0,0,4560,0,1,1,21451,8171,34227,2.625260,0.626727,2.854000,96.740000,4603.439000,851.921000,34140.746000,2,501,29fcf7da0387da1f2001f5c4a997ede87538f752ece77d2dc8d82168b259bfd8,true,2,true,21.072027,52.716080,107.720267
fixed-window,fixed-w16k-zstd-3,random-10000-00004,random-10000,CHM13,chr6,31351115,31361115,10000,100,4096,1,0,1,21451,21451,0,0,4560,0,1,1,21451,8652,37259,2.479311,0.575727,3.280000,92.523000,4749.810000,873.670000,33636.866000,2,563,e14a61445be1e6ff648be16758424cc6df3c4fdfbec13367ceff70723b0bbb88,true,2,true,21.072027,52.716080,107.720267
fixed-window,fixed-w16k-zstd-3,random-10000-00005,random-10000,GRCh38,chr6,31500727,31510727,10000,100,4096,1,0,1,21413,21413,0,0,4560,0,1,1,21413,8129,34058,2.634149,0.628722,3.090000,93.167000,4544.910000,793.466000,33489.775000,2,497,af67385fc51498673c70fe03cfcbc012be8be89d0e599de7b43af702acaf6e3d,true,2,true,21.071013,52.713040,107.710133
fixed-window,fixed-w16k-zstd-3,random-10000-00006,random-10000,CHM13,chr19,18927710,18937710,10000,100,4096,1,0,1,42136,42136,0,0,4560,0,1,1,42136,12140,61610,3.470840,0.683915,2.986000,155.745000,12430.392000,1955.630000,86199.206000,1,1089,44f2d6cb38a29cb8bcd9c92583a533515cfdfba96c7e68b91598a7666a649102,true,1,true,21.623627,54.370880,113.236267
fixed-window,fixed-w16k-zstd-3,random-10000-00007,random-10000,GRCh38,chr19,54819693,54829693,10000,100,4096,1,0,1,51767,51767,0,0,4560,0,1,1,51767,16591,87760,3.120186,0.589870,3.421000,207.218000,15146.863000,2684.079000,102085.609000,2,1630,2e8920af64b513a565f0b86c813644ab6724f64155a7226afee9b07aa04219db,true,2,true,21.880453,55.141360,115.804533
fixed-window,fixed-w16k-zstd-3,random-10000-00008,random-10000,GRCh38,chr19,54817489,54827489,10000,100,4096,1,0,1,51767,51767,0,0,4560,0,1,1,51767,12504,63612,4.140035,0.813793,2.651000,204.070000,14947.767000,2481.511000,101985.620000,2,1136,bc18deaad878165d935da1663f5cbfa4acbc72a24b6bec2a71315507ffa399a2,true,2,true,21.880453,55.141360,115.804533
fixed-window,fixed-w16k-zstd-3,random-10000-00009,random-10000,CHM13,chr6,31353418,31363418,10000,100,4096,1,0,1,21451,21451,0,0,4560,0,1,1,21451,8319,34682,2.578555,0.618505,4.603000,100.851000,4746.200000,799.195000,33122.413000,2,504,b9bc0d7e6a4a4f91f3671f8623c9283ca8c27437e645f28fa7aec0c6c27b6c1a,true,2,true,21.072027,52.716080,107.720267
fixed-window,fixed-w16k-zstd-3,random-10000-00010,random-10000,CHM13,chr6,31352971,31362971,10000,100,4096,1,0,1,21451,21451,0,0,4560,0,1,1,21451,8351,35191,2.568674,0.609559,3.056000,92.500000,4589.945000,815.268000,33528.667000,2,516,8dca2f312e0ef50ab8af5072fd67a1d92c9a36f77abdeb33a59f88dc3e4d8244,true,2,true,21.072027,52.716080,107.720267
fixed-window,fixed-w16k-zstd-3,random-10000-00011,random-10000,GRCh38,chr19,54818493,54828493,10000,100,4096,1,0,1,51767,51767,0,0,4560,0,1,1,51767,14008,73746,3.695531,0.701963,3.223000,201.167000,15503.626000,2484.742000,101723.617000,2,1353,41d025ae95d7ca07ef3a19a623830dc29f8643d5ee600059088b608507d30e5a,true,2,true,21.880453,55.141360,115.804533
fixed-window,fixed-w16k-zstd-3,random-10000-00012,random-10000,GRCh38,chr19,54818964,54828964,10000,100,4096,1,0,1,51767,51767,0,0,4560,0,1,1,51767,15402,79342,3.361057,0.652454,2.760000,204.419000,14712.780000,2623.733000,100361.858000,2,1443,9b1c1123039876c6241e4a4da0e047869ee14d094c6dee676282fe9d40af0d46,true,2,true,21.880453,55.141360,115.804533
fixed-window,fixed-w16k-zstd-3,random-10000-00013,random-10000,CHM13,chr6,31351555,31361555,10000,100,4096,1,0,1,21451,21451,0,0,4560,0,1,1,21451,8288,35277,2.588200,0.608073,3.056000,99.470000,4605.853000,823.228000,33134.667000,2,524,847eb62608809ff67dc4211f8bf09f10c59f351eebd11240a02f3c512cfbead1,true,2,true,21.072027,52.716080,107.720267
fixed-window,fixed-w16k-zstd-3,random-10000-00014,random-10000,CHM13,chr6,31352241,31362241,10000,100,4096,1,0,1,21451,21451,0,0,4560,0,1,1,21451,8058,34005,2.662075,0.630819,3.168000,93.499000,4575.339000,801.778000,32858.210000,2,501,10c6602d35679da6a9faa7a00f2f7e349a9add21a37e277d3647616b3221ae0e,true,2,true,21.072027,52.716080,107.720267
fixed-window,fixed-w16k-zstd-3,random-10000-00015,random-10000,GRCh38,chr6,31500220,31510220,10000,100,4096,1,0,1,21413,21413,0,0,4560,0,1,1,21413,8259,34888,2.592687,0.613764,3.239000,93.057000,4694.071000,809.404000,33308.010000,2,514,819a628f285e970cfca2db7d503d8b2ece36325758bee5bf9a059ec7f86a36ef,true,2,true,21.071013,52.713040,107.710133
fixed-window,fixed-w16k-zstd-3,random-10000-00016,random-10000,GRCh38,chr6,31498515,31508515,10000,100,4096,1,0,1,21413,21413,0,0,4560,0,1,1,21413,8705,37584,2.459851,0.569737,3.142000,91.540000,4551.313000,856.657000,33089.828000,2,568,5a7ad96aa91c3cd95c61a98b33a1c5f1b024a7cc17725b6d52e3610749690b55,true,2,true,21.071013,52.713040,107.710133
fixed-window,fixed-w16k-zstd-3,random-10000-00017,random-10000,CHM13,chr19,18927173,18937173,10000,100,4096,1,0,1,42136,42136,0,0,4560,0,1,1,42136,11119,55279,3.789549,0.762242,2.969000,155.621000,12235.278000,1845.996000,86623.072000,1,955,57ec57fc0db92f6174aeff1e27a852cb6b3ed40908214d7137435fcf61fcaca7,true,1,true,21.623627,54.370880,113.236267
fixed-window,fixed-w16k-zstd-3,random-10000-00018,random-10000,GRCh38,chr19,54819485,54829485,10000,100,4096,1,0,1,51767,51767,0,0,4560,0,1,1,51767,16275,85696,3.180768,0.604077,3.042000,205.634000,15599.674000,2638.467000,103920.559000,2,1587,4bc80df69acefc62584319f8168ed476a74c598397e56eedf11da0d0f70d2e0f,true,2,true,21.880453,55.141360,115.804533
fixed-window,fixed-w16k-zstd-3,random-10000-00019,random-10000,GRCh38,chr19,54819535,54829535,10000,100,4096,1,0,1,51767,51767,0,0,4560,0,1,1,51767,16229,85454,3.189784,0.605788,3.120000,205.439000,15348.932000,2804.967000,101364.959000,2,1582,bcd2c5b89765dcc3506c48e927dd1f95beb3cf2cf59b60554eed6e5a1216c60a,true,2,true,21.880453,55.141360,115.804533
fixed-window,fixed-w16k-zstd-3,random-10000-00020,random-10000,GRCh38,chr19,54817554,54827554,10000,100,4096,1,0,1,51767,51767,0,0,4560,0,1,1,51767,12725,65040,4.068134,0.795926,3.205000,203.640000,14622.718000,2303.440000,100100.865000,2,1165,2def0ee5af1588ea7867041e32b37bbd2450930dd3f26c3aa8edbc25fe39a187,true,2,true,21.880453,55.141360,115.804533
fixed-window,fixed-w16k-zstd-3,random-10000-00021,random-10000,CHM13,chr19,18929552,18939552,10000,100,4096,1,0,1,42136,42136,0,0,4560,0,1,1,42136,15635,81039,2.694979,0.519947,3.314000,159.702000,12702.182000,2414.746000,87887.684000,1,1480,8bf02e532bc1b8576fda62e2d3b647b1eee84a25a2a1edfe2692adea8a58d7c8,true,1,true,21.623627,54.370880,113.236267
fixed-window,fixed-w16k-zstd-3,random-10000-00022,random-10000,GRCh38,chr19,54820740,54830740,10000,100,4096,1,0,1,51767,51767,0,0,4560,0,1,1,51767,18801,101972,2.753417,0.507659,2.740000,208.984000,14713.358000,3114.991000,101926.122000,2,1934,f40144c51d78158c2d8a0877880114b254a38a93fe47e1715a06f7176815dfb2,true,2,true,21.880453,55.141360,115.804533
fixed-window,fixed-w16k-zstd-3,random-10000-00023,random-10000,GRCh38,chr19,54818932,54828932,10000,100,4096,1,0,1,51767,51767,0,0,4560,0,1,1,51767,15290,78641,3.385677,0.658270,2.909000,226.135000,15452.847000,2477.083000,103028.787000,2,1429,eb8de91e331628dac36e25b9fa50b69ea33976b570fa3f099b08df9a47068613,true,2,true,21.880453,55.141360,115.804533
fixed-window,fixed-w16k-zstd-3,random-10000-00024,random-10000,CHM13,chr6,31351872,31361872,10000,100,4096,1,0,1,21451,21451,0,0,4560,0,1,1,21451,8162,34759,2.628155,0.617135,2.881000,92.335000,4802.908000,835.044000,33517.784000,2,517,46ee61538a1a54759235a1873727599a5868d9ea0ca96369165a52e7f4643c1d,true,2,true,21.072027,52.716080,107.720267
fixed-window,fixed-w16k-zstd-3,random-10000-00025,random-10000,CHM13,chr19,18928033,18938033,10000,100,4096,1,0,1,42136,42136,0,0,4560,0,1,1,42136,12778,65375,3.297543,0.644528,3.627000,160.905000,12222.143000,2045.648000,86219.580000,1,1172,f419bc07f88f53cb87250fc08dd8c99a6a817b07172b7fcff1087918fcb94bb9,true,1,true,21.623627,54.370880,113.236267
fixed-window,fixed-w16k-zstd-3,random-10000-00026,random-10000,CHM13,chr19,18929766,18939766,10000,100,4096,1,0,1,42136,42136,0,0,4560,0,1,1,42136,16163,84267,2.606942,0.500030,3.434000,162.953000,12806.068000,2444.495000,88660.074000,1,1549,083c50cf3eaa6dbae11218d0ad158e39085a0f9ab53242e8c9276d9d09e4a902,true,1,true,21.623627,54.370880,113.236267
fixed-window,fixed-w16k-zstd-3,random-10000-00027,random-10000,GRCh38,chr19,54818824,54828824,10000,100,4096,1,0,1,51767,51767,0,0,4560,0,1,1,51767,15033,77427,3.443558,0.668591,3.035000,203.890000,14957.130000,2473.635000,101092.175000,2,1402,3f3dc9323559e679dec3aa90a6cd0d6f32b722c0edb02878f85c7147b220a151,true,2,true,21.880453,55.141360,115.804533
fixed-window,fixed-w16k-zstd-3,random-10000-00028,random-10000,GRCh38,chr6,31500466,31510466,10000,100,4096,1,0,1,21413,21413,0,0,4560,0,1,1,21413,8193,34378,2.613573,0.622869,3.918000,91.541000,4605.641000,801.630000,33480.107000,2,504,1aae841166593d23a6a7f739f1a1bc749a54a056b1e37d3a5d25d94bf5149a22,true,2,true,21.071013,52.713040,107.710133
fixed-window,fixed-w16k-zstd-3,random-10000-00029,random-10000,GRCh38,chr19,54819488,54829488,10000,100,4096,1,0,1,51767,51767,0,0,4560,0,1,1,51767,16275,85696,3.180768,0.604077,2.557000,202.118000,14811.664000,2660.563000,101641.278000,2,1587,389db2da30f2663146c5ea0f413adf0067134725625f4e1288bb2be31ce448cb,true,2,true,21.880453,55.141360,115.804533
fixed-window,fixed-w16k-zstd-3,random-10000-00030,random-10000,CHM13,chr19,18929211,18939211,10000,100,4096,1,0,1,42136,42136,0,0,4560,0,1,1,42136,14944,76593,2.819593,0.550129,3.250000,159.576000,12698.917000,2304.350000,86639.975000,1,1385,b74d7d1b4dbb42a06518b394ddadad8f90f27e2927e94063c3929335c4685ca4,true,1,true,21.623627,54.370880,113.236267
fixed-window,fixed-w16k-zstd-3,random-10000-00031,random-10000,GRCh38,chr19,54818293,54828293,10000,100,4096,1,0,1,51767,51767,0,0,4560,0,1,1,51767,13841,72397,3.740120,0.715043,2.734000,206.895000,15080.930000,2373.025000,101022.551000,2,1323,fe0d874462aaf8c4e61824ab520900f995906ff2456dedd3fdb039da61a5eab2,true,2,true,21.880453,55.141360,115.804533
fixed-window,fixed-w16k-zstd-3,random-10000-00032,random-10000,GRCh38,chr6,31498328,31508328,10000,100,4096,1,0,1,21413,21413,0,0,4560,0,1,1,21413,8742,37526,2.449439,0.570618,2.765000,93.256000,4535.710000,861.730000,33183.995000,2,566,c97044eb49ee8253512cf81655f948a1bf875f2ef6b53cac35bb31292dcada4c,true,2,true,21.071013,52.713040,107.710133
fixed-window,fixed-w16k-zstd-3,random-10000-00033,random-10000,CHM13,chr19,18928926,18938926,10000,100,4096,1,0,1,42136,42136,0,0,4560,0,1,1,42136,13963,73325,3.017690,0.574647,3.140000,158.040000,12315.167000,2253.056000,87318.978000,1,1344,024632fd2282a8776dfef268db714389f6df985fd644df50343881f0357c87fd,true,1,true,21.623627,54.370880,113.236267
fixed-window,fixed-w16k-zstd-3,random-10000-00034,random-10000,GRCh38,chr19,54817527,54827527,10000,100,4096,1,0,1,51767,51767,0,0,4560,0,1,1,51767,12616,64317,4.103282,0.804873,3.188000,209.234000,15188.839000,2216.773000,101286.496000,2,1150,214233624f9ebebcd11c15c08bcc21afdafd2e1124fbf21852c268fa52db1807,true,2,true,21.880453,55.141360,115.804533
fixed-window,fixed-w16k-zstd-3,random-10000-00035,random-10000,CHM13,chr19,18930705,18940705,10000,100,4096,1,0,1,52780,52780,0,0,4560,0,1,1,52780,17656,94802,2.989352,0.556739,3.823000,209.104000,15695.564000,3065.574000,105348.034000,2,1782,6aa2ba257693dace3856e9dcd68f3fe97bb4b949cce960586f60119a4b974aa6,true,2,true,21.907467,55.222400,116.074667
fixed-window,fixed-w16k-zstd-3,random-10000-00036,random-10000,GRCh38,chr19,54819606,54829606,10000,100,4096,1,0,1,51767,51767,0,0,4560,0,1,1,51767,16429,86556,3.150953,0.598075,3.449000,204.884000,15903.101000,2975.422000,103990.381000,2,1604,cc686aff278d90fc84d361ecce38a1cdc02a0464bf632dff1652d57578be14d0,true,2,true,21.880453,55.141360,115.804533
fixed-window,fixed-w16k-zstd-3,random-10000-00037,random-10000,GRCh38,chr19,54816668,54826668,10000,100,4096,1,0,1,51767,51767,0,0,4560,0,1,1,51767,11066,55013,4.678023,0.940996,2.741000,205.697000,15458.985000,1997.823000,103743.361000,2,949,383a0552799f56d3864bb07446ca0ac31bf58e121f84cb6f28c8fc155978447f,true,2,true,21.880453,55.141360,115.804533
fixed-window,fixed-w16k-zstd-3,random-10000-00038,random-10000,GRCh38,chr19,54820649,54830649,10000,100,4096,1,0,1,51767,51767,0,0,4560,0,1,1,51767,18754,101746,2.760318,0.508787,3.479000,203.649000,15067.229000,3002.053000,101781.356000,2,1930,e22a4454f968a4adbd516e922087907b936dce29ccdf06906b1cda5a23825d1a,true,2,true,21.880453,55.141360,115.804533
fixed-window,fixed-w16k-zstd-3,random-10000-00039,random-10000,GRCh38,chr19,54818384,54828384,10000,100,4096,1,0,1,51767,51767,0,0,4560,0,1,1,51767,13946,72892,3.711960,0.710188,3.364000,205.793000,14944.971000,2398.287000,101231.469000,2,1332,fe2376a376c2c74da42df879939bbefa5357f07a246c7c41a6dc71f1e77f9341,true,2,true,21.880453,55.141360,115.804533
fixed-window,fixed-w16k-zstd-3,random-10000-00040,random-10000,CHM13,chr19,18930520,18940520,10000,100,4096,1,0,1,52780,52780,0,0,4560,0,1,1,52780,17378,93034,3.037173,0.567319,2.946000,210.170000,15199.528000,2812.724000,119090.884000,2,1743,401c5bf716699adc4aa197d5dc4edc4dbf512e05a87ecc10b66742d3a0909c7a,true,2,true,21.907467,55.222400,116.074667
fixed-window,fixed-w16k-zstd-3,random-10000-00041,random-10000,GRCh38,chr19,54817653,54827653,10000,100,4096,1,0,1,51767,51767,0,0,4560,0,1,1,51767,12838,65412,4.032326,0.791399,2.948000,204.063000,14713.947000,2341.491000,99923.152000,2,1174,ec127182b480469b233e662ec827aab0cb7b4d0794fd69cd19c080acc3dd7b78,true,2,true,21.880453,55.141360,115.804533
fixed-window,fixed-w16k-zstd-3,random-10000-00042,random-10000,CHM13,chr19,18928104,18938104,10000,100,4096,1,0,1,42136,42136,0,0,4560,0,1,1,42136,12805,65302,3.290590,0.645248,3.594000,160.811000,12328.785000,2067.615000,86353.935000,1,1172,50fa90d69eafae1fb16c829e7e62f95c051352e3ab5f42bb66b868d9c23361c7,true,1,true,21.623627,54.370880,113.236267
fixed-window,fixed-w16k-zstd-3,random-10000-00043,random-10000,GRCh38,chr19,54819543,54829543,10000,100,4096,1,0,1,51767,51767,0,0,4560,0,1,1,51767,16248,85533,3.186054,0.605228,3.507000,204.284000,15157.847000,2708.695000,101898.452000,2,1584,86381dfd585ff68407e07073382c6495eec264c697b260913503bc26a48c0c41,true,2,true,21.880453,55.141360,115.804533
fixed-window,fixed-w16k-zstd-3,random-10000-00044,random-10000,CHM13,chr19,18929474,18939474,10000,100,4096,1,0,1,42136,42136,0,0,4560,0,1,1,42136,15442,80101,2.728662,0.526036,3.130000,159.656000,12731.340000,2338.047000,87533.375000,1,1460,03928ffd2ce9e40a1824e64e7037f3d346740cf58028d95398514d279ec20151,true,1,true,21.623627,54.370880,113.236267
fixed-window,fixed-w16k-zstd-3,random-10000-00045,random-10000,GRCh38,chr6,31500088,31510088,10000,100,4096,1,0,1,21413,21413,0,0,4560,0,1,1,21413,8260,34888,2.592373,0.613764,2.977000,96.393000,4637.732000,836.686000,34330.979000,2,514,62d6d86d62cee3f919da0776df15270c2f3f844c9bd2f0f1eb215865bf818b49,true,2,true,21.071013,52.713040,107.710133
fixed-window,fixed-w16k-zstd-3,random-10000-00046,random-10000,CHM13,chr19,18930267,18940267,10000,100,4096,1,0,1,52780,52780,0,0,4560,0,1,1,52780,16854,89242,3.131601,0.591426,3.672000,210.517000,15625.252000,2709.690000,103107.414000,2,1660,2267ea3aa9109c9477496e04fcf4b52de76ec9d833925b8e30d42189cba23287,true,2,true,21.907467,55.222400,116.074667
fixed-window,fixed-w16k-zstd-3,random-10000-00047,random-10000,GRCh38,chr19,54817811,54827811,10000,100,4096,1,0,1,51767,51767,0,0,4560,0,1,1,51767,13122,67319,3.945054,0.768981,3.165000,204.747000,15209.021000,2262.440000,100310.718000,2,1214,7aa84bcb64aa88f155e84dcc7bedcd1bac0a4b0bacb37e4284e8ce9fbdd3c7eb,true,2,true,21.880453,55.141360,115.804533
fixed-window,fixed-w16k-zstd-3,random-10000-00048,random-10000,GRCh38,chr6,31499038,31509038,10000,100,4096,1,0,1,21413,21413,0,0,4560,0,1,1,21413,8224,34898,2.603721,0.613588,4.405000,94.136000,4613.844000,821.667000,33484.144000,2,517,dc690a2bdcf1416ce4aec85c6c2d5123ebb99ed2f5a947b8bc76d93be8bdad8e,true,2,true,21.071013,52.713040,107.710133
fixed-window,fixed-w16k-zstd-3,random-10000-00049,random-10000,GRCh38,chr19,54820051,54830051,10000,100,4096,1,0,1,51767,51767,0,0,4560,0,1,1,51767,17388,93036,2.977168,0.556419,3.137000,203.234000,14891.424000,2832.327000,101031.529000,2,1743,888e583ec4044eb718e700217dc3aa26cff29d7b1f8e987b60d3c334a3156d33,true,2,true,21.880453,55.141360,115.804533
fixed-window,fixed-w16k-zstd-3,hard-micb,hard-MICB,GRCh38,chr6,31498145,31511124,12979,100,16384,2,0,2,37797,37797,0,16384,4560,0,1,0,21413,10447,44599,3.617976,0.847485,5.647000,93.176000,4569.963000,966.587000,33151.288000,2,659,8e081a9b2bd2c24f31488efede2c5cac53abf60820c089097221acc1290f8adc,true,2,true,42.007920,105.023760,214.079200
fixed-window,fixed-w16k-zstd-3,hard-kir3dl1,hard-KIR3DL1,GRCh38,chr19,54816436,54830779,14343,100,16384,2,0,2,52327,52327,0,0,4560,560,1,0,51767,22636,120266,2.311672,0.435094,26.020000,202.815000,14902.808000,3406.307000,101628.258000,2,2231,4ea78c112a6194e6d835e5c8086e9a844301bc2506f64319ff8e3933129e3576,true,2,true,42.395387,106.186160,217.953867
fixed-window,fixed-w16k-zstd-3,random-1000-00000,random-1000,GRCh38,chr19,54818630,54819630,1000,100,16384,1,0,1,9003,9003,0,0,4560,0,1,1,9003,1676,7029,5.371718,1.280837,2.970000,40.998000,1898.450000,275.583000,10570.697000,1,112,f21fab27451d364acf245269653174a191300b494e96b54b0833f384dec1654e,true,1,true,20.740080,51.720240,104.400800
fixed-window,fixed-w16k-zstd-3,random-1000-00001,random-1000,CHM13,chr6,31354488,31355488,1000,100,16384,1,0,1,14771,14771,0,0,4560,0,1,0,14771,1022,3756,14.453033,3.932641,9.729000,58.880000,3243.006000,303.414000,27789.248000,1,51,2447bd29dea7507b24435be4e1f0dcafc123db5c22684e2cf2096a36c139ec1e,true,1,true,20.893893,52.181680,105.938933
fixed-window,fixed-w16k-zstd-3,random-1000-00002,random-1000,CHM13,chr19,18939211,18940211,1000,100,16384,1,0,1,52780,52780,0,0,4560,0,1,0,52780,4298,21923,12.280130,2.407517,11.745000,209.681000,15737.796000,1454.650000,101310.449000,2,412,3e982b3a553dc5b3d7b83901c689f383e63d6000097717e85e2f5afdb5192706,true,2,true,21.907467,55.222400,116.074667
fixed-window,fixed-w16k-zstd-3,random-1000-00003,random-1000,CHM13,chr19,18930672,18931672,1000,100,16384,1,0,1,42136,42136,0,0,4560,0,1,1,42136,1139,4616,36.993854,9.128250,2.661000,159.347000,12985.477000,947.440000,86247.178000,1,67,d88524bb9bd53965452a6fdfdfaca36e69637c0a0a7e1447181e9503f9607acd,true,1,true,21.623627,54.370880,113.236267
fixed-window,fixed-w16k-zstd-3,random-1000-00004,random-1000,GRCh38,chr6,31509956,31510956,1000,100,16384,1,0,1,6388,6388,0,0,4560,0,1,1,6388,765,2360,8.350327,2.706780,4.144000,34.258000,1275.434000,99.787000,6078.064000,1,20,1c1a167ced92512debed8733e3fe2ea5a8b46d0a38f1fe7704acde851e043a42,true,1,true,20.670347,51.511040,103.703467
fixed-window,fixed-w16k-zstd-3,random-1000-00005,random-1000,GRCh38,chr6,31505046,31506046,1000,100,16384,1,0,1,15025,15025,0,0,4560,0,1,1,15025,1243,5361,12.087691,2.802649,2.237000,58.378000,3268.545000,328.848000,26946.432000,1,87,b16bd64dfb37da12be238f5c2f42749d3bbdcae06c46372d97d8a04cc96d0532,true,1,true,20.900667,52.202000,106.006667
fixed-window,fixed-w16k-zstd-3,random-1000-00006,random-1000,GRCh38,chr19,54823280,54824280,1000,100,16384,1,0,1,42764,42764,0,0,4560,0,1,1,42764,1195,4771,35.785774,8.963320,3.495000,162.690000,13320.045000,1050.961000,90997.153000,1,70,8af32f33cbd815e55e00b72c09e1f57fa985ea5e283021aa879dac074b4dd65a,true,1,true,21.640373,54.421120,113.403733
fixed-window,fixed-w16k-zstd-3,random-1000-00007,random-1000,GRCh38,chr6,31503327,31504327,1000,100,16384,1,0,1,15025,15025,0,0,4560,0,1,1,15025,1482,6283,10.138327,2.391374,3.630000,59.114000,3347.845000,356.412000,27888.417000,1,97,a386baf9e9a06d123e16fe449402d8ded071113755c71f6243b96704c5d0abe2,true,1,true,20.900667,52.202000,106.006667
fixed-window,fixed-w16k-zstd-3,random-1000-00008,random-1000,GRCh38,chr19,54826165,54827165,1000,100,16384,1,0,1,42764,42764,0,0,4560,0,1,1,42764,3284,19664,13.021924,2.174736,3.598000,163.041000,13779.580000,1395.189000,90596.787000,1,393,55a8837a6adf6e482198368d1bcd70afcc5e9bd57720401921c950f15f7a009a,true,1,true,21.640373,54.421120,113.403733
fixed-window,fixed-w16k-zstd-3,random-1000-00009,random-1000,GRCh38,chr19,54825783,54826783,1000,100,16384,1,0,1,42764,42764,0,0,4560,0,1,1,42764,2858,16787,14.962911,2.547447,8.369000,163.173000,13343.811000,1281.006000,90597.377000,1,331,1d3b298a866c8e949a53bf36b7c547fc147c28115237ab0dc9d030a2a1d75ed3,true,1,true,21.640373,54.421120,113.403733
fixed-window,fixed-w16k-zstd-3,random-1000-00010,random-1000,GRCh38,chr19,54824197,54825197,1000,100,16384,1,0,1,42764,42764,0,0,4560,0,1,1,42764,1298,5319,32.946071,8.039857,8.754000,162.230000,13816.177000,1023.603000,90042.895000,1,85,fb56c0861903d95e47927e7a7fa7f61332a1728038bfe7cee35547dd3d1ea072,true,1,true,21.640373,54.421120,113.403733
fixed-window,fixed-w16k-zstd-3,random-1000-00011,random-1000,GRCh38,chr6,31508687,31509687,1000,100,16384,1,0,1,6388,6388,0,0,4560,0,1,1,6388,1003,3894,6.368893,1.640473,3.650000,33.572000,1277.951000,129.171000,6023.654000,1,55,dc9cd79cc8c2b2709821938d0034de843cdb5ebef91eec3a92fd8cd6b0fdad64,true,1,true,20.670347,51.511040,103.703467
fixed-window,fixed-w16k-zstd-3,random-1000-00012,random-1000,GRCh38,chr6,31498578,31499578,1000,100,16384,1,0,1,15025,15025,0,0,4560,0,1,1,15025,1470,5735,10.221088,2.619878,1.327000,55.525000,3358.237000,338.505000,26669.885000,1,89,c403eef14917e6b686762197dc194e4a6d821914e2b1ffc4fb9bd90b0cbf56fa,true,1,true,20.900667,52.202000,106.006667
fixed-window,fixed-w16k-zstd-3,random-1000-00013,random-1000,CHM13,chr19,18934804,18935804,1000,100,16384,1,0,1,42136,42136,0,0,4560,0,1,1,42136,1572,6706,26.804071,6.283328,3.435000,159.534000,12377.134000,1007.052000,85046.438000,1,111,ad32c7d856071f94810c9ebc737bd0992ddc4138205c417989624a16e1a46b82,true,1,true,21.623627,54.370880,113.236267
fixed-window,fixed-w16k-zstd-3,random-1000-00014,random-1000,GRCh38,chr19,54818543,54819543,1000,100,16384,1,0,1,9003,9003,0,0,4560,0,1,1,9003,1793,7488,5.021194,1.202324,3.349000,42.597000,1910.544000,274.690000,10290.521000,1,121,abe68b07da4cac926944b03ae52a1af3a8669b9bb42af99f19a6d98b110b5fe8,true,1,true,20.740080,51.720240,104.400800
fixed-window,fixed-w16k-zstd-3,random-1000-00015,random-1000,GRCh38,chr19,54822995,54823995,1000,100,16384,1,0,1,42764,42764,0,0,4560,0,1,1,42764,1181,4578,36.209992,9.341197,3.274000,160.775000,13361.110000,1089.578000,89702.428000,1,66,8a72e0b887900afc82aee886713646137a29ee3dc80654cff7810b6b509fa039,true,1,true,21.640373,54.421120,113.403733
fixed-window,fixed-w16k-zstd-3,random-1000-00016,random-1000,GRCh38,chr6,31500086,31501086,1000,100,16384,1,0,1,15025,15025,0,0,4560,0,1,1,15025,1091,4071,13.771769,3.690739,11.095000,59.434000,3323.819000,305.224000,26908.422000,1,54,6d8ebae6f424d9f114ac82ef6e6470e27d0c410db2125b4ff92d6c78ec11ddb8,true,1,true,20.900667,52.202000,106.006667
fixed-window,fixed-w16k-zstd-3,random-1000-00017,random-1000,CHM13,chr19,18935132,18936132,1000,100,16384,1,0,1,42136,42136,0,0,4560,0,1,1,42136,1760,8280,23.940909,5.088889,2.876000,159.765000,13302.973000,1023.749000,89336.658000,1,149,7e39334d82950ad46a7dded8c04e5b5173ad6011091c22de11b2fc7ef21435c6,true,1,true,21.623627,54.370880,113.236267
fixed-window,fixed-w16k-zstd-3,random-1000-00018,random-1000,GRCh38,chr6,31500755,31501755,1000,100,16384,1,0,1,15025,15025,0,0,4560,0,1,1,15025,1054,4061,14.255218,3.699828,2.934000,61.998000,3366.454000,310.610000,27195.053000,1,58,6892a0300e5048f7c0f3d00619bb5ffb4497d766808b793faef9b8d94d35326a,true,1,true,20.900667,52.202000,106.006667
fixed-window,fixed-w16k-zstd-3,random-1000-00019,random-1000,CHM13,chr6,31355683,31356683,1000,100,16384,1,0,1,14771,14771,0,0,4560,0,1,1,14771,1256,4907,11.760350,3.010190,3.708000,58.339000,3248.720000,314.005000,27762.983000,1,66,baf573b4c3d462b3a8dde6c40f47d19c0873592a1ff8535d27a5d521322b512c,true,1,true,20.893893,52.181680,105.938933
fixed-window,fixed-w16k-zstd-3,random-1000-00020,random-1000,GRCh38,chr6,31505631,31506631,1000,100,16384,1,0,1,21413,21413,0,0,4560,0,1,1,21413,993,3594,21.563948,5.957986,3.069000,94.436000,4589.380000,347.212000,33269.140000,2,46,046ba0e59f63d2b93d90e395739eafacfebb3a401f67496f435743ed89b0314b,true,2,true,21.071013,52.713040,107.710133
fixed-window,fixed-w16k-zstd-3,random-1000-00021,random-1000,GRCh38,chr19,54819258,54820258,1000,100,16384,1,0,1,9003,9003,0,0,4560,0,1,1,9003,1319,4985,6.825625,1.806018,2.563000,38.461000,1893.773000,203.138000,9761.532000,1,70,b1e8d79aeb44ef1ed796c5323ccfa9207bbd85dad43ce48ec148ed450d39edaa,true,1,true,20.740080,51.720240,104.400800
fixed-window,fixed-w16k-zstd-3,random-1000-00022,random-1000,CHM13,chr6,31362561,31363561,1000,100,16384,1,0,1,6680,6680,0,0,4560,0,1,1,6680,880,2862,7.590909,2.334032,2.841000,37.716000,1329.563000,111.790000,6402.137000,1,29,f10fe835567c98ac88996d81daf2a41e23e1e9d46e6fe5fa9f51d2339f9c3f80,true,1,true,20.678133,51.534400,103.781333
fixed-window,fixed-w16k-zstd-3,random-1000-00023,random-1000,GRCh38,chr19,54818709,54819709,1000,100,16384,1,0,1,9003,9003,0,0,4560,0,1,1,9003,1588,6510,5.669395,1.382949,2.490000,41.252000,1892.231000,236.782000,9759.469000,1,103,50f73df09db8d4b28648ddf8303d4d9fa240b0af6ea6f0f1522841d7ae95b462,true,1,true,20.740080,51.720240,104.400800
fixed-window,fixed-w16k-zstd-3,random-1000-00024,random-1000,GRCh38,chr6,31509347,31510347,1000,100,16384,1,0,1,6388,6388,0,0,4560,0,1,1,6388,955,3444,6.689005,1.854820,2.419000,32.961000,1260.230000,119.106000,5867.479000,1,44,2b0f4079fc510da157b02685ab88e6263b88046ec03e2bda796c37b2fd0352f6,true,1,true,20.670347,51.511040,103.703467
fixed-window,fixed-w16k-zstd-3,random-1000-00025,random-1000,CHM13,chr19,18937374,18938374,1000,100,16384,1,0,1,42136,42136,0,0,4560,0,1,1,42136,3208,18478,13.134663,2.280333,1.783000,156.587000,12221.753000,1218.044000,85652.013000,1,369,dcb500b60f9c1ce622551e4c7821e53652e49d4883b198022c13e27284955990,true,1,true,21.623627,54.370880,113.236267
fixed-window,fixed-w16k-zstd-3,random-1000-00026,random-1000,CHM13,chr19,18928542,18929542,1000,100,16384,1,0,1,42136,42136,0,0,4560,0,1,1,42136,1361,5942,30.959589,7.091215,2.873000,160.079000,12357.846000,1058.004000,85653.748000,1,99,737cbcc2014184b5c4ffdcf3f6fe653ec45727d26f7605ce31dd04a55d88319c,true,1,true,21.623627,54.370880,113.236267
fixed-window,fixed-w16k-zstd-3,random-1000-00027,random-1000,CHM13,chr19,18933366,18934366,1000,100,16384,1,0,1,42136,42136,0,0,4560,0,1,1,42136,1151,4449,36.608167,9.470892,3.466000,159.296000,12704.830000,945.003000,86428.980000,1,66,7f8504c6e13f6a5133c8be8debce93cf214fdb5477b0d776dcfb53069ec6ea10,true,1,true,21.623627,54.370880,113.236267
fixed-window,fixed-w16k-zstd-3,random-1000-00028,random-1000,CHM13,chr6,31362297,31363297,1000,100,16384,1,0,1,6680,6680,0,0,4560,0,1,1,6680,983,3443,6.795524,1.940168,3.130000,33.610000,1335.894000,123.216000,6493.600000,1,42,cb0abb8190ffcc9bc261ee8ab967b7b3e3e3aa2e1e86325e9f29dbe919b2d4a0,true,1,true,20.678133,51.534400,103.781333
fixed-window,fixed-w16k-zstd-3,random-1000-00029,random-1000,GRCh38,chr6,31506359,31507359,1000,100,16384,1,0,1,21413,21413,0,0,4560,0,1,1,21413,998,3298,21.455912,6.492723,2.392000,93.558000,4552.190000,337.328000,32567.613000,2,38,c75f53088b0fe21e2c5cfde9fb2cc43f22948cf9baf34c05d617d87c69e2dd3b,true,2,true,21.071013,52.713040,107.710133
fixed-window,fixed-w16k-zstd-3,random-1000-00030,random-1000,GRCh38,chr19,54827474,54828474,1000,100,16384,1,0,1,42764,42764,0,0,4560,0,1,1,42764,3013,17163,14.193163,2.491639,3.334000,160.405000,13262.938000,1247.965000,89917.489000,1,339,434c8c007a70bc8328cab7ae255768d4aade24a9d3a0c7299c1dd3b08cf5ede0,true,1,true,21.640373,54.421120,113.403733
fixed-window,fixed-w16k-zstd-3,random-1000-00031,random-1000,GRCh38,chr19,54826908,54827908,1000,100,16384,1,0,1,42764,42764,0,0,4560,0,1,1,42764,3224,18595,13.264268,2.299758,8.513000,162.326000,13270.909000,1286.345000,91352.177000,1,370,46bebf37c37460b52500274bf67d3c93489f6721b76994b9173cb56c2769841b,true,1,true,21.640373,54.421120,113.403733
fixed-window,fixed-w16k-zstd-3,random-1000-00032,random-1000,GRCh38,chr6,31506225,31507225,1000,100,16384,1,0,1,21413,21413,0,0,4560,0,1,1,21413,981,3446,21.827727,6.213871,9.005000,93.432000,4759.275000,358.383000,33188.010000,2,44,f143f9c63857aca0f979433575e159f4d430ba313e66d2887bcfac0d09e8261d,true,2,true,21.071013,52.713040,107.710133
fixed-window,fixed-w16k-zstd-3,random-1000-00033,random-1000,GRCh38,chr6,31509336,31510336,1000,100,16384,1,0,1,6388,6388,0,0,4560,0,1,1,6388,995,3610,6.420101,1.769529,3.778000,30.851000,1270.639000,121.572000,5910.493000,1,47,be77edcc92a6db2da90cb91d5c5f8cbee7c766fefdca615e0cc31795af3293cd,true,1,true,20.670347,51.511040,103.703467
fixed-window,fixed-w16k-zstd-3,random-1000-00034,random-1000,GRCh38,chr19,54816603,54817603,1000,100,16384,1,0,1,9003,9003,0,0,4560,0,1,1,9003,1169,5478,7.701454,1.643483,1.453000,37.892000,1915.154000,219.789000,9798.231000,1,88,8d1b9444b93c4115cdd8124c79f543b83a6eb72e5df0ee059fd05f8309689902,true,1,true,20.740080,51.720240,104.400800
fixed-window,fixed-w16k-zstd-3,random-1000-00035,random-1000,CHM13,chr6,31362547,31363547,1000,100,16384,1,0,1,6680,6680,0,0,4560,0,1,1,6680,880,2862,7.590909,2.334032,2.139000,37.038000,1337.343000,109.585000,6437.649000,1,29,52ee3d9461214f3ca3a27c8194780279066c44f80902598da00d7f0e1d71fbfa,true,1,true,20.678133,51.534400,103.781333
fixed-window,fixed-w16k-zstd-3,random-1000-00036,random-1000,CHM13,chr19,18937052,18938052,1000,100,16384,1,0,1,42136,42136,0,0,4560,0,1,1,42136,3299,19361,12.772355,2.176334,2.470000,158.306000,12506.175000,1251.142000,85213.686000,1,387,8e7f2e29f1294f8d13b06118a22e4631c9d4585a97378aa1fbbcb54de2ca3406,true,1,true,21.623627,54.370880,113.236267
fixed-window,fixed-w16k-zstd-3,random-1000-00037,random-1000,CHM13,chr6,31360965,31361965,1000,100,16384,1,0,1,6680,6680,0,0,4560,0,1,1,6680,952,3503,7.016807,1.906937,3.088000,33.490000,1354.771000,126.365000,6503.016000,1,46,0f48090fd716f13aa361c0faa3dbc1eb66c9d9d112f2d7357f07770db5766a19,true,1,true,20.678133,51.534400,103.781333
fixed-window,fixed-w16k-zstd-3,random-1000-00038,random-1000,GRCh38,chr6,31504269,31505269,1000,100,16384,1,0,1,15025,15025,0,0,4560,0,1,1,15025,1736,7041,8.654954,2.133930,2.330000,56.518000,3322.819000,368.254000,26948.644000,1,116,c8924eadb5852613faccb05cb0e2c730d2c85c0b065b28808b04e142f1fb5113,true,1,true,20.900667,52.202000,106.006667
fixed-window,fixed-w16k-zstd-3,random-1000-00039,random-1000,GRCh38,chr6,31503747,31504747,1000,100,16384,1,0,1,15025,15025,0,0,4560,0,1,1,15025,1667,6788,9.013197,2.213465,3.580000,59.607000,3291.063000,372.291000,27559.836000,1,104,d760ccb8d56f875acce02f99a60c0960348f90d24c21092696628d450fa2be63,true,1,true,20.900667,52.202000,106.006667
fixed-window,fixed-w16k-zstd-3,random-1000-00040,random-1000,CHM13,chr19,18928411,18929411,1000,100,16384,1,0,1,42136,42136,0,0,4560,0,1,1,42136,1329,5748,31.705041,7.330550,3.372000,159.936000,12393.396000,987.677000,86137.682000,1,94,aaa14d812eaffd378353a5f9e9794eaa56bed0a0d1a66c71e752e7351758a5c1,true,1,true,21.623627,54.370880,113.236267
fixed-window,fixed-w16k-zstd-3,random-1000-00041,random-1000,GRCh38,chr19,54823938,54824938,1000,100,16384,1,0,1,42764,42764,0,0,4560,0,1,1,42764,1268,5092,33.725552,8.398272,3.790000,162.118000,13758.377000,1027.323000,90778.167000,1,78,bbfa097240585e187c92d7dac38fa20ac2cbea04492bd704f87a15d9349ee5e0,true,1,true,21.640373,54.421120,113.403733
fixed-window,fixed-w16k-zstd-3,random-1000-00042,random-1000,CHM13,chr19,18939757,18940757,1000,100,16384,1,0,1,52780,52780,0,0,4560,0,1,1,52780,3577,20268,14.755382,2.604105,9.917000,214.953000,17179.814000,1412.590000,104340.816000,2,405,fe4e657ec0b68a9a0791087e5c51dab0eca123f20e6c5cf2f2344307e49782e9,true,2,true,21.907467,55.222400,116.074667
fixed-window,fixed-w16k-zstd-3,random-1000-00043,random-1000,CHM13,chr6,31359247,31360247,1000,100,16384,1,0,1,6680,6680,0,0,4560,0,1,1,6680,892,2986,7.488789,2.237106,3.414000,34.537000,1331.471000,117.521000,6323.527000,1,35,5978b133643345de4fab9334f39ef6bd3f4449855b0424631f4b1c333b221343,true,1,true,20.678133,51.534400,103.781333
fixed-window,fixed-w16k-zstd-3,random-1000-00044,random-1000,GRCh38,chr19,54827982,54828982,1000,100,16384,1,0,1,42764,42764,0,0,4560,0,1,1,42764,3551,17730,12.042805,2.411957,1.290000,156.785000,12881.937000,1225.237000,89029.174000,1,323,8c99fea0a8e8d49f05f2e96cb7587fb4b74f7f3c99ff78f2c948e15d69843e6e,true,1,true,21.640373,54.421120,113.403733
fixed-window,fixed-w16k-zstd-3,random-1000-00045,random-1000,GRCh38,chr6,31502847,31503847,1000,100,16384,1,0,1,15025,15025,0,0,4560,0,1,1,15025,933,3238,16.103966,4.640210,11.294000,60.330000,3418.569000,308.745000,29128.657000,1,40,327d9589a9b7daab0e6741544fffbe866875f100c978001aa1d4f0d38520e742,true,1,true,20.900667,52.202000,106.006667
fixed-window,fixed-w16k-zstd-3,random-1000-00046,random-1000,CHM13,chr19,18934643,18935643,1000,100,16384,1,0,1,42136,42136,0,0,4560,0,1,1,42136,1251,5142,33.681855,8.194477,2.945000,158.702000,13579.510000,970.454000,86380.503000,1,82,5fd745a6b07df745aa57010567ca52f8e78f30cb93678818fecdecf96d2a22b3,true,1,true,21.623627,54.370880,113.236267
fixed-window,fixed-w16k-zstd-3,random-1000-00047,random-1000,CHM13,chr6,31358345,31359345,1000,100,16384,1,0,1,21451,21451,0,0,4560,0,1,1,21451,995,3592,21.558794,5.971882,3.531000,96.973000,4617.720000,346.846000,32780.511000,2,46,9eacd203c3cc557383a098ea3f078d25fda9b62aedd293c683491fd791f1ac8c,true,2,true,21.072027,52.716080,107.720267
fixed-window,fixed-w16k-zstd-3,random-1000-00048,random-1000,GRCh38,chr19,54826949,54827949,1000,100,16384,1,0,1,42764,42764,0,0,4560,0,1,1,42764,3170,18169,13.490221,2.353679,3.134000,158.740000,13305.092000,1277.037000,90143.093000,1,361,6ad7894be200e25c418a98ac6835bc587743b2edaeacc6430903fdfb9af1ad57,true,1,true,21.640373,54.421120,113.403733
fixed-window,fixed-w16k-zstd-3,random-1000-00049,random-1000,CHM13,chr6,31353875,31354875,1000,100,16384,1,0,1,14771,14771,0,0,4560,0,1,1,14771,1068,4006,13.830524,3.687219,9.434000,59.951000,3355.897000,301.850000,26347.375000,1,55,3f317af10d51dba1ac4b8bc6d479a5e8b050745f812a4aeff5ba44e1d186464d,true,1,true,20.893893,52.181680,105.938933
fixed-window,fixed-w16k-zstd-3,random-10000-00000,random-10000,CHM13,chr19,18927515,18937515,10000,100,16384,1,0,1,42136,42136,0,0,4560,0,1,1,42136,11470,57442,3.673583,0.733540,3.286000,158.081000,12255.546000,1952.341000,86681.596000,1,1004,fb7050feafcc060c124333febc078309dd675f439a2f7ca3ad74965dfc2ae19d,true,1,true,21.623627,54.370880,113.236267
fixed-window,fixed-w16k-zstd-3,random-10000-00001,random-10000,CHM13,chr19,18927048,18937048,10000,100,16384,1,0,1,42136,42136,0,0,4560,0,1,1,42136,10955,54457,3.846280,0.773748,3.208000,159.754000,13249.841000,1880.850000,88644.315000,1,939,023de33c74ae01ecce6f5f39e85fcb6bfc4b5321f0c1d07915d9234f16fd4fab,true,1,true,21.623627,54.370880,113.236267
fixed-window,fixed-w16k-zstd-3,random-10000-00002,random-10000,GRCh38,chr6,31499564,31509564,10000,100,16384,1,0,1,21413,21413,0,0,4560,0,1,1,21413,8132,34402,2.633178,0.622435,2.848000,94.063000,4600.334000,810.978000,33123.090000,2,509,f494e39fabd124ec5ed21c30ce7135582d6e618c2fd9bfa3f4a65bdcaf487fea,true,2,true,21.071013,52.713040,107.710133
fixed-window,fixed-w16k-zstd-3,random-10000-00003,random-10000,CHM13,chr6,31353211,31363211,10000,100,16384,1,0,1,21451,21451,0,0,4560,0,1,1,21451,8171,34227,2.625260,0.626727,3.119000,94.917000,4598.787000,797.668000,33283.887000,2,501,29fcf7da0387da1f2001f5c4a997ede87538f752ece77d2dc8d82168b259bfd8,true,2,true,21.072027,52.716080,107.720267
fixed-window,fixed-w16k-zstd-3,random-10000-00004,random-10000,CHM13,chr6,31351115,31361115,10000,100,16384,1,0,1,21451,21451,0,0,4560,0,1,1,21451,8652,37259,2.479311,0.575727,3.563000,90.859000,4646.076000,886.908000,33072.568000,2,563,e14a61445be1e6ff648be16758424cc6df3c4fdfbec13367ceff70723b0bbb88,true,2,true,21.072027,52.716080,107.720267
fixed-window,fixed-w16k-zstd-3,random-10000-00005,random-10000,GRCh38,chr6,31500727,31510727,10000,100,16384,1,0,1,21413,21413,0,0,4560,0,1,1,21413,8129,34058,2.634149,0.628722,3.629000,94.362000,4551.230000,798.596000,33031.050000,2,497,af67385fc51498673c70fe03cfcbc012be8be89d0e599de7b43af702acaf6e3d,true,2,true,21.071013,52.713040,107.710133
fixed-window,fixed-w16k-zstd-3,random-10000-00006,random-10000,CHM13,chr19,18927710,18937710,10000,100,16384,1,0,1,42136,42136,0,0,4560,0,1,1,42136,12140,61610,3.470840,0.683915,3.286000,158.399000,13078.489000,2026.008000,87224.137000,1,1089,44f2d6cb38a29cb8bcd9c92583a533515cfdfba96c7e68b91598a7666a649102,true,1,true,21.623627,54.370880,113.236267
fixed-window,fixed-w16k-zstd-3,random-10000-00007,random-10000,GRCh38,chr19,54819693,54829693,10000,100,16384,1,0,1,51767,51767,0,0,4560,0,1,1,51767,16591,87760,3.120186,0.589870,3.234000,206.336000,15099.067000,2726.674000,100488.096000,2,1630,2e8920af64b513a565f0b86c813644ab6724f64155a7226afee9b07aa04219db,true,2,true,21.880453,55.141360,115.804533
fixed-window,fixed-w16k-zstd-3,random-10000-00008,random-10000,GRCh38,chr19,54817489,54827489,10000,100,16384,1,0,1,51767,51767,0,0,4560,0,1,1,51767,12504,63612,4.140035,0.813793,3.074000,203.820000,15353.550000,2543.051000,102370.158000,2,1136,bc18deaad878165d935da1663f5cbfa4acbc72a24b6bec2a71315507ffa399a2,true,2,true,21.880453,55.141360,115.804533
fixed-window,fixed-w16k-zstd-3,random-10000-00009,random-10000,CHM13,chr6,31353418,31363418,10000,100,16384,1,0,1,21451,21451,0,0,4560,0,1,1,21451,8319,34682,2.578555,0.618505,3.716000,100.231000,5078.979000,837.075000,34586.431000,2,504,b9bc0d7e6a4a4f91f3671f8623c9283ca8c27437e645f28fa7aec0c6c27b6c1a,true,2,true,21.072027,52.716080,107.720267
fixed-window,fixed-w16k-zstd-3,random-10000-00010,random-10000,CHM13,chr6,31352971,31362971,10000,100,16384,1,0,1,21451,21451,0,0,4560,0,1,1,21451,8351,35191,2.568674,0.609559,3.331000,96.673000,4608.072000,820.059000,32983.814000,2,516,8dca2f312e0ef50ab8af5072fd67a1d92c9a36f77abdeb33a59f88dc3e4d8244,true,2,true,21.072027,52.716080,107.720267
fixed-window,fixed-w16k-zstd-3,random-10000-00011,random-10000,GRCh38,chr19,54818493,54828493,10000,100,16384,1,0,1,51767,51767,0,0,4560,0,1,1,51767,14008,73746,3.695531,0.701963,3.037000,202.688000,14750.401000,2430.185000,100050.190000,2,1353,41d025ae95d7ca07ef3a19a623830dc29f8643d5ee600059088b608507d30e5a,true,2,true,21.880453,55.141360,115.804533
fixed-window,fixed-w16k-zstd-3,random-10000-00012,random-10000,GRCh38,chr19,54818964,54828964,10000,100,16384,1,0,1,51767,51767,0,0,4560,0,1,1,51767,15402,79342,3.361057,0.652454,2.774000,203.711000,14866.405000,2528.814000,100591.602000,2,1443,9b1c1123039876c6241e4a4da0e047869ee14d094c6dee676282fe9d40af0d46,true,2,true,21.880453,55.141360,115.804533
fixed-window,fixed-w16k-zstd-3,random-10000-00013,random-10000,CHM13,chr6,31351555,31361555,10000,100,16384,1,0,1,21451,21451,0,0,4560,0,1,1,21451,8288,35277,2.588200,0.608073,3.815000,94.614000,4688.588000,866.558000,33861.771000,2,524,847eb62608809ff67dc4211f8bf09f10c59f351eebd11240a02f3c512cfbead1,true,2,true,21.072027,52.716080,107.720267
fixed-window,fixed-w16k-zstd-3,random-10000-00014,random-10000,CHM13,chr6,31352241,31362241,10000,100,16384,1,0,1,21451,21451,0,0,4560,0,1,1,21451,8058,34005,2.662075,0.630819,3.343000,92.783000,4594.313000,805.043000,33364.293000,2,501,10c6602d35679da6a9faa7a00f2f7e349a9add21a37e277d3647616b3221ae0e,true,2,true,21.072027,52.716080,107.720267
fixed-window,fixed-w16k-zstd-3,random-10000-00015,random-10000,GRCh38,chr6,31500220,31510220,10000,100,16384,1,0,1,21413,21413,0,0,4560,0,1,1,21413,8259,34888,2.592687,0.613764,3.141000,95.887000,4540.697000,815.347000,33623.218000,2,514,819a628f285e970cfca2db7d503d8b2ece36325758bee5bf9a059ec7f86a36ef,true,2,true,21.071013,52.713040,107.710133
fixed-window,fixed-w16k-zstd-3,random-10000-00016,random-10000,GRCh38,chr6,31498515,31508515,10000,100,16384,1,0,1,21413,21413,0,0,4560,0,1,1,21413,8705,37584,2.459851,0.569737,3.467000,93.134000,4562.721000,869.995000,33274.555000,2,568,5a7ad96aa91c3cd95c61a98b33a1c5f1b024a7cc17725b6d52e3610749690b55,true,2,true,21.071013,52.713040,107.710133
fixed-window,fixed-w16k-zstd-3,random-10000-00017,random-10000,CHM13,chr19,18927173,18937173,10000,100,16384,1,0,1,42136,42136,0,0,4560,0,1,1,42136,11119,55279,3.789549,0.762242,3.303000,158.493000,12663.157000,2140.246000,88895.818000,1,955,57ec57fc0db92f6174aeff1e27a852cb6b3ed40908214d7137435fcf61fcaca7,true,1,true,21.623627,54.370880,113.236267
fixed-window,fixed-w16k-zstd-3,random-10000-00018,random-10000,GRCh38,chr19,54819485,54829485,10000,100,16384,1,0,1,51767,51767,0,0,4560,0,1,1,51767,16275,85696,3.180768,0.604077,3.328000,210.308000,16105.949000,2666.020000,104606.838000,2,1587,4bc80df69acefc62584319f8168ed476a74c598397e56eedf11da0d0f70d2e0f,true,2,true,21.880453,55.141360,115.804533
fixed-window,fixed-w16k-zstd-3,random-10000-00019,random-10000,GRCh38,chr19,54819535,54829535,10000,100,16384,1,0,1,51767,51767,0,0,4560,0,1,1,51767,16229,85454,3.189784,0.605788,3.510000,204.626000,15278.280000,2655.390000,100812.420000,2,1582,bcd2c5b89765dcc3506c48e927dd1f95beb3cf2cf59b60554eed6e5a1216c60a,true,2,true,21.880453,55.141360,115.804533
fixed-window,fixed-w16k-zstd-3,random-10000-00020,random-10000,GRCh38,chr19,54817554,54827554,10000,100,16384,1,0,1,51767,51767,0,0,4560,0,1,1,51767,12725,65040,4.068134,0.795926,4.001000,210.708000,15049.592000,2295.741000,100070.251000,2,1165,2def0ee5af1588ea7867041e32b37bbd2450930dd3f26c3aa8edbc25fe39a187,true,2,true,21.880453,55.141360,115.804533
fixed-window,fixed-w16k-zstd-3,random-10000-00021,random-10000,CHM13,chr19,18929552,18939552,10000,100,16384,1,0,1,42136,42136,0,0,4560,0,1,1,42136,15635,81039,2.694979,0.519947,3.419000,159.844000,12731.061000,2375.277000,87127.477000,1,1480,8bf02e532bc1b8576fda62e2d3b647b1eee84a25a2a1edfe2692adea8a58d7c8,true,1,true,21.623627,54.370880,113.236267
fixed-window,fixed-w16k-zstd-3,random-10000-00022,random-10000,GRCh38,chr19,54820740,54830740,10000,100,16384,1,0,1,51767,51767,0,0,4560,0,1,1,51767,18801,101972,2.753417,0.507659,3.541000,206.937000,15087.928000,3175.004000,102318.294000,2,1934,f40144c51d78158c2d8a0877880114b254a38a93fe47e1715a06f7176815dfb2,true,2,true,21.880453,55.141360,115.804533
fixed-window,fixed-w16k-zstd-3,random-10000-00023,random-10000,GRCh38,chr19,54818932,54828932,10000,100,16384,1,0,1,51767,51767,0,0,4560,0,1,1,51767,15290,78641,3.385677,0.658270,4.015000,205.127000,15435.215000,2496.980000,101085.669000,2,1429,eb8de91e331628dac36e25b9fa50b69ea33976b570fa3f099b08df9a47068613,true,2,true,21.880453,55.141360,115.804533
fixed-window,fixed-w16k-zstd-3,random-10000-00024,random-10000,CHM13,chr6,31351872,31361872,10000,100,16384,1,0,1,21451,21451,0,0,4560,0,1,1,21451,8162,34759,2.628155,0.617135,4.053000,96.783000,4622.884000,806.044000,33904.465000,2,517,46ee61538a1a54759235a1873727599a5868d9ea0ca96369165a52e7f4643c1d,true,2,true,21.072027,52.716080,107.720267
fixed-window,fixed-w16k-zstd-3,random-10000-00025,random-10000,CHM13,chr19,18928033,18938033,10000,100,16384,1,0,1,42136,42136,0,0,4560,0,1,1,42136,12778,65375,3.297543,0.644528,2.735000,154.555000,12946.782000,2084.009000,87811.133000,1,1172,f419bc07f88f53cb87250fc08dd8c99a6a817b07172b7fcff1087918fcb94bb9,true,1,true,21.623627,54.370880,113.236267
fixed-window,fixed-w16k-zstd-3,random-10000-00026,random-10000,CHM13,chr19,18929766,18939766,10000,100,16384,1,0,1,42136,42136,0,0,4560,0,1,1,42136,16163,84267,2.606942,0.500030,3.535000,159.309000,12405.135000,2492.240000,87067.121000,1,1549,083c50cf3eaa6dbae11218d0ad158e39085a0f9ab53242e8c9276d9d09e4a902,true,1,true,21.623627,54.370880,113.236267
fixed-window,fixed-w16k-zstd-3,random-10000-00027,random-10000,GRCh38,chr19,54818824,54828824,10000,100,16384,1,0,1,51767,51767,0,0,4560,0,1,1,51767,15033,77427,3.443558,0.668591,3.038000,207.217000,15296.304000,2450.095000,101719.267000,2,1402,3f3dc9323559e679dec3aa90a6cd0d6f32b722c0edb02878f85c7147b220a151,true,2,true,21.880453,55.141360,115.804533
fixed-window,fixed-w16k-zstd-3,random-10000-00028,random-10000,GRCh38,chr6,31500466,31510466,10000,100,16384,1,0,1,21413,21413,0,0,4560,0,1,1,21413,8193,34378,2.613573,0.622869,3.834000,99.446000,4694.359000,832.378000,33567.536000,2,504,1aae841166593d23a6a7f739f1a1bc749a54a056b1e37d3a5d25d94bf5149a22,true,2,true,21.071013,52.713040,107.710133
fixed-window,fixed-w16k-zstd-3,random-10000-00029,random-10000,GRCh38,chr19,54819488,54829488,10000,100,16384,1,0,1,51767,51767,0,0,4560,0,1,1,51767,16275,85696,3.180768,0.604077,3.270000,205.923000,14875.107000,2714.133000,101570.868000,2,1587,389db2da30f2663146c5ea0f413adf0067134725625f4e1288bb2be31ce448cb,true,2,true,21.880453,55.141360,115.804533
fixed-window,fixed-w16k-zstd-3,random-10000-00030,random-10000,CHM13,chr19,18929211,18939211,10000,100,16384,1,0,1,42136,42136,0,0,4560,0,1,1,42136,14944,76593,2.819593,0.550129,3.132000,158.363000,12766.249000,2374.253000,86931.391000,1,1385,b74d7d1b4dbb42a06518b394ddadad8f90f27e2927e94063c3929335c4685ca4,true,1,true,21.623627,54.370880,113.236267
fixed-window,fixed-w16k-zstd-3,random-10000-00031,random-10000,GRCh38,chr19,54818293,54828293,10000,100,16384,1,0,1,51767,51767,0,0,4560,0,1,1,51767,13841,72397,3.740120,0.715043,3.989000,207.201000,14737.872000,2447.030000,99799.746000,2,1323,fe0d874462aaf8c4e61824ab520900f995906ff2456dedd3fdb039da61a5eab2,true,2,true,21.880453,55.141360,115.804533
fixed-window,fixed-w16k-zstd-3,random-10000-00032,random-10000,GRCh38,chr6,31498328,31508328,10000,100,16384,1,0,1,21413,21413,0,0,4560,0,1,1,21413,8742,37526,2.449439,0.570618,3.248000,98.930000,4584.389000,874.444000,33276.968000,2,566,c97044eb49ee8253512cf81655f948a1bf875f2ef6b53cac35bb31292dcada4c,true,2,true,21.071013,52.713040,107.710133
fixed-window,fixed-w16k-zstd-3,random-10000-00033,random-10000,CHM13,chr19,18928926,18938926,10000,100,16384,1,0,1,42136,42136,0,0,4560,0,1,1,42136,13963,73325,3.017690,0.574647,3.048000,155.717000,12433.506000,2260.608000,86400.871000,1,1344,024632fd2282a8776dfef268db714389f6df985fd644df50343881f0357c87fd,true,1,true,21.623627,54.370880,113.236267
fixed-window,fixed-w16k-zstd-3,random-10000-00034,random-10000,GRCh38,chr19,54817527,54827527,10000,100,16384,1,0,1,51767,51767,0,0,4560,0,1,1,51767,12616,64317,4.103282,0.804873,3.613000,203.658000,14770.934000,2238.062000,100105.368000,2,1150,214233624f9ebebcd11c15c08bcc21afdafd2e1124fbf21852c268fa52db1807,true,2,true,21.880453,55.141360,115.804533
fixed-window,fixed-w16k-zstd-3,random-10000-00035,random-10000,CHM13,chr19,18930705,18940705,10000,100,16384,1,0,1,52780,52780,0,0,4560,0,1,1,52780,17656,94802,2.989352,0.556739,3.755000,211.484000,16359.797000,2885.650000,113610.350000,2,1782,6aa2ba257693dace3856e9dcd68f3fe97bb4b949cce960586f60119a4b974aa6,true,2,true,21.907467,55.222400,116.074667
fixed-window,fixed-w16k-zstd-3,random-10000-00036,random-10000,GRCh38,chr19,54819606,54829606,10000,100,16384,1,0,1,51767,51767,0,0,4560,0,1,1,51767,16429,86556,3.150953,0.598075,3.420000,299.769000,16041.833000,2778.105000,106907.888000,2,1604,cc686aff278d90fc84d361ecce38a1cdc02a0464bf632dff1652d57578be14d0,true,2,true,21.880453,55.141360,115.804533
fixed-window,fixed-w16k-zstd-3,random-10000-00037,random-10000,GRCh38,chr19,54816668,54826668,10000,100,16384,1,0,1,51767,51767,0,0,4560,0,1,1,51767,11066,55013,4.678023,0.940996,3.511000,208.627000,15891.654000,2470.050000,104594.367000,2,949,383a0552799f56d3864bb07446ca0ac31bf58e121f84cb6f28c8fc155978447f,true,2,true,21.880453,55.141360,115.804533
fixed-window,fixed-w16k-zstd-3,random-10000-00038,random-10000,GRCh38,chr19,54820649,54830649,10000,100,16384,1,0,1,51767,51767,0,0,4560,0,1,1,51767,18754,101746,2.760318,0.508787,3.401000,205.151000,15630.622000,3167.109000,107395.382000,2,1930,e22a4454f968a4adbd516e922087907b936dce29ccdf06906b1cda5a23825d1a,true,2,true,21.880453,55.141360,115.804533
fixed-window,fixed-w16k-zstd-3,random-10000-00039,random-10000,GRCh38,chr19,54818384,54828384,10000,100,16384,1,0,1,51767,51767,0,0,4560,0,1,1,51767,13946,72892,3.711960,0.710188,3.017000,207.685000,15487.678000,2419.982000,105144.227000,2,1332,fe2376a376c2c74da42df879939bbefa5357f07a246c7c41a6dc71f1e77f9341,true,2,true,21.880453,55.141360,115.804533
fixed-window,fixed-w16k-zstd-3,random-10000-00040,random-10000,CHM13,chr19,18930520,18940520,10000,100,16384,1,0,1,52780,52780,0,0,4560,0,1,1,52780,17378,93034,3.037173,0.567319,2.848000,207.315000,18207.541000,2811.022000,108355.322000,2,1743,401c5bf716699adc4aa197d5dc4edc4dbf512e05a87ecc10b66742d3a0909c7a,true,2,true,21.907467,55.222400,116.074667
fixed-window,fixed-w16k-zstd-3,random-10000-00041,random-10000,GRCh38,chr19,54817653,54827653,10000,100,16384,1,0,1,51767,51767,0,0,4560,0,1,1,51767,12838,65412,4.032326,0.791399,3.163000,204.685000,15688.427000,2736.185000,103815.310000,2,1174,ec127182b480469b233e662ec827aab0cb7b4d0794fd69cd19c080acc3dd7b78,true,2,true,21.880453,55.141360,115.804533
fixed-window,fixed-w16k-zstd-3,random-10000-00042,random-10000,CHM13,chr19,18928104,18938104,10000,100,16384,1,0,1,42136,42136,0,0,4560,0,1,1,42136,12805,65302,3.290590,0.645248,3.952000,158.928000,13149.979000,2540.627000,89892.272000,1,1172,50fa90d69eafae1fb16c829e7e62f95c051352e3ab5f42bb66b868d9c23361c7,true,1,true,21.623627,54.370880,113.236267
fixed-window,fixed-w16k-zstd-3,random-10000-00043,random-10000,GRCh38,chr19,54819543,54829543,10000,100,16384,1,0,1,51767,51767,0,0,4560,0,1,1,51767,16248,85533,3.186054,0.605228,3.674000,221.488000,15370.886000,2679.508000,105676.080000,2,1584,86381dfd585ff68407e07073382c6495eec264c697b260913503bc26a48c0c41,true,2,true,21.880453,55.141360,115.804533
fixed-window,fixed-w16k-zstd-3,random-10000-00044,random-10000,CHM13,chr19,18929474,18939474,10000,100,16384,1,0,1,42136,42136,0,0,4560,0,1,1,42136,15442,80101,2.728662,0.526036,2.826000,162.329000,13869.378000,2698.654000,91701.022000,1,1460,03928ffd2ce9e40a1824e64e7037f3d346740cf58028d95398514d279ec20151,true,1,true,21.623627,54.370880,113.236267
fixed-window,fixed-w16k-zstd-3,random-10000-00045,random-10000,GRCh38,chr6,31500088,31510088,10000,100,16384,1,0,1,21413,21413,0,0,4560,0,1,1,21413,8260,34888,2.592373,0.613764,3.649000,106.270000,4819.084000,823.019000,35377.925000,2,514,62d6d86d62cee3f919da0776df15270c2f3f844c9bd2f0f1eb215865bf818b49,true,2,true,21.071013,52.713040,107.710133
fixed-window,fixed-w16k-zstd-3,random-10000-00046,random-10000,CHM13,chr19,18930267,18940267,10000,100,16384,1,0,1,52780,52780,0,0,4560,0,1,1,52780,16854,89242,3.131601,0.591426,3.273000,205.038000,15647.919000,2821.586000,105885.500000,2,1660,2267ea3aa9109c9477496e04fcf4b52de76ec9d833925b8e30d42189cba23287,true,2,true,21.907467,55.222400,116.074667
fixed-window,fixed-w16k-zstd-3,random-10000-00047,random-10000,GRCh38,chr19,54817811,54827811,10000,100,16384,1,0,1,51767,51767,0,0,4560,0,1,1,51767,13122,67319,3.945054,0.768981,3.207000,204.008000,15571.876000,2288.940000,103867.348000,2,1214,7aa84bcb64aa88f155e84dcc7bedcd1bac0a4b0bacb37e4284e8ce9fbdd3c7eb,true,2,true,21.880453,55.141360,115.804533
fixed-window,fixed-w16k-zstd-3,random-10000-00048,random-10000,GRCh38,chr6,31499038,31509038,10000,100,16384,1,0,1,21413,21413,0,0,4560,0,1,1,21413,8224,34898,2.603721,0.613588,2.921000,93.852000,5012.822000,821.874000,35089.758000,2,517,dc690a2bdcf1416ce4aec85c6c2d5123ebb99ed2f5a947b8bc76d93be8bdad8e,true,2,true,21.071013,52.713040,107.710133
fixed-window,fixed-w16k-zstd-3,random-10000-00049,random-10000,GRCh38,chr19,54820051,54830051,10000,100,16384,1,0,1,51767,51767,0,0,4560,0,1,1,51767,17388,93036,2.977168,0.556419,3.268000,208.555000,15636.590000,2870.706000,104902.379000,2,1743,888e583ec4044eb718e700217dc3aa26cff29d7b1f8e987b60d3c334a3156d33,true,2,true,21.880453,55.141360,115.804533
fixed-window,fixed-w16k-zstd-3,hard-micb,hard-MICB,GRCh38,chr6,31498145,31511124,12979,100,65536,2,0,2,37797,37797,0,16384,4560,0,1,0,21413,10447,44599,3.617976,0.847485,7.735000,124.981000,4986.989000,971.175000,35187.378000,2,659,8e081a9b2bd2c24f31488efede2c5cac53abf60820c089097221acc1290f8adc,true,2,true,42.007920,105.023760,214.079200
fixed-window,fixed-w16k-zstd-3,hard-kir3dl1,hard-KIR3DL1,GRCh38,chr19,54816436,54830779,14343,100,65536,2,0,2,52327,52327,0,0,4560,560,1,0,51767,22636,120266,2.311672,0.435094,13.254000,202.935000,15628.229000,3853.243000,105728.729000,2,2231,4ea78c112a6194e6d835e5c8086e9a844301bc2506f64319ff8e3933129e3576,true,2,true,42.395387,106.186160,217.953867
fixed-window,fixed-w16k-zstd-3,random-1000-00000,random-1000,GRCh38,chr19,54818630,54819630,1000,100,65536,1,0,1,9003,9003,0,0,4560,0,1,1,9003,1676,7029,5.371718,1.280837,4.019000,41.827000,1918.083000,245.189000,10617.238000,1,112,f21fab27451d364acf245269653174a191300b494e96b54b0833f384dec1654e,true,1,true,20.740080,51.720240,104.400800
fixed-window,fixed-w16k-zstd-3,random-1000-00001,random-1000,CHM13,chr6,31354488,31355488,1000,100,65536,1,0,1,14771,14771,0,0,4560,0,1,0,14771,1022,3756,14.453033,3.932641,9.855000,58.670000,3245.916000,309.456000,28589.820000,1,51,2447bd29dea7507b24435be4e1f0dcafc123db5c22684e2cf2096a36c139ec1e,true,1,true,20.893893,52.181680,105.938933
fixed-window,fixed-w16k-zstd-3,random-1000-00002,random-1000,CHM13,chr19,18939211,18940211,1000,100,65536,1,0,1,52780,52780,0,0,4560,0,1,0,52780,4298,21923,12.280130,2.407517,16.740000,217.677000,16238.524000,1399.333000,103447.978000,2,412,3e982b3a553dc5b3d7b83901c689f383e63d6000097717e85e2f5afdb5192706,true,2,true,21.907467,55.222400,116.074667
fixed-window,fixed-w16k-zstd-3,random-1000-00003,random-1000,CHM13,chr19,18930672,18931672,1000,100,65536,1,0,1,42136,42136,0,0,4560,0,1,1,42136,1139,4616,36.993854,9.128250,2.525000,157.717000,12833.717000,951.259000,89921.210000,1,67,d88524bb9bd53965452a6fdfdfaca36e69637c0a0a7e1447181e9503f9607acd,true,1,true,21.623627,54.370880,113.236267
fixed-window,fixed-w16k-zstd-3,random-1000-00004,random-1000,GRCh38,chr6,31509956,31510956,1000,100,65536,1,0,1,6388,6388,0,0,4560,0,1,1,6388,765,2360,8.350327,2.706780,3.078000,33.239000,1263.173000,100.744000,6496.496000,1,20,1c1a167ced92512debed8733e3fe2ea5a8b46d0a38f1fe7704acde851e043a42,true,1,true,20.670347,51.511040,103.703467
fixed-window,fixed-w16k-zstd-3,random-1000-00005,random-1000,GRCh38,chr6,31505046,31506046,1000,100,65536,1,0,1,15025,15025,0,0,4560,0,1,1,15025,1243,5361,12.087691,2.802649,2.379000,58.497000,3319.971000,338.779000,28213.119000,1,87,b16bd64dfb37da12be238f5c2f42749d3bbdcae06c46372d97d8a04cc96d0532,true,1,true,20.900667,52.202000,106.006667
fixed-window,fixed-w16k-zstd-3,random-1000-00006,random-1000,GRCh38,chr19,54823280,54824280,1000,100,65536,1,0,1,42764,42764,0,0,4560,0,1,1,42764,1195,4771,35.785774,8.963320,3.268000,162.094000,14093.324000,1012.115000,92567.793000,1,70,8af32f33cbd815e55e00b72c09e1f57fa985ea5e283021aa879dac074b4dd65a,true,1,true,21.640373,54.421120,113.403733
fixed-window,fixed-w16k-zstd-3,random-1000-00007,random-1000,GRCh38,chr6,31503327,31504327,1000,100,65536,1,0,1,15025,15025,0,0,4560,0,1,1,15025,1482,6283,10.138327,2.391374,8.087000,60.882000,3312.039000,348.860000,28540.043000,1,97,a386baf9e9a06d123e16fe449402d8ded071113755c71f6243b96704c5d0abe2,true,1,true,20.900667,52.202000,106.006667
fixed-window,fixed-w16k-zstd-3,random-1000-00008,random-1000,GRCh38,chr19,54826165,54827165,1000,100,65536,1,0,1,42764,42764,0,0,4560,0,1,1,42764,3284,19664,13.021924,2.174736,3.171000,160.913000,13532.386000,1307.972000,95021.287000,1,393,55a8837a6adf6e482198368d1bcd70afcc5e9bd57720401921c950f15f7a009a,true,1,true,21.640373,54.421120,113.403733
fixed-window,fixed-w16k-zstd-3,random-1000-00009,random-1000,GRCh38,chr19,54825783,54826783,1000,100,65536,1,0,1,42764,42764,0,0,4560,0,1,1,42764,2858,16787,14.962911,2.547447,3.127000,161.335000,14392.922000,1601.385000,93524.598000,1,331,1d3b298a866c8e949a53bf36b7c547fc147c28115237ab0dc9d030a2a1d75ed3,true,1,true,21.640373,54.421120,113.403733
fixed-window,fixed-w16k-zstd-3,random-1000-00010,random-1000,GRCh38,chr19,54824197,54825197,1000,100,65536,1,0,1,42764,42764,0,0,4560,0,1,1,42764,1298,5319,32.946071,8.039857,3.410000,167.334000,13632.448000,1024.538000,92311.254000,1,85,fb56c0861903d95e47927e7a7fa7f61332a1728038bfe7cee35547dd3d1ea072,true,1,true,21.640373,54.421120,113.403733
fixed-window,fixed-w16k-zstd-3,random-1000-00011,random-1000,GRCh38,chr6,31508687,31509687,1000,100,65536,1,0,1,6388,6388,0,0,4560,0,1,1,6388,1003,3894,6.368893,1.640473,3.628000,32.501000,1277.358000,144.337000,6725.571000,1,55,dc9cd79cc8c2b2709821938d0034de843cdb5ebef91eec3a92fd8cd6b0fdad64,true,1,true,20.670347,51.511040,103.703467
fixed-window,fixed-w16k-zstd-3,random-1000-00012,random-1000,GRCh38,chr6,31498578,31499578,1000,100,65536,1,0,1,15025,15025,0,0,4560,0,1,1,15025,1470,5735,10.221088,2.619878,3.896000,61.030000,3356.922000,336.025000,27555.673000,1,89,c403eef14917e6b686762197dc194e4a6d821914e2b1ffc4fb9bd90b0cbf56fa,true,1,true,20.900667,52.202000,106.006667
fixed-window,fixed-w16k-zstd-3,random-1000-00013,random-1000,CHM13,chr19,18934804,18935804,1000,100,65536,1,0,1,42136,42136,0,0,4560,0,1,1,42136,1572,6706,26.804071,6.283328,2.754000,158.001000,13144.077000,1003.195000,88907.458000,1,111,ad32c7d856071f94810c9ebc737bd0992ddc4138205c417989624a16e1a46b82,true,1,true,21.623627,54.370880,113.236267
fixed-window,fixed-w16k-zstd-3,random-1000-00014,random-1000,GRCh38,chr19,54818543,54819543,1000,100,65536,1,0,1,9003,9003,0,0,4560,0,1,1,9003,1793,7488,5.021194,1.202324,3.604000,41.587000,2234.972000,260.297000,10347.667000,1,121,abe68b07da4cac926944b03ae52a1af3a8669b9bb42af99f19a6d98b110b5fe8,true,1,true,20.740080,51.720240,104.400800
fixed-window,fixed-w16k-zstd-3,random-1000-00015,random-1000,GRCh38,chr19,54822995,54823995,1000,100,65536,1,0,1,42764,42764,0,0,4560,0,1,1,42764,1181,4578,36.209992,9.341197,2.470000,159.848000,15357.706000,1010.684000,94632.995000,1,66,8a72e0b887900afc82aee886713646137a29ee3dc80654cff7810b6b509fa039,true,1,true,21.640373,54.421120,113.403733
fixed-window,fixed-w16k-zstd-3,random-1000-00016,random-1000,GRCh38,chr6,31500086,31501086,1000,100,65536,1,0,1,15025,15025,0,0,4560,0,1,1,15025,1091,4071,13.771769,3.690739,13.037000,59.524000,3344.542000,350.445000,28659.607000,1,54,6d8ebae6f424d9f114ac82ef6e6470e27d0c410db2125b4ff92d6c78ec11ddb8,true,1,true,20.900667,52.202000,106.006667
fixed-window,fixed-w16k-zstd-3,random-1000-00017,random-1000,CHM13,chr19,18935132,18936132,1000,100,65536,1,0,1,42136,42136,0,0,4560,0,1,1,42136,1760,8280,23.940909,5.088889,3.125000,163.022000,12807.714000,1067.699000,90108.902000,1,149,7e39334d82950ad46a7dded8c04e5b5173ad6011091c22de11b2fc7ef21435c6,true,1,true,21.623627,54.370880,113.236267
fixed-window,fixed-w16k-zstd-3,random-1000-00018,random-1000,GRCh38,chr6,31500755,31501755,1000,100,65536,1,0,1,15025,15025,0,0,4560,0,1,1,15025,1054,4061,14.255218,3.699828,3.515000,58.345000,3307.020000,460.412000,27946.101000,1,58,6892a0300e5048f7c0f3d00619bb5ffb4497d766808b793faef9b8d94d35326a,true,1,true,20.900667,52.202000,106.006667
fixed-window,fixed-w16k-zstd-3,random-1000-00019,random-1000,CHM13,chr6,31355683,31356683,1000,100,65536,1,0,1,14771,14771,0,0,4560,0,1,1,14771,1256,4907,11.760350,3.010190,3.957000,89.169000,3412.600000,318.616000,27281.089000,1,66,baf573b4c3d462b3a8dde6c40f47d19c0873592a1ff8535d27a5d521322b512c,true,1,true,20.893893,52.181680,105.938933
fixed-window,fixed-w16k-zstd-3,random-1000-00020,random-1000,GRCh38,chr6,31505631,31506631,1000,100,65536,1,0,1,21413,21413,0,0,4560,0,1,1,21413,993,3594,21.563948,5.957986,3.240000,94.763000,5152.142000,361.407000,34424.516000,2,46,046ba0e59f63d2b93d90e395739eafacfebb3a401f67496f435743ed89b0314b,true,2,true,21.071013,52.713040,107.710133
fixed-window,fixed-w16k-zstd-3,random-1000-00021,random-1000,GRCh38,chr19,54819258,54820258,1000,100,65536,1,0,1,9003,9003,0,0,4560,0,1,1,9003,1319,4985,6.825625,1.806018,2.553000,39.007000,1901.302000,211.599000,10256.376000,1,70,b1e8d79aeb44ef1ed796c5323ccfa9207bbd85dad43ce48ec148ed450d39edaa,true,1,true,20.740080,51.720240,104.400800
fixed-window,fixed-w16k-zstd-3,random-1000-00022,random-1000,CHM13,chr6,31362561,31363561,1000,100,65536,1,0,1,6680,6680,0,0,4560,0,1,1,6680,880,2862,7.590909,2.334032,2.873000,32.761000,1329.148000,113.694000,6276.074000,1,29,f10fe835567c98ac88996d81daf2a41e23e1e9d46e6fe5fa9f51d2339f9c3f80,true,1,true,20.678133,51.534400,103.781333
fixed-window,fixed-w16k-zstd-3,random-1000-00023,random-1000,GRCh38,chr19,54818709,54819709,1000,100,65536,1,0,1,9003,9003,0,0,4560,0,1,1,9003,1588,6510,5.669395,1.382949,1.958000,38.257000,2288.139000,241.666000,10302.425000,1,103,50f73df09db8d4b28648ddf8303d4d9fa240b0af6ea6f0f1522841d7ae95b462,true,1,true,20.740080,51.720240,104.400800
fixed-window,fixed-w16k-zstd-3,random-1000-00024,random-1000,GRCh38,chr6,31509347,31510347,1000,100,65536,1,0,1,6388,6388,0,0,4560,0,1,1,6388,955,3444,6.689005,1.854820,2.428000,32.907000,1642.661000,124.456000,6544.955000,1,44,2b0f4079fc510da157b02685ab88e6263b88046ec03e2bda796c37b2fd0352f6,true,1,true,20.670347,51.511040,103.703467
fixed-window,fixed-w16k-zstd-3,random-1000-00025,random-1000,CHM13,chr19,18937374,18938374,1000,100,65536,1,0,1,42136,42136,0,0,4560,0,1,1,42136,3208,18478,13.134663,2.280333,3.130000,164.962000,13046.154000,1287.189000,88681.226000,1,369,dcb500b60f9c1ce622551e4c7821e53652e49d4883b198022c13e27284955990,true,1,true,21.623627,54.370880,113.236267
fixed-window,fixed-w16k-zstd-3,random-1000-00026,random-1000,CHM13,chr19,18928542,18929542,1000,100,65536,1,0,1,42136,42136,0,0,4560,0,1,1,42136,1361,5942,30.959589,7.091215,2.911000,163.185000,13051.380000,1040.516000,86857.708000,1,99,737cbcc2014184b5c4ffdcf3f6fe653ec45727d26f7605ce31dd04a55d88319c,true,1,true,21.623627,54.370880,113.236267
fixed-window,fixed-w16k-zstd-3,random-1000-00027,random-1000,CHM13,chr19,18933366,18934366,1000,100,65536,1,0,1,42136,42136,0,0,4560,0,1,1,42136,1151,4449,36.608167,9.470892,2.844000,160.051000,12531.411000,970.971000,85966.222000,1,66,7f8504c6e13f6a5133c8be8debce93cf214fdb5477b0d776dcfb53069ec6ea10,true,1,true,21.623627,54.370880,113.236267
fixed-window,fixed-w16k-zstd-3,random-1000-00028,random-1000,CHM13,chr6,31362297,31363297,1000,100,65536,1,0,1,6680,6680,0,0,4560,0,1,1,6680,983,3443,6.795524,1.940168,2.808000,34.102000,1332.120000,121.166000,6493.781000,1,42,cb0abb8190ffcc9bc261ee8ab967b7b3e3e3aa2e1e86325e9f29dbe919b2d4a0,true,1,true,20.678133,51.534400,103.781333
fixed-window,fixed-w16k-zstd-3,random-1000-00029,random-1000,GRCh38,chr6,31506359,31507359,1000,100,65536,1,0,1,21413,21413,0,0,4560,0,1,1,21413,998,3298,21.455912,6.492723,1.928000,91.090000,4578.385000,368.049000,33380.177000,2,38,c75f53088b0fe21e2c5cfde9fb2cc43f22948cf9baf34c05d617d87c69e2dd3b,true,2,true,21.071013,52.713040,107.710133
fixed-window,fixed-w16k-zstd-3,random-1000-00030,random-1000,GRCh38,chr19,54827474,54828474,1000,100,65536,1,0,1,42764,42764,0,0,4560,0,1,1,42764,3013,17163,14.193163,2.491639,3.284000,160.307000,13577.679000,1299.928000,91466.574000,1,339,434c8c007a70bc8328cab7ae255768d4aade24a9d3a0c7299c1dd3b08cf5ede0,true,1,true,21.640373,54.421120,113.403733
fixed-window,fixed-w16k-zstd-3,random-1000-00031,random-1000,GRCh38,chr19,54826908,54827908,1000,100,65536,1,0,1,42764,42764,0,0,4560,0,1,1,42764,3224,18595,13.264268,2.299758,2.865000,162.730000,13433.280000,1384.999000,90498.775000,1,370,46bebf37c37460b52500274bf67d3c93489f6721b76994b9173cb56c2769841b,true,1,true,21.640373,54.421120,113.403733
fixed-window,fixed-w16k-zstd-3,random-1000-00032,random-1000,GRCh38,chr6,31506225,31507225,1000,100,65536,1,0,1,21413,21413,0,0,4560,0,1,1,21413,981,3446,21.827727,6.213871,14.538000,94.080000,4704.628000,351.064000,33060.159000,2,44,f143f9c63857aca0f979433575e159f4d430ba313e66d2887bcfac0d09e8261d,true,2,true,21.071013,52.713040,107.710133
fixed-window,fixed-w16k-zstd-3,random-1000-00033,random-1000,GRCh38,chr6,31509336,31510336,1000,100,65536,1,0,1,6388,6388,0,0,4560,0,1,1,6388,995,3610,6.420101,1.769529,2.945000,30.869000,1257.636000,123.458000,5968.523000,1,47,be77edcc92a6db2da90cb91d5c5f8cbee7c766fefdca615e0cc31795af3293cd,true,1,true,20.670347,51.511040,103.703467
fixed-window,fixed-w16k-zstd-3,random-1000-00034,random-1000,GRCh38,chr19,54816603,54817603,1000,100,65536,1,0,1,9003,9003,0,0,4560,0,1,1,9003,1169,5478,7.701454,1.643483,1.715000,38.298000,1937.764000,247.249000,10057.438000,1,88,8d1b9444b93c4115cdd8124c79f543b83a6eb72e5df0ee059fd05f8309689902,true,1,true,20.740080,51.720240,104.400800
fixed-window,fixed-w16k-zstd-3,random-1000-00035,random-1000,CHM13,chr6,31362547,31363547,1000,100,65536,1,0,1,6680,6680,0,0,4560,0,1,1,6680,880,2862,7.590909,2.334032,3.838000,35.536000,1376.277000,108.867000,6551.666000,1,29,52ee3d9461214f3ca3a27c8194780279066c44f80902598da00d7f0e1d71fbfa,true,1,true,20.678133,51.534400,103.781333
fixed-window,fixed-w16k-zstd-3,random-1000-00036,random-1000,CHM13,chr19,18937052,18938052,1000,100,65536,1,0,1,42136,42136,0,0,4560,0,1,1,42136,3299,19361,12.772355,2.176334,2.522000,157.978000,12180.142000,1263.553000,86684.600000,1,387,8e7f2e29f1294f8d13b06118a22e4631c9d4585a97378aa1fbbcb54de2ca3406,true,1,true,21.623627,54.370880,113.236267
fixed-window,fixed-w16k-zstd-3,random-1000-00037,random-1000,CHM13,chr6,31360965,31361965,1000,100,65536,1,0,1,6680,6680,0,0,4560,0,1,1,6680,952,3503,7.016807,1.906937,4.344000,32.962000,1347.662000,212.323000,7080.610000,1,46,0f48090fd716f13aa361c0faa3dbc1eb66c9d9d112f2d7357f07770db5766a19,true,1,true,20.678133,51.534400,103.781333
fixed-window,fixed-w16k-zstd-3,random-1000-00038,random-1000,GRCh38,chr6,31504269,31505269,1000,100,65536,1,0,1,15025,15025,0,0,4560,0,1,1,15025,1736,7041,8.654954,2.133930,4.006000,77.008000,3485.378000,369.693000,28532.032000,1,116,c8924eadb5852613faccb05cb0e2c730d2c85c0b065b28808b04e142f1fb5113,true,1,true,20.900667,52.202000,106.006667
fixed-window,fixed-w16k-zstd-3,random-1000-00039,random-1000,GRCh38,chr6,31503747,31504747,1000,100,65536,1,0,1,15025,15025,0,0,4560,0,1,1,15025,1667,6788,9.013197,2.213465,4.058000,81.592000,4459.134000,356.214000,29536.554000,1,104,d760ccb8d56f875acce02f99a60c0960348f90d24c21092696628d450fa2be63,true,1,true,20.900667,52.202000,106.006667
fixed-window,fixed-w16k-zstd-3,random-1000-00040,random-1000,CHM13,chr19,18928411,18929411,1000,100,65536,1,0,1,42136,42136,0,0,4560,0,1,1,42136,1329,5748,31.705041,7.330550,3.208000,159.806000,13764.935000,1181.907000,90463.507000,1,94,aaa14d812eaffd378353a5f9e9794eaa56bed0a0d1a66c71e752e7351758a5c1,true,1,true,21.623627,54.370880,113.236267
fixed-window,fixed-w16k-zstd-3,random-1000-00041,random-1000,GRCh38,chr19,54823938,54824938,1000,100,65536,1,0,1,42764,42764,0,0,4560,0,1,1,42764,1268,5092,33.725552,8.398272,4.818000,247.242000,14342.548000,1034.903000,94233.988000,1,78,bbfa097240585e187c92d7dac38fa20ac2cbea04492bd704f87a15d9349ee5e0,true,1,true,21.640373,54.421120,113.403733
fixed-window,fixed-w16k-zstd-3,random-1000-00042,random-1000,CHM13,chr19,18939757,18940757,1000,100,65536,1,0,1,52780,52780,0,0,4560,0,1,1,52780,3577,20268,14.755382,2.604105,3.004000,210.502000,16134.453000,1409.762000,104250.212000,2,405,fe4e657ec0b68a9a0791087e5c51dab0eca123f20e6c5cf2f2344307e49782e9,true,2,true,21.907467,55.222400,116.074667
fixed-window,fixed-w16k-zstd-3,random-1000-00043,random-1000,CHM13,chr6,31359247,31360247,1000,100,65536,1,0,1,6680,6680,0,0,4560,0,1,1,6680,892,2986,7.488789,2.237106,2.966000,33.400000,1648.404000,118.876000,6790.935000,1,35,5978b133643345de4fab9334f39ef6bd3f4449855b0424631f4b1c333b221343,true,1,true,20.678133,51.534400,103.781333
fixed-window,fixed-w16k-zstd-3,random-1000-00044,random-1000,GRCh38,chr19,54827982,54828982,1000,100,65536,1,0,1,42764,42764,0,0,4560,0,1,1,42764,3551,17730,12.042805,2.411957,2.708000,160.098000,13278.429000,1261.902000,91830.200000,1,323,8c99fea0a8e8d49f05f2e96cb7587fb4b74f7f3c99ff78f2c948e15d69843e6e,true,1,true,21.640373,54.421120,113.403733
fixed-window,fixed-w16k-zstd-3,random-1000-00045,random-1000,GRCh38,chr6,31502847,31503847,1000,100,65536,1,0,1,15025,15025,0,0,4560,0,1,1,15025,933,3238,16.103966,4.640210,2.836000,58.084000,3765.269000,302.774000,27892.889000,1,40,327d9589a9b7daab0e6741544fffbe866875f100c978001aa1d4f0d38520e742,true,1,true,20.900667,52.202000,106.006667
fixed-window,fixed-w16k-zstd-3,random-1000-00046,random-1000,CHM13,chr19,18934643,18935643,1000,100,65536,1,0,1,42136,42136,0,0,4560,0,1,1,42136,1251,5142,33.681855,8.194477,3.651000,158.005000,12856.711000,969.800000,88843.998000,1,82,5fd745a6b07df745aa57010567ca52f8e78f30cb93678818fecdecf96d2a22b3,true,1,true,21.623627,54.370880,113.236267
fixed-window,fixed-w16k-zstd-3,random-1000-00047,random-1000,CHM13,chr6,31358345,31359345,1000,100,65536,1,0,1,21451,21451,0,0,4560,0,1,1,21451,995,3592,21.558794,5.971882,3.448000,93.334000,4612.592000,353.756000,33849.997000,2,46,9eacd203c3cc557383a098ea3f078d25fda9b62aedd293c683491fd791f1ac8c,true,2,true,21.072027,52.716080,107.720267
fixed-window,fixed-w16k-zstd-3,random-1000-00048,random-1000,GRCh38,chr19,54826949,54827949,1000,100,65536,1,0,1,42764,42764,0,0,4560,0,1,1,42764,3170,18169,13.490221,2.353679,2.467000,157.752000,14134.948000,1378.257000,93083.273000,1,361,6ad7894be200e25c418a98ac6835bc587743b2edaeacc6430903fdfb9af1ad57,true,1,true,21.640373,54.421120,113.403733
fixed-window,fixed-w16k-zstd-3,random-1000-00049,random-1000,CHM13,chr6,31353875,31354875,1000,100,65536,1,0,1,14771,14771,0,0,4560,0,1,1,14771,1068,4006,13.830524,3.687219,3.434000,59.241000,3275.766000,456.996000,28803.528000,1,55,3f317af10d51dba1ac4b8bc6d479a5e8b050745f812a4aeff5ba44e1d186464d,true,1,true,20.893893,52.181680,105.938933
fixed-window,fixed-w16k-zstd-3,random-10000-00000,random-10000,CHM13,chr19,18927515,18937515,10000,100,65536,1,0,1,42136,42136,0,0,4560,0,1,1,42136,11470,57442,3.673583,0.733540,3.998000,162.595000,12735.900000,1883.491000,88579.683000,1,1004,fb7050feafcc060c124333febc078309dd675f439a2f7ca3ad74965dfc2ae19d,true,1,true,21.623627,54.370880,113.236267
fixed-window,fixed-w16k-zstd-3,random-10000-00001,random-10000,CHM13,chr19,18927048,18937048,10000,100,65536,1,0,1,42136,42136,0,0,4560,0,1,1,42136,10955,54457,3.846280,0.773748,4.333000,214.195000,12943.114000,1902.421000,88762.524000,1,939,023de33c74ae01ecce6f5f39e85fcb6bfc4b5321f0c1d07915d9234f16fd4fab,true,1,true,21.623627,54.370880,113.236267
fixed-window,fixed-w16k-zstd-3,random-10000-00002,random-10000,GRCh38,chr6,31499564,31509564,10000,100,65536,1,0,1,21413,21413,0,0,4560,0,1,1,21413,8132,34402,2.633178,0.622435,3.971000,106.070000,5072.521000,807.167000,35124.799000,2,509,f494e39fabd124ec5ed21c30ce7135582d6e618c2fd9bfa3f4a65bdcaf487fea,true,2,true,21.071013,52.713040,107.710133
fixed-window,fixed-w16k-zstd-3,random-10000-00003,random-10000,CHM13,chr6,31353211,31363211,10000,100,65536,1,0,1,21451,21451,0,0,4560,0,1,1,21451,8171,34227,2.625260,0.626727,2.594000,90.444000,4637.195000,1007.252000,34629.516000,2,501,29fcf7da0387da1f2001f5c4a997ede87538f752ece77d2dc8d82168b259bfd8,true,2,true,21.072027,52.716080,107.720267
fixed-window,fixed-w16k-zstd-3,random-10000-00004,random-10000,CHM13,chr6,31351115,31361115,10000,100,65536,1,0,1,21451,21451,0,0,4560,0,1,1,21451,8652,37259,2.479311,0.575727,3.209000,99.023000,4628.927000,874.849000,35072.197000,2,563,e14a61445be1e6ff648be16758424cc6df3c4fdfbec13367ceff70723b0bbb88,true,2,true,21.072027,52.716080,107.720267
fixed-window,fixed-w16k-zstd-3,random-10000-00005,random-10000,GRCh38,chr6,31500727,31510727,10000,100,65536,1,0,1,21413,21413,0,0,4560,0,1,1,21413,8129,34058,2.634149,0.628722,2.917000,94.210000,4600.671000,1047.518000,34469.377000,2,497,af67385fc51498673c70fe03cfcbc012be8be89d0e599de7b43af702acaf6e3d,true,2,true,21.071013,52.713040,107.710133
fixed-window,fixed-w16k-zstd-3,random-10000-00006,random-10000,CHM13,chr19,18927710,18937710,10000,100,65536,1,0,1,42136,42136,0,0,4560,0,1,1,42136,12140,61610,3.470840,0.683915,2.592000,156.413000,12542.048000,2202.049000,88907.071000,1,1089,44f2d6cb38a29cb8bcd9c92583a533515cfdfba96c7e68b91598a7666a649102,true,1,true,21.623627,54.370880,113.236267
fixed-window,fixed-w16k-zstd-3,random-10000-00007,random-10000,GRCh38,chr19,54819693,54829693,10000,100,65536,1,0,1,51767,51767,0,0,4560,0,1,1,51767,16591,87760,3.120186,0.589870,2.962000,203.908000,16389.252000,2709.013000,106295.604000,2,1630,2e8920af64b513a565f0b86c813644ab6724f64155a7226afee9b07aa04219db,true,2,true,21.880453,55.141360,115.804533
fixed-window,fixed-w16k-zstd-3,random-10000-00008,random-10000,GRCh38,chr19,54817489,54827489,10000,100,65536,1,0,1,51767,51767,0,0,4560,0,1,1,51767,12504,63612,4.140035,0.813793,3.192000,210.779000,16138.470000,2631.050000,104617.768000,2,1136,bc18deaad878165d935da1663f5cbfa4acbc72a24b6bec2a71315507ffa399a2,true,2,true,21.880453,55.141360,115.804533
fixed-window,fixed-w16k-zstd-3,random-10000-00009,random-10000,CHM13,chr6,31353418,31363418,10000,100,65536,1,0,1,21451,21451,0,0,4560,0,1,1,21451,8319,34682,2.578555,0.618505,3.269000,106.344000,4912.689000,822.801000,34499.288000,2,504,b9bc0d7e6a4a4f91f3671f8623c9283ca8c27437e645f28fa7aec0c6c27b6c1a,true,2,true,21.072027,52.716080,107.720267
fixed-window,fixed-w16k-zstd-3,random-10000-00010,random-10000,CHM13,chr6,31352971,31362971,10000,100,65536,1,0,1,21451,21451,0,0,4560,0,1,1,21451,8351,35191,2.568674,0.609559,3.325000,91.483000,4955.108000,820.461000,34711.163000,2,516,8dca2f312e0ef50ab8af5072fd67a1d92c9a36f77abdeb33a59f88dc3e4d8244,true,2,true,21.072027,52.716080,107.720267
fixed-window,fixed-w16k-zstd-3,random-10000-00011,random-10000,GRCh38,chr19,54818493,54828493,10000,100,65536,1,0,1,51767,51767,0,0,4560,0,1,1,51767,14008,73746,3.695531,0.701963,3.041000,200.401000,15348.087000,2434.801000,104211.009000,2,1353,41d025ae95d7ca07ef3a19a623830dc29f8643d5ee600059088b608507d30e5a,true,2,true,21.880453,55.141360,115.804533
fixed-window,fixed-w16k-zstd-3,random-10000-00012,random-10000,GRCh38,chr19,54818964,54828964,10000,100,65536,1,0,1,51767,51767,0,0,4560,0,1,1,51767,15402,79342,3.361057,0.652454,3.086000,203.052000,16003.059000,2950.195000,104044.648000,2,1443,9b1c1123039876c6241e4a4da0e047869ee14d094c6dee676282fe9d40af0d46,true,2,true,21.880453,55.141360,115.804533
fixed-window,fixed-w16k-zstd-3,random-10000-00013,random-10000,CHM13,chr6,31351555,31361555,10000,100,65536,1,0,1,21451,21451,0,0,4560,0,1,1,21451,8288,35277,2.588200,0.608073,3.832000,93.570000,4703.817000,862.646000,35533.567000,2,524,847eb62608809ff67dc4211f8bf09f10c59f351eebd11240a02f3c512cfbead1,true,2,true,21.072027,52.716080,107.720267
fixed-window,fixed-w16k-zstd-3,random-10000-00014,random-10000,CHM13,chr6,31352241,31362241,10000,100,65536,1,0,1,21451,21451,0,0,4560,0,1,1,21451,8058,34005,2.662075,0.630819,3.726000,94.847000,5138.616000,810.794000,35939.483000,2,501,10c6602d35679da6a9faa7a00f2f7e349a9add21a37e277d3647616b3221ae0e,true,2,true,21.072027,52.716080,107.720267
fixed-window,fixed-w16k-zstd-3,random-10000-00015,random-10000,GRCh38,chr6,31500220,31510220,10000,100,65536,1,0,1,21413,21413,0,0,4560,0,1,1,21413,8259,34888,2.592687,0.613764,2.692000,93.413000,4613.065000,835.243000,36405.423000,2,514,819a628f285e970cfca2db7d503d8b2ece36325758bee5bf9a059ec7f86a36ef,true,2,true,21.071013,52.713040,107.710133
fixed-window,fixed-w16k-zstd-3,random-10000-00016,random-10000,GRCh38,chr6,31498515,31508515,10000,100,65536,1,0,1,21413,21413,0,0,4560,0,1,1,21413,8705,37584,2.459851,0.569737,3.514000,92.902000,4917.098000,865.977000,34160.938000,2,568,5a7ad96aa91c3cd95c61a98b33a1c5f1b024a7cc17725b6d52e3610749690b55,true,2,true,21.071013,52.713040,107.710133
fixed-window,fixed-w16k-zstd-3,random-10000-00017,random-10000,CHM13,chr19,18927173,18937173,10000,100,65536,1,0,1,42136,42136,0,0,4560,0,1,1,42136,11119,55279,3.789549,0.762242,4.122000,162.788000,12638.403000,1858.861000,89676.903000,1,955,57ec57fc0db92f6174aeff1e27a852cb6b3ed40908214d7137435fcf61fcaca7,true,1,true,21.623627,54.370880,113.236267
fixed-window,fixed-w16k-zstd-3,random-10000-00018,random-10000,GRCh38,chr19,54819485,54829485,10000,100,65536,1,0,1,51767,51767,0,0,4560,0,1,1,51767,16275,85696,3.180768,0.604077,3.170000,204.145000,15725.008000,3140.860000,104485.039000,2,1587,4bc80df69acefc62584319f8168ed476a74c598397e56eedf11da0d0f70d2e0f,true,2,true,21.880453,55.141360,115.804533
fixed-window,fixed-w16k-zstd-3,random-10000-00019,random-10000,GRCh38,chr19,54819535,54829535,10000,100,65536,1,0,1,51767,51767,0,0,4560,0,1,1,51767,16229,85454,3.189784,0.605788,3.365000,203.033000,15555.070000,2661.746000,104784.731000,2,1582,bcd2c5b89765dcc3506c48e927dd1f95beb3cf2cf59b60554eed6e5a1216c60a,true,2,true,21.880453,55.141360,115.804533
fixed-window,fixed-w16k-zstd-3,random-10000-00020,random-10000,GRCh38,chr19,54817554,54827554,10000,100,65536,1,0,1,51767,51767,0,0,4560,0,1,1,51767,12725,65040,4.068134,0.795926,3.164000,204.104000,15980.653000,2532.332000,104202.295000,2,1165,2def0ee5af1588ea7867041e32b37bbd2450930dd3f26c3aa8edbc25fe39a187,true,2,true,21.880453,55.141360,115.804533
fixed-window,fixed-w16k-zstd-3,random-10000-00021,random-10000,CHM13,chr19,18929552,18939552,10000,100,65536,1,0,1,42136,42136,0,0,4560,0,1,1,42136,15635,81039,2.694979,0.519947,3.949000,159.489000,12947.763000,2567.515000,98495.037000,1,1480,8bf02e532bc1b8576fda62e2d3b647b1eee84a25a2a1edfe2692adea8a58d7c8,true,1,true,21.623627,54.370880,113.236267
fixed-window,fixed-w16k-zstd-3,random-10000-00022,random-10000,GRCh38,chr19,54820740,54830740,10000,100,65536,1,0,1,51767,51767,0,0,4560,0,1,1,51767,18801,101972,2.753417,0.507659,3.239000,210.313000,14879.246000,3045.560000,101572.880000,2,1934,f40144c51d78158c2d8a0877880114b254a38a93fe47e1715a06f7176815dfb2,true,2,true,21.880453,55.141360,115.804533
fixed-window,fixed-w16k-zstd-3,random-10000-00023,random-10000,GRCh38,chr19,54818932,54828932,10000,100,65536,1,0,1,51767,51767,0,0,4560,0,1,1,51767,15290,78641,3.385677,0.658270,3.024000,204.113000,15108.681000,2560.956000,101057.438000,2,1429,eb8de91e331628dac36e25b9fa50b69ea33976b570fa3f099b08df9a47068613,true,2,true,21.880453,55.141360,115.804533
fixed-window,fixed-w16k-zstd-3,random-10000-00024,random-10000,CHM13,chr6,31351872,31361872,10000,100,65536,1,0,1,21451,21451,0,0,4560,0,1,1,21451,8162,34759,2.628155,0.617135,3.264000,92.548000,4661.322000,839.315000,33938.575000,2,517,46ee61538a1a54759235a1873727599a5868d9ea0ca96369165a52e7f4643c1d,true,2,true,21.072027,52.716080,107.720267
fixed-window,fixed-w16k-zstd-3,random-10000-00025,random-10000,CHM13,chr19,18928033,18938033,10000,100,65536,1,0,1,42136,42136,0,0,4560,0,1,1,42136,12778,65375,3.297543,0.644528,2.608000,157.017000,12205.445000,2407.584000,89311.065000,1,1172,f419bc07f88f53cb87250fc08dd8c99a6a817b07172b7fcff1087918fcb94bb9,true,1,true,21.623627,54.370880,113.236267
fixed-window,fixed-w16k-zstd-3,random-10000-00026,random-10000,CHM13,chr19,18929766,18939766,10000,100,65536,1,0,1,42136,42136,0,0,4560,0,1,1,42136,16163,84267,2.606942,0.500030,2.956000,158.623000,13351.036000,2649.810000,89838.745000,1,1549,083c50cf3eaa6dbae11218d0ad158e39085a0f9ab53242e8c9276d9d09e4a902,true,1,true,21.623627,54.370880,113.236267
fixed-window,fixed-w16k-zstd-3,random-10000-00027,random-10000,GRCh38,chr19,54818824,54828824,10000,100,65536,1,0,1,51767,51767,0,0,4560,0,1,1,51767,15033,77427,3.443558,0.668591,3.337000,203.438000,16238.155000,2509.373000,103942.639000,2,1402,3f3dc9323559e679dec3aa90a6cd0d6f32b722c0edb02878f85c7147b220a151,true,2,true,21.880453,55.141360,115.804533
fixed-window,fixed-w16k-zstd-3,random-10000-00028,random-10000,GRCh38,chr6,31500466,31510466,10000,100,65536,1,0,1,21413,21413,0,0,4560,0,1,1,21413,8193,34378,2.613573,0.622869,3.628000,92.499000,4782.899000,820.502000,33830.708000,2,504,1aae841166593d23a6a7f739f1a1bc749a54a056b1e37d3a5d25d94bf5149a22,true,2,true,21.071013,52.713040,107.710133
fixed-window,fixed-w16k-zstd-3,random-10000-00029,random-10000,GRCh38,chr19,54819488,54829488,10000,100,65536,1,0,1,51767,51767,0,0,4560,0,1,1,51767,16275,85696,3.180768,0.604077,3.374000,206.184000,14935.720000,2698.899000,101645.908000,2,1587,389db2da30f2663146c5ea0f413adf0067134725625f4e1288bb2be31ce448cb,true,2,true,21.880453,55.141360,115.804533
fixed-window,fixed-w16k-zstd-3,random-10000-00030,random-10000,CHM13,chr19,18929211,18939211,10000,100,65536,1,0,1,42136,42136,0,0,4560,0,1,1,42136,14944,76593,2.819593,0.550129,2.681000,158.440000,12548.964000,2365.803000,88362.684000,1,1385,b74d7d1b4dbb42a06518b394ddadad8f90f27e2927e94063c3929335c4685ca4,true,1,true,21.623627,54.370880,113.236267
fixed-window,fixed-w16k-zstd-3,random-10000-00031,random-10000,GRCh38,chr19,54818293,54828293,10000,100,65536,1,0,1,51767,51767,0,0,4560,0,1,1,51767,13841,72397,3.740120,0.715043,5.789000,205.867000,15439.654000,2434.988000,102798.807000,2,1323,fe0d874462aaf8c4e61824ab520900f995906ff2456dedd3fdb039da61a5eab2,true,2,true,21.880453,55.141360,115.804533
fixed-window,fixed-w16k-zstd-3,random-10000-00032,random-10000,GRCh38,chr6,31498328,31508328,10000,100,65536,1,0,1,21413,21413,0,0,4560,0,1,1,21413,8742,37526,2.449439,0.570618,3.153000,90.920000,4691.730000,1013.879000,34921.494000,2,566,c97044eb49ee8253512cf81655f948a1bf875f2ef6b53cac35bb31292dcada4c,true,2,true,21.071013,52.713040,107.710133
fixed-window,fixed-w16k-zstd-3,random-10000-00033,random-10000,CHM13,chr19,18928926,18938926,10000,100,65536,1,0,1,42136,42136,0,0,4560,0,1,1,42136,13963,73325,3.017690,0.574647,2.663000,161.188000,12833.621000,2492.495000,89974.799000,1,1344,024632fd2282a8776dfef268db714389f6df985fd644df50343881f0357c87fd,true,1,true,21.623627,54.370880,113.236267
fixed-window,fixed-w16k-zstd-3,random-10000-00034,random-10000,GRCh38,chr19,54817527,54827527,10000,100,65536,1,0,1,51767,51767,0,0,4560,0,1,1,51767,12616,64317,4.103282,0.804873,3.464000,205.326000,16145.845000,2247.788000,104217.602000,2,1150,214233624f9ebebcd11c15c08bcc21afdafd2e1124fbf21852c268fa52db1807,true,2,true,21.880453,55.141360,115.804533
fixed-window,fixed-w16k-zstd-3,random-10000-00035,random-10000,CHM13,chr19,18930705,18940705,10000,100,65536,1,0,1,52780,52780,0,0,4560,0,1,1,52780,17656,94802,2.989352,0.556739,2.709000,214.168000,15765.154000,3031.393000,104415.837000,2,1782,6aa2ba257693dace3856e9dcd68f3fe97bb4b949cce960586f60119a4b974aa6,true,2,true,21.907467,55.222400,116.074667
fixed-window,fixed-w16k-zstd-3,random-10000-00036,random-10000,GRCh38,chr19,54819606,54829606,10000,100,65536,1,0,1,51767,51767,0,0,4560,0,1,1,51767,16429,86556,3.150953,0.598075,3.364000,203.280000,15005.259000,2693.657000,102595.565000,2,1604,cc686aff278d90fc84d361ecce38a1cdc02a0464bf632dff1652d57578be14d0,true,2,true,21.880453,55.141360,115.804533
fixed-window,fixed-w16k-zstd-3,random-10000-00037,random-10000,GRCh38,chr19,54816668,54826668,10000,100,65536,1,0,1,51767,51767,0,0,4560,0,1,1,51767,11066,55013,4.678023,0.940996,3.256000,206.732000,16226.355000,2088.689000,106157.199000,2,949,383a0552799f56d3864bb07446ca0ac31bf58e121f84cb6f28c8fc155978447f,true,2,true,21.880453,55.141360,115.804533
fixed-window,fixed-w16k-zstd-3,random-10000-00038,random-10000,GRCh38,chr19,54820649,54830649,10000,100,65536,1,0,1,51767,51767,0,0,4560,0,1,1,51767,18754,101746,2.760318,0.508787,3.437000,206.222000,16315.785000,3359.451000,108853.750000,2,1930,e22a4454f968a4adbd516e922087907b936dce29ccdf06906b1cda5a23825d1a,true,2,true,21.880453,55.141360,115.804533
fixed-window,fixed-w16k-zstd-3,random-10000-00039,random-10000,GRCh38,chr19,54818384,54828384,10000,100,65536,1,0,1,51767,51767,0,0,4560,0,1,1,51767,13946,72892,3.711960,0.710188,3.440000,205.138000,15775.163000,2467.931000,102984.824000,2,1332,fe2376a376c2c74da42df879939bbefa5357f07a246c7c41a6dc71f1e77f9341,true,2,true,21.880453,55.141360,115.804533
fixed-window,fixed-w16k-zstd-3,random-10000-00040,random-10000,CHM13,chr19,18930520,18940520,10000,100,65536,1,0,1,52780,52780,0,0,4560,0,1,1,52780,17378,93034,3.037173,0.567319,3.142000,207.714000,16099.037000,3116.211000,104024.923000,2,1743,401c5bf716699adc4aa197d5dc4edc4dbf512e05a87ecc10b66742d3a0909c7a,true,2,true,21.907467,55.222400,116.074667
fixed-window,fixed-w16k-zstd-3,random-10000-00041,random-10000,GRCh38,chr19,54817653,54827653,10000,100,65536,1,0,1,51767,51767,0,0,4560,0,1,1,51767,12838,65412,4.032326,0.791399,2.850000,208.718000,15410.048000,2267.843000,102736.919000,2,1174,ec127182b480469b233e662ec827aab0cb7b4d0794fd69cd19c080acc3dd7b78,true,2,true,21.880453,55.141360,115.804533
fixed-window,fixed-w16k-zstd-3,random-10000-00042,random-10000,CHM13,chr19,18928104,18938104,10000,100,65536,1,0,1,42136,42136,0,0,4560,0,1,1,42136,12805,65302,3.290590,0.645248,2.694000,159.211000,13038.395000,2095.269000,87719.442000,1,1172,50fa90d69eafae1fb16c829e7e62f95c051352e3ab5f42bb66b868d9c23361c7,true,1,true,21.623627,54.370880,113.236267
fixed-window,fixed-w16k-zstd-3,random-10000-00043,random-10000,GRCh38,chr19,54819543,54829543,10000,100,65536,1,0,1,51767,51767,0,0,4560,0,1,1,51767,16248,85533,3.186054,0.605228,3.282000,204.714000,15291.874000,2754.552000,104041.673000,2,1584,86381dfd585ff68407e07073382c6495eec264c697b260913503bc26a48c0c41,true,2,true,21.880453,55.141360,115.804533
fixed-window,fixed-w16k-zstd-3,random-10000-00044,random-10000,CHM13,chr19,18929474,18939474,10000,100,65536,1,0,1,42136,42136,0,0,4560,0,1,1,42136,15442,80101,2.728662,0.526036,3.428000,159.578000,12706.628000,2402.485000,88592.855000,1,1460,03928ffd2ce9e40a1824e64e7037f3d346740cf58028d95398514d279ec20151,true,1,true,21.623627,54.370880,113.236267
fixed-window,fixed-w16k-zstd-3,random-10000-00045,random-10000,GRCh38,chr6,31500088,31510088,10000,100,65536,1,0,1,21413,21413,0,0,4560,0,1,1,21413,8260,34888,2.592373,0.613764,2.743000,103.733000,4735.127000,816.011000,33849.046000,2,514,62d6d86d62cee3f919da0776df15270c2f3f844c9bd2f0f1eb215865bf818b49,true,2,true,21.071013,52.713040,107.710133
fixed-window,fixed-w16k-zstd-3,random-10000-00046,random-10000,CHM13,chr19,18930267,18940267,10000,100,65536,1,0,1,52780,52780,0,0,4560,0,1,1,52780,16854,89242,3.131601,0.591426,3.593000,210.168000,15679.176000,2739.891000,102733.788000,2,1660,2267ea3aa9109c9477496e04fcf4b52de76ec9d833925b8e30d42189cba23287,true,2,true,21.907467,55.222400,116.074667
fixed-window,fixed-w16k-zstd-3,random-10000-00047,random-10000,GRCh38,chr19,54817811,54827811,10000,100,65536,1,0,1,51767,51767,0,0,4560,0,1,1,51767,13122,67319,3.945054,0.768981,2.949000,203.452000,15242.705000,2289.309000,101149.835000,2,1214,7aa84bcb64aa88f155e84dcc7bedcd1bac0a4b0bacb37e4284e8ce9fbdd3c7eb,true,2,true,21.880453,55.141360,115.804533
fixed-window,fixed-w16k-zstd-3,random-10000-00048,random-10000,GRCh38,chr6,31499038,31509038,10000,100,65536,1,0,1,21413,21413,0,0,4560,0,1,1,21413,8224,34898,2.603721,0.613588,3.104000,109.273000,4673.779000,825.662000,33984.163000,2,517,dc690a2bdcf1416ce4aec85c6c2d5123ebb99ed2f5a947b8bc76d93be8bdad8e,true,2,true,21.071013,52.713040,107.710133
fixed-window,fixed-w16k-zstd-3,random-10000-00049,random-10000,GRCh38,chr19,54820051,54830051,10000,100,65536,1,0,1,51767,51767,0,0,4560,0,1,1,51767,17388,93036,2.977168,0.556419,3.511000,204.973000,16249.157000,2839.842000,104293.190000,2,1743,888e583ec4044eb718e700217dc3aa26cff29d7b1f8e987b60d3c334a3156d33,true,2,true,21.880453,55.141360,115.804533
fixed-window,fixed-w16k-zstd-3,hard-micb,hard-MICB,GRCh38,chr6,31498145,31511124,12979,100,262144,2,0,2,37797,37797,0,16384,4560,0,1,0,21413,10447,44599,3.617976,0.847485,8.910000,124.150000,4600.669000,981.210000,33802.512000,2,659,8e081a9b2bd2c24f31488efede2c5cac53abf60820c089097221acc1290f8adc,true,2,true,42.007920,105.023760,214.079200
fixed-window,fixed-w16k-zstd-3,hard-kir3dl1,hard-KIR3DL1,GRCh38,chr19,54816436,54830779,14343,100,262144,2,0,2,52327,52327,0,0,4560,560,1,0,51767,22636,120266,2.311672,0.435094,31.620000,203.277000,14843.383000,3409.407000,102815.947000,2,2231,4ea78c112a6194e6d835e5c8086e9a844301bc2506f64319ff8e3933129e3576,true,2,true,42.395387,106.186160,217.953867
fixed-window,fixed-w16k-zstd-3,random-1000-00000,random-1000,GRCh38,chr19,54818630,54819630,1000,100,262144,1,0,1,9003,9003,0,0,4560,0,1,1,9003,1676,7029,5.371718,1.280837,2.728000,40.758000,2008.636000,249.930000,10250.745000,1,112,f21fab27451d364acf245269653174a191300b494e96b54b0833f384dec1654e,true,1,true,20.740080,51.720240,104.400800
fixed-window,fixed-w16k-zstd-3,random-1000-00001,random-1000,CHM13,chr6,31354488,31355488,1000,100,262144,1,0,1,14771,14771,0,0,4560,0,1,0,14771,1022,3756,14.453033,3.932641,11.104000,58.784000,3402.586000,305.141000,27265.496000,1,51,2447bd29dea7507b24435be4e1f0dcafc123db5c22684e2cf2096a36c139ec1e,true,1,true,20.893893,52.181680,105.938933
fixed-window,fixed-w16k-zstd-3,random-1000-00002,random-1000,CHM13,chr19,18939211,18940211,1000,100,262144,1,0,1,52780,52780,0,0,4560,0,1,0,52780,4298,21923,12.280130,2.407517,17.099000,208.533000,16164.366000,1401.983000,103652.818000,2,412,3e982b3a553dc5b3d7b83901c689f383e63d6000097717e85e2f5afdb5192706,true,2,true,21.907467,55.222400,116.074667
fixed-window,fixed-w16k-zstd-3,random-1000-00003,random-1000,CHM13,chr19,18930672,18931672,1000,100,262144,1,0,1,42136,42136,0,0,4560,0,1,1,42136,1139,4616,36.993854,9.128250,2.538000,190.735000,12595.914000,968.454000,86756.652000,1,67,d88524bb9bd53965452a6fdfdfaca36e69637c0a0a7e1447181e9503f9607acd,true,1,true,21.623627,54.370880,113.236267
fixed-window,fixed-w16k-zstd-3,random-1000-00004,random-1000,GRCh38,chr6,31509956,31510956,1000,100,262144,1,0,1,6388,6388,0,0,4560,0,1,1,6388,765,2360,8.350327,2.706780,2.908000,32.944000,1259.715000,100.042000,6188.698000,1,20,1c1a167ced92512debed8733e3fe2ea5a8b46d0a38f1fe7704acde851e043a42,true,1,true,20.670347,51.511040,103.703467
fixed-window,fixed-w16k-zstd-3,random-1000-00005,random-1000,GRCh38,chr6,31505046,31506046,1000,100,262144,1,0,1,15025,15025,0,0,4560,0,1,1,15025,1243,5361,12.087691,2.802649,2.478000,57.947000,3281.657000,454.442000,26929.524000,1,87,b16bd64dfb37da12be238f5c2f42749d3bbdcae06c46372d97d8a04cc96d0532,true,1,true,20.900667,52.202000,106.006667
fixed-window,fixed-w16k-zstd-3,random-1000-00006,random-1000,GRCh38,chr19,54823280,54824280,1000,100,262144,1,0,1,42764,42764,0,0,4560,0,1,1,42764,1195,4771,35.785774,8.963320,3.581000,165.735000,14495.153000,1007.202000,92927.685000,1,70,8af32f33cbd815e55e00b72c09e1f57fa985ea5e283021aa879dac074b4dd65a,true,1,true,21.640373,54.421120,113.403733
fixed-window,fixed-w16k-zstd-3,random-1000-00007,random-1000,GRCh38,chr6,31503327,31504327,1000,100,262144,1,0,1,15025,15025,0,0,4560,0,1,1,15025,1482,6283,10.138327,2.391374,3.388000,62.973000,3531.969000,353.417000,30908.390000,1,97,a386baf9e9a06d123e16fe449402d8ded071113755c71f6243b96704c5d0abe2,true,1,true,20.900667,52.202000,106.006667
fixed-window,fixed-w16k-zstd-3,random-1000-00008,random-1000,GRCh38,chr19,54826165,54827165,1000,100,262144,1,0,1,42764,42764,0,0,4560,0,1,1,42764,3284,19664,13.021924,2.174736,9.122000,164.684000,13918.672000,1337.870000,90454.975000,1,393,55a8837a6adf6e482198368d1bcd70afcc5e9bd57720401921c950f15f7a009a,true,1,true,21.640373,54.421120,113.403733
fixed-window,fixed-w16k-zstd-3,random-1000-00009,random-1000,GRCh38,chr19,54825783,54826783,1000,100,262144,1,0,1,42764,42764,0,0,4560,0,1,1,42764,2858,16787,14.962911,2.547447,3.204000,161.692000,13537.396000,1245.880000,90453.685000,1,331,1d3b298a866c8e949a53bf36b7c547fc147c28115237ab0dc9d030a2a1d75ed3,true,1,true,21.640373,54.421120,113.403733
fixed-window,fixed-w16k-zstd-3,random-1000-00010,random-1000,GRCh38,chr19,54824197,54825197,1000,100,262144,1,0,1,42764,42764,0,0,4560,0,1,1,42764,1298,5319,32.946071,8.039857,3.296000,161.425000,13643.232000,1029.017000,90538.339000,1,85,fb56c0861903d95e47927e7a7fa7f61332a1728038bfe7cee35547dd3d1ea072,true,1,true,21.640373,54.421120,113.403733
fixed-window,fixed-w16k-zstd-3,random-1000-00011,random-1000,GRCh38,chr6,31508687,31509687,1000,100,262144,1,0,1,6388,6388,0,0,4560,0,1,1,6388,1003,3894,6.368893,1.640473,3.560000,32.356000,1263.347000,135.497000,6286.019000,1,55,dc9cd79cc8c2b2709821938d0034de843cdb5ebef91eec3a92fd8cd6b0fdad64,true,1,true,20.670347,51.511040,103.703467
fixed-window,fixed-w16k-zstd-3,random-1000-00012,random-1000,GRCh38,chr6,31498578,31499578,1000,100,262144,1,0,1,15025,15025,0,0,4560,0,1,1,15025,1470,5735,10.221088,2.619878,2.777000,58.926000,3286.053000,344.708000,26738.597000,1,89,c403eef14917e6b686762197dc194e4a6d821914e2b1ffc4fb9bd90b0cbf56fa,true,1,true,20.900667,52.202000,106.006667
fixed-window,fixed-w16k-zstd-3,random-1000-00013,random-1000,CHM13,chr19,18934804,18935804,1000,100,262144,1,0,1,42136,42136,0,0,4560,0,1,1,42136,1572,6706,26.804071,6.283328,3.291000,159.107000,12806.992000,1005.048000,86719.932000,1,111,ad32c7d856071f94810c9ebc737bd0992ddc4138205c417989624a16e1a46b82,true,1,true,21.623627,54.370880,113.236267
fixed-window,fixed-w16k-zstd-3,random-1000-00014,random-1000,GRCh38,chr19,54818543,54819543,1000,100,262144,1,0,1,9003,9003,0,0,4560,0,1,1,9003,1793,7488,5.021194,1.202324,2.848000,42.716000,1908.258000,257.079000,10153.831000,1,121,abe68b07da4cac926944b03ae52a1af3a8669b9bb42af99f19a6d98b110b5fe8,true,1,true,20.740080,51.720240,104.400800
fixed-window,fixed-w16k-zstd-3,random-1000-00015,random-1000,GRCh38,chr19,54822995,54823995,1000,100,262144,1,0,1,42764,42764,0,0,4560,0,1,1,42764,1181,4578,36.209992,9.341197,3.129000,163.691000,13579.454000,993.708000,91650.142000,1,66,8a72e0b887900afc82aee886713646137a29ee3dc80654cff7810b6b509fa039,true,1,true,21.640373,54.421120,113.403733
fixed-window,fixed-w16k-zstd-3,random-1000-00016,random-1000,GRCh38,chr6,31500086,31501086,1000,100,262144,1,0,1,15025,15025,0,0,4560,0,1,1,15025,1091,4071,13.771769,3.690739,11.945000,60.062000,3729.280000,311.261000,28525.439000,1,54,6d8ebae6f424d9f114ac82ef6e6470e27d0c410db2125b4ff92d6c78ec11ddb8,true,1,true,20.900667,52.202000,106.006667
fixed-window,fixed-w16k-zstd-3,random-1000-00017,random-1000,CHM13,chr19,18935132,18936132,1000,100,262144,1,0,1,42136,42136,0,0,4560,0,1,1,42136,1760,8280,23.940909,5.088889,2.827000,158.029000,12872.613000,1036.669000,87289.443000,1,149,7e39334d82950ad46a7dded8c04e5b5173ad6011091c22de11b2fc7ef21435c6,true,1,true,21.623627,54.370880,113.236267
fixed-window,fixed-w16k-zstd-3,random-1000-00018,random-1000,GRCh38,chr6,31500755,31501755,1000,100,262144,1,0,1,15025,15025,0,0,4560,0,1,1,15025,1054,4061,14.255218,3.699828,3.267000,59.878000,3330.635000,308.855000,27264.109000,1,58,6892a0300e5048f7c0f3d00619bb5ffb4497d766808b793faef9b8d94d35326a,true,1,true,20.900667,52.202000,106.006667
fixed-window,fixed-w16k-zstd-3,random-1000-00019,random-1000,CHM13,chr6,31355683,31356683,1000,100,262144,1,0,1,14771,14771,0,0,4560,0,1,1,14771,1256,4907,11.760350,3.010190,3.202000,62.469000,3263.033000,312.039000,26396.924000,1,66,baf573b4c3d462b3a8dde6c40f47d19c0873592a1ff8535d27a5d521322b512c,true,1,true,20.893893,52.181680,105.938933
fixed-window,fixed-w16k-zstd-3,random-1000-00020,random-1000,GRCh38,chr6,31505631,31506631,1000,100,262144,1,0,1,21413,21413,0,0,4560,0,1,1,21413,993,3594,21.563948,5.957986,3.309000,94.426000,4756.334000,396.067000,33807.103000,2,46,046ba0e59f63d2b93d90e395739eafacfebb3a401f67496f435743ed89b0314b,true,2,true,21.071013,52.713040,107.710133
fixed-window,fixed-w16k-zstd-3,random-1000-00021,random-1000,GRCh38,chr19,54819258,54820258,1000,100,262144,1,0,1,9003,9003,0,0,4560,0,1,1,9003,1319,4985,6.825625,1.806018,3.644000,40.639000,1913.317000,237.637000,10440.594000,1,70,b1e8d79aeb44ef1ed796c5323ccfa9207bbd85dad43ce48ec148ed450d39edaa,true,1,true,20.740080,51.720240,104.400800
fixed-window,fixed-w16k-zstd-3,random-1000-00022,random-1000,CHM13,chr6,31362561,31363561,1000,100,262144,1,0,1,6680,6680,0,0,4560,0,1,1,6680,880,2862,7.590909,2.334032,2.836000,34.918000,1334.103000,109.512000,6349.779000,1,29,f10fe835567c98ac88996d81daf2a41e23e1e9d46e6fe5fa9f51d2339f9c3f80,true,1,true,20.678133,51.534400,103.781333
fixed-window,fixed-w16k-zstd-3,random-1000-00023,random-1000,GRCh38,chr19,54818709,54819709,1000,100,262144,1,0,1,9003,9003,0,0,4560,0,1,1,9003,1588,6510,5.669395,1.382949,1.417000,37.770000,2052.844000,236.190000,10141.636000,1,103,50f73df09db8d4b28648ddf8303d4d9fa240b0af6ea6f0f1522841d7ae95b462,true,1,true,20.740080,51.720240,104.400800
fixed-window,fixed-w16k-zstd-3,random-1000-00024,random-1000,GRCh38,chr6,31509347,31510347,1000,100,262144,1,0,1,6388,6388,0,0,4560,0,1,1,6388,955,3444,6.689005,1.854820,2.604000,32.479000,1350.802000,118.590000,6100.815000,1,44,2b0f4079fc510da157b02685ab88e6263b88046ec03e2bda796c37b2fd0352f6,true,1,true,20.670347,51.511040,103.703467
fixed-window,fixed-w16k-zstd-3,random-1000-00025,random-1000,CHM13,chr19,18937374,18938374,1000,100,262144,1,0,1,42136,42136,0,0,4560,0,1,1,42136,3208,18478,13.134663,2.280333,2.297000,157.007000,12180.782000,1392.574000,86225.961000,1,369,dcb500b60f9c1ce622551e4c7821e53652e49d4883b198022c13e27284955990,true,1,true,21.623627,54.370880,113.236267
fixed-window,fixed-w16k-zstd-3,random-1000-00026,random-1000,CHM13,chr19,18928542,18929542,1000,100,262144,1,0,1,42136,42136,0,0,4560,0,1,1,42136,1361,5942,30.959589,7.091215,3.426000,160.064000,12803.390000,1014.076000,86584.772000,1,99,737cbcc2014184b5c4ffdcf3f6fe653ec45727d26f7605ce31dd04a55d88319c,true,1,true,21.623627,54.370880,113.236267
fixed-window,fixed-w16k-zstd-3,random-1000-00027,random-1000,CHM13,chr19,18933366,18934366,1000,100,262144,1,0,1,42136,42136,0,0,4560,0,1,1,42136,1151,4449,36.608167,9.470892,3.346000,159.465000,13352.577000,990.012000,88610.330000,1,66,7f8504c6e13f6a5133c8be8debce93cf214fdb5477b0d776dcfb53069ec6ea10,true,1,true,21.623627,54.370880,113.236267
fixed-window,fixed-w16k-zstd-3,random-1000-00028,random-1000,CHM13,chr6,31362297,31363297,1000,100,262144,1,0,1,6680,6680,0,0,4560,0,1,1,6680,983,3443,6.795524,1.940168,3.278000,34.002000,1355.628000,123.351000,6587.414000,1,42,cb0abb8190ffcc9bc261ee8ab967b7b3e3e3aa2e1e86325e9f29dbe919b2d4a0,true,1,true,20.678133,51.534400,103.781333
fixed-window,fixed-w16k-zstd-3,random-1000-00029,random-1000,GRCh38,chr6,31506359,31507359,1000,100,262144,1,0,1,21413,21413,0,0,4560,0,1,1,21413,998,3298,21.455912,6.492723,2.140000,93.290000,4585.765000,340.593000,33296.538000,2,38,c75f53088b0fe21e2c5cfde9fb2cc43f22948cf9baf34c05d617d87c69e2dd3b,true,2,true,21.071013,52.713040,107.710133
fixed-window,fixed-w16k-zstd-3,random-1000-00030,random-1000,GRCh38,chr19,54827474,54828474,1000,100,262144,1,0,1,42764,42764,0,0,4560,0,1,1,42764,3013,17163,14.193163,2.491639,3.262000,161.761000,13059.576000,1261.561000,88679.528000,1,339,434c8c007a70bc8328cab7ae255768d4aade24a9d3a0c7299c1dd3b08cf5ede0,true,1,true,21.640373,54.421120,113.403733
fixed-window,fixed-w16k-zstd-3,random-1000-00031,random-1000,GRCh38,chr19,54826908,54827908,1000,100,262144,1,0,1,42764,42764,0,0,4560,0,1,1,42764,3224,18595,13.264268,2.299758,3.395000,166.840000,13225.969000,1291.535000,89815.774000,1,370,46bebf37c37460b52500274bf67d3c93489f6721b76994b9173cb56c2769841b,true,1,true,21.640373,54.421120,113.403733
fixed-window,fixed-w16k-zstd-3,random-1000-00032,random-1000,GRCh38,chr6,31506225,31507225,1000,100,262144,1,0,1,21413,21413,0,0,4560,0,1,1,21413,981,3446,21.827727,6.213871,4.174000,95.378000,4595.526000,349.702000,33204.957000,2,44,f143f9c63857aca0f979433575e159f4d430ba313e66d2887bcfac0d09e8261d,true,2,true,21.071013,52.713040,107.710133
fixed-window,fixed-w16k-zstd-3,random-1000-00033,random-1000,GRCh38,chr6,31509336,31510336,1000,100,262144,1,0,1,6388,6388,0,0,4560,0,1,1,6388,995,3610,6.420101,1.769529,2.672000,30.442000,1267.582000,123.172000,6088.226000,1,47,be77edcc92a6db2da90cb91d5c5f8cbee7c766fefdca615e0cc31795af3293cd,true,1,true,20.670347,51.511040,103.703467
fixed-window,fixed-w16k-zstd-3,random-1000-00034,random-1000,GRCh38,chr19,54816603,54817603,1000,100,262144,1,0,1,9003,9003,0,0,4560,0,1,1,9003,1169,5478,7.701454,1.643483,2.794000,39.902000,1903.862000,224.641000,9950.983000,1,88,8d1b9444b93c4115cdd8124c79f543b83a6eb72e5df0ee059fd05f8309689902,true,1,true,20.740080,51.720240,104.400800
fixed-window,fixed-w16k-zstd-3,random-1000-00035,random-1000,CHM13,chr6,31362547,31363547,1000,100,262144,1,0,1,6680,6680,0,0,4560,0,1,1,6680,880,2862,7.590909,2.334032,2.462000,34.386000,1332.635000,116.113000,6465.526000,1,29,52ee3d9461214f3ca3a27c8194780279066c44f80902598da00d7f0e1d71fbfa,true,1,true,20.678133,51.534400,103.781333
fixed-window,fixed-w16k-zstd-3,random-1000-00036,random-1000,CHM13,chr19,18937052,18938052,1000,100,262144,1,0,1,42136,42136,0,0,4560,0,1,1,42136,3299,19361,12.772355,2.176334,2.256000,158.530000,12607.429000,1238.732000,87164.550000,1,387,8e7f2e29f1294f8d13b06118a22e4631c9d4585a97378aa1fbbcb54de2ca3406,true,1,true,21.623627,54.370880,113.236267
fixed-window,fixed-w16k-zstd-3,random-1000-00037,random-1000,CHM13,chr6,31360965,31361965,1000,100,262144,1,0,1,6680,6680,0,0,4560,0,1,1,6680,952,3503,7.016807,1.906937,4.733000,48.808000,1448.539000,126.407000,6659.085000,1,46,0f48090fd716f13aa361c0faa3dbc1eb66c9d9d112f2d7357f07770db5766a19,true,1,true,20.678133,51.534400,103.781333
fixed-window,fixed-w16k-zstd-3,random-1000-00038,random-1000,GRCh38,chr6,31504269,31505269,1000,100,262144,1,0,1,15025,15025,0,0,4560,0,1,1,15025,1736,7041,8.654954,2.133930,2.053000,58.645000,3388.670000,378.847000,27579.885000,1,116,c8924eadb5852613faccb05cb0e2c730d2c85c0b065b28808b04e142f1fb5113,true,1,true,20.900667,52.202000,106.006667
fixed-window,fixed-w16k-zstd-3,random-1000-00039,random-1000,GRCh38,chr6,31503747,31504747,1000,100,262144,1,0,1,15025,15025,0,0,4560,0,1,1,15025,1667,6788,9.013197,2.213465,3.398000,60.174000,3628.121000,351.095000,27902.322000,1,104,d760ccb8d56f875acce02f99a60c0960348f90d24c21092696628d450fa2be63,true,1,true,20.900667,52.202000,106.006667
fixed-window,fixed-w16k-zstd-3,random-1000-00040,random-1000,CHM13,chr19,18928411,18929411,1000,100,262144,1,0,1,42136,42136,0,0,4560,0,1,1,42136,1329,5748,31.705041,7.330550,3.766000,210.588000,12885.745000,1140.875000,88836.638000,1,94,aaa14d812eaffd378353a5f9e9794eaa56bed0a0d1a66c71e752e7351758a5c1,true,1,true,21.623627,54.370880,113.236267
fixed-window,fixed-w16k-zstd-3,random-1000-00041,random-1000,GRCh38,chr19,54823938,54824938,1000,100,262144,1,0,1,42764,42764,0,0,4560,0,1,1,42764,1268,5092,33.725552,8.398272,4.022000,161.550000,13337.085000,1042.485000,90164.052000,1,78,bbfa097240585e187c92d7dac38fa20ac2cbea04492bd704f87a15d9349ee5e0,true,1,true,21.640373,54.421120,113.403733
fixed-window,fixed-w16k-zstd-3,random-1000-00042,random-1000,CHM13,chr19,18939757,18940757,1000,100,262144,1,0,1,52780,52780,0,0,4560,0,1,1,52780,3577,20268,14.755382,2.604105,3.458000,209.009000,15398.392000,1429.537000,102025.538000,2,405,fe4e657ec0b68a9a0791087e5c51dab0eca123f20e6c5cf2f2344307e49782e9,true,2,true,21.907467,55.222400,116.074667
fixed-window,fixed-w16k-zstd-3,random-1000-00043,random-1000,CHM13,chr6,31359247,31360247,1000,100,262144,1,0,1,6680,6680,0,0,4560,0,1,1,6680,892,2986,7.488789,2.237106,2.902000,33.226000,1345.423000,163.564000,6968.468000,1,35,5978b133643345de4fab9334f39ef6bd3f4449855b0424631f4b1c333b221343,true,1,true,20.678133,51.534400,103.781333
fixed-window,fixed-w16k-zstd-3,random-1000-00044,random-1000,GRCh38,chr19,54827982,54828982,1000,100,262144,1,0,1,42764,42764,0,0,4560,0,1,1,42764,3551,17730,12.042805,2.411957,2.476000,166.500000,13440.318000,1244.249000,91938.116000,1,323,8c99fea0a8e8d49f05f2e96cb7587fb4b74f7f3c99ff78f2c948e15d69843e6e,true,1,true,21.640373,54.421120,113.403733
fixed-window,fixed-w16k-zstd-3,random-1000-00045,random-1000,GRCh38,chr6,31502847,31503847,1000,100,262144,1,0,1,15025,15025,0,0,4560,0,1,1,15025,933,3238,16.103966,4.640210,3.290000,59.769000,3301.766000,292.479000,27264.982000,1,40,327d9589a9b7daab0e6741544fffbe866875f100c978001aa1d4f0d38520e742,true,1,true,20.900667,52.202000,106.006667
fixed-window,fixed-w16k-zstd-3,random-1000-00046,random-1000,CHM13,chr19,18934643,18935643,1000,100,262144,1,0,1,42136,42136,0,0,4560,0,1,1,42136,1251,5142,33.681855,8.194477,2.759000,157.814000,12232.659000,992.834000,86740.274000,1,82,5fd745a6b07df745aa57010567ca52f8e78f30cb93678818fecdecf96d2a22b3,true,1,true,21.623627,54.370880,113.236267
fixed-window,fixed-w16k-zstd-3,random-1000-00047,random-1000,CHM13,chr6,31358345,31359345,1000,100,262144,1,0,1,21451,21451,0,0,4560,0,1,1,21451,995,3592,21.558794,5.971882,3.612000,93.745000,4694.090000,554.222000,34712.541000,2,46,9eacd203c3cc557383a098ea3f078d25fda9b62aedd293c683491fd791f1ac8c,true,2,true,21.072027,52.716080,107.720267
fixed-window,fixed-w16k-zstd-3,random-1000-00048,random-1000,GRCh38,chr19,54826949,54827949,1000,100,262144,1,0,1,42764,42764,0,0,4560,0,1,1,42764,3170,18169,13.490221,2.353679,3.312000,162.055000,14227.191000,1277.851000,91686.877000,1,361,6ad7894be200e25c418a98ac6835bc587743b2edaeacc6430903fdfb9af1ad57,true,1,true,21.640373,54.421120,113.403733
fixed-window,fixed-w16k-zstd-3,random-1000-00049,random-1000,CHM13,chr6,31353875,31354875,1000,100,262144,1,0,1,14771,14771,0,0,4560,0,1,1,14771,1068,4006,13.830524,3.687219,3.108000,58.569000,3310.971000,314.117000,26871.139000,1,55,3f317af10d51dba1ac4b8bc6d479a5e8b050745f812a4aeff5ba44e1d186464d,true,1,true,20.893893,52.181680,105.938933
fixed-window,fixed-w16k-zstd-3,random-10000-00000,random-10000,CHM13,chr19,18927515,18937515,10000,100,262144,1,0,1,42136,42136,0,0,4560,0,1,1,42136,11470,57442,3.673583,0.733540,2.698000,159.505000,12490.941000,1919.180000,87611.754000,1,1004,fb7050feafcc060c124333febc078309dd675f439a2f7ca3ad74965dfc2ae19d,true,1,true,21.623627,54.370880,113.236267
fixed-window,fixed-w16k-zstd-3,random-10000-00001,random-10000,CHM13,chr19,18927048,18937048,10000,100,262144,1,0,1,42136,42136,0,0,4560,0,1,1,42136,10955,54457,3.846280,0.773748,2.647000,158.394000,12821.254000,1874.253000,88397.183000,1,939,023de33c74ae01ecce6f5f39e85fcb6bfc4b5321f0c1d07915d9234f16fd4fab,true,1,true,21.623627,54.370880,113.236267
fixed-window,fixed-w16k-zstd-3,random-10000-00002,random-10000,GRCh38,chr6,31499564,31509564,10000,100,262144,1,0,1,21413,21413,0,0,4560,0,1,1,21413,8132,34402,2.633178,0.622435,2.722000,93.696000,4754.192000,820.019000,34878.995000,2,509,f494e39fabd124ec5ed21c30ce7135582d6e618c2fd9bfa3f4a65bdcaf487fea,true,2,true,21.071013,52.713040,107.710133
fixed-window,fixed-w16k-zstd-3,random-10000-00003,random-10000,CHM13,chr6,31353211,31363211,10000,100,262144,1,0,1,21451,21451,0,0,4560,0,1,1,21451,8171,34227,2.625260,0.626727,3.085000,92.494000,4743.703000,803.820000,34185.991000,2,501,29fcf7da0387da1f2001f5c4a997ede87538f752ece77d2dc8d82168b259bfd8,true,2,true,21.072027,52.716080,107.720267
fixed-window,fixed-w16k-zstd-3,random-10000-00004,random-10000,CHM13,chr6,31351115,31361115,10000,100,262144,1,0,1,21451,21451,0,0,4560,0,1,1,21451,8652,37259,2.479311,0.575727,2.758000,92.688000,4958.142000,877.579000,35487.666000,2,563,e14a61445be1e6ff648be16758424cc6df3c4fdfbec13367ceff70723b0bbb88,true,2,true,21.072027,52.716080,107.720267
fixed-window,fixed-w16k-zstd-3,random-10000-00005,random-10000,GRCh38,chr6,31500727,31510727,10000,100,262144,1,0,1,21413,21413,0,0,4560,0,1,1,21413,8129,34058,2.634149,0.628722,3.222000,92.972000,4573.647000,799.093000,33547.926000,2,497,af67385fc51498673c70fe03cfcbc012be8be89d0e599de7b43af702acaf6e3d,true,2,true,21.071013,52.713040,107.710133
fixed-window,fixed-w16k-zstd-3,random-10000-00006,random-10000,CHM13,chr19,18927710,18937710,10000,100,262144,1,0,1,42136,42136,0,0,4560,0,1,1,42136,12140,61610,3.470840,0.683915,2.738000,157.437000,14469.998000,2018.113000,91002.293000,1,1089,44f2d6cb38a29cb8bcd9c92583a533515cfdfba96c7e68b91598a7666a649102,true,1,true,21.623627,54.370880,113.236267
fixed-window,fixed-w16k-zstd-3,random-10000-00007,random-10000,GRCh38,chr19,54819693,54829693,10000,100,262144,1,0,1,51767,51767,0,0,4560,0,1,1,51767,16591,87760,3.120186,0.589870,4.130000,207.570000,15355.134000,2753.067000,104410.721000,2,1630,2e8920af64b513a565f0b86c813644ab6724f64155a7226afee9b07aa04219db,true,2,true,21.880453,55.141360,115.804533
fixed-window,fixed-w16k-zstd-3,random-10000-00008,random-10000,GRCh38,chr19,54817489,54827489,10000,100,262144,1,0,1,51767,51767,0,0,4560,0,1,1,51767,12504,63612,4.140035,0.813793,3.438000,204.058000,15253.463000,2222.207000,101278.763000,2,1136,bc18deaad878165d935da1663f5cbfa4acbc72a24b6bec2a71315507ffa399a2,true,2,true,21.880453,55.141360,115.804533
fixed-window,fixed-w16k-zstd-3,random-10000-00009,random-10000,CHM13,chr6,31353418,31363418,10000,100,262144,1,0,1,21451,21451,0,0,4560,0,1,1,21451,8319,34682,2.578555,0.618505,2.668000,95.419000,4698.362000,934.025000,34498.996000,2,504,b9bc0d7e6a4a4f91f3671f8623c9283ca8c27437e645f28fa7aec0c6c27b6c1a,true,2,true,21.072027,52.716080,107.720267
fixed-window,fixed-w16k-zstd-3,random-10000-00010,random-10000,CHM13,chr6,31352971,31362971,10000,100,262144,1,0,1,21451,21451,0,0,4560,0,1,1,21451,8351,35191,2.568674,0.609559,3.401000,92.210000,4717.215000,824.238000,34249.181000,2,516,8dca2f312e0ef50ab8af5072fd67a1d92c9a36f77abdeb33a59f88dc3e4d8244,true,2,true,21.072027,52.716080,107.720267
fixed-window,fixed-w16k-zstd-3,random-10000-00011,random-10000,GRCh38,chr19,54818493,54828493,10000,100,262144,1,0,1,51767,51767,0,0,4560,0,1,1,51767,14008,73746,3.695531,0.701963,3.814000,202.934000,15195.828000,2482.708000,102561.004000,2,1353,41d025ae95d7ca07ef3a19a623830dc29f8643d5ee600059088b608507d30e5a,true,2,true,21.880453,55.141360,115.804533
fixed-window,fixed-w16k-zstd-3,random-10000-00012,random-10000,GRCh38,chr19,54818964,54828964,10000,100,262144,1,0,1,51767,51767,0,0,4560,0,1,1,51767,15402,79342,3.361057,0.652454,3.558000,203.828000,15433.218000,2590.014000,105531.994000,2,1443,9b1c1123039876c6241e4a4da0e047869ee14d094c6dee676282fe9d40af0d46,true,2,true,21.880453,55.141360,115.804533
fixed-window,fixed-w16k-zstd-3,random-10000-00013,random-10000,CHM13,chr6,31351555,31361555,10000,100,262144,1,0,1,21451,21451,0,0,4560,0,1,1,21451,8288,35277,2.588200,0.608073,3.559000,95.119000,7531.258000,833.746000,49054.079000,2,524,847eb62608809ff67dc4211f8bf09f10c59f351eebd11240a02f3c512cfbead1,true,2,true,21.072027,52.716080,107.720267
fixed-window,fixed-w16k-zstd-3,random-10000-00014,random-10000,CHM13,chr6,31352241,31362241,10000,100,262144,1,0,1,21451,21451,0,0,4560,0,1,1,21451,8058,34005,2.662075,0.630819,2.527000,93.423000,4635.405000,801.358000,33269.916000,2,501,10c6602d35679da6a9faa7a00f2f7e349a9add21a37e277d3647616b3221ae0e,true,2,true,21.072027,52.716080,107.720267
fixed-window,fixed-w16k-zstd-3,random-10000-00015,random-10000,GRCh38,chr6,31500220,31510220,10000,100,262144,1,0,1,21413,21413,0,0,4560,0,1,1,21413,8259,34888,2.592687,0.613764,3.834000,91.223000,4602.862000,817.990000,34528.630000,2,514,819a628f285e970cfca2db7d503d8b2ece36325758bee5bf9a059ec7f86a36ef,true,2,true,21.071013,52.713040,107.710133
fixed-window,fixed-w16k-zstd-3,random-10000-00016,random-10000,GRCh38,chr6,31498515,31508515,10000,100,262144,1,0,1,21413,21413,0,0,4560,0,1,1,21413,8705,37584,2.459851,0.569737,2.693000,93.529000,4627.055000,869.908000,34577.774000,2,568,5a7ad96aa91c3cd95c61a98b33a1c5f1b024a7cc17725b6d52e3610749690b55,true,2,true,21.071013,52.713040,107.710133
fixed-window,fixed-w16k-zstd-3,random-10000-00017,random-10000,CHM13,chr19,18927173,18937173,10000,100,262144,1,0,1,42136,42136,0,0,4560,0,1,1,42136,11119,55279,3.789549,0.762242,4.480000,204.821000,12941.203000,1933.857000,89290.220000,1,955,57ec57fc0db92f6174aeff1e27a852cb6b3ed40908214d7137435fcf61fcaca7,true,1,true,21.623627,54.370880,113.236267
fixed-window,fixed-w16k-zstd-3,random-10000-00018,random-10000,GRCh38,chr19,54819485,54829485,10000,100,262144,1,0,1,51767,51767,0,0,4560,0,1,1,51767,16275,85696,3.180768,0.604077,5.088000,220.139000,15539.530000,2701.946000,103607.798000,2,1587,4bc80df69acefc62584319f8168ed476a74c598397e56eedf11da0d0f70d2e0f,true,2,true,21.880453,55.141360,115.804533
fixed-window,fixed-w16k-zstd-3,random-10000-00019,random-10000,GRCh38,chr19,54819535,54829535,10000,100,262144,1,0,1,51767,51767,0,0,4560,0,1,1,51767,16229,85454,3.189784,0.605788,3.494000,211.441000,15092.683000,2708.657000,102836.258000,2,1582,bcd2c5b89765dcc3506c48e927dd1f95beb3cf2cf59b60554eed6e5a1216c60a,true,2,true,21.880453,55.141360,115.804533
fixed-window,fixed-w16k-zstd-3,random-10000-00020,random-10000,GRCh38,chr19,54817554,54827554,10000,100,262144,1,0,1,51767,51767,0,0,4560,0,1,1,51767,12725,65040,4.068134,0.795926,3.552000,205.774000,15469.115000,2302.052000,102366.712000,2,1165,2def0ee5af1588ea7867041e32b37bbd2450930dd3f26c3aa8edbc25fe39a187,true,2,true,21.880453,55.141360,115.804533
fixed-window,fixed-w16k-zstd-3,random-10000-00021,random-10000,CHM13,chr19,18929552,18939552,10000,100,262144,1,0,1,42136,42136,0,0,4560,0,1,1,42136,15635,81039,2.694979,0.519947,3.419000,159.490000,12361.398000,2445.097000,87385.777000,1,1480,8bf02e532bc1b8576fda62e2d3b647b1eee84a25a2a1edfe2692adea8a58d7c8,true,1,true,21.623627,54.370880,113.236267
fixed-window,fixed-w16k-zstd-3,random-10000-00022,random-10000,GRCh38,chr19,54820740,54830740,10000,100,262144,1,0,1,51767,51767,0,0,4560,0,1,1,51767,18801,101972,2.753417,0.507659,3.529000,206.553000,14797.706000,3214.770000,101389.571000,2,1934,f40144c51d78158c2d8a0877880114b254a38a93fe47e1715a06f7176815dfb2,true,2,true,21.880453,55.141360,115.804533
fixed-window,fixed-w16k-zstd-3,random-10000-00023,random-10000,GRCh38,chr19,54818932,54828932,10000,100,262144,1,0,1,51767,51767,0,0,4560,0,1,1,51767,15290,78641,3.385677,0.658270,3.068000,214.194000,14882.998000,2551.417000,100597.528000,2,1429,eb8de91e331628dac36e25b9fa50b69ea33976b570fa3f099b08df9a47068613,true,2,true,21.880453,55.141360,115.804533
fixed-window,fixed-w16k-zstd-3,random-10000-00024,random-10000,CHM13,chr6,31351872,31361872,10000,100,262144,1,0,1,21451,21451,0,0,4560,0,1,1,21451,8162,34759,2.628155,0.617135,3.870000,94.703000,4633.405000,826.430000,33350.067000,2,517,46ee61538a1a54759235a1873727599a5868d9ea0ca96369165a52e7f4643c1d,true,2,true,21.072027,52.716080,107.720267
fixed-window,fixed-w16k-zstd-3,random-10000-00025,random-10000,CHM13,chr19,18928033,18938033,10000,100,262144,1,0,1,42136,42136,0,0,4560,0,1,1,42136,12778,65375,3.297543,0.644528,3.266000,156.916000,12262.763000,2101.593000,87268.523000,1,1172,f419bc07f88f53cb87250fc08dd8c99a6a817b07172b7fcff1087918fcb94bb9,true,1,true,21.623627,54.370880,113.236267
fixed-window,fixed-w16k-zstd-3,random-10000-00026,random-10000,CHM13,chr19,18929766,18939766,10000,100,262144,1,0,1,42136,42136,0,0,4560,0,1,1,42136,16163,84267,2.606942,0.500030,3.801000,159.222000,13086.478000,2468.433000,89590.130000,1,1549,083c50cf3eaa6dbae11218d0ad158e39085a0f9ab53242e8c9276d9d09e4a902,true,1,true,21.623627,54.370880,113.236267
fixed-window,fixed-w16k-zstd-3,random-10000-00027,random-10000,GRCh38,chr19,54818824,54828824,10000,100,262144,1,0,1,51767,51767,0,0,4560,0,1,1,51767,15033,77427,3.443558,0.668591,3.381000,203.542000,14930.510000,2512.256000,100250.005000,2,1402,3f3dc9323559e679dec3aa90a6cd0d6f32b722c0edb02878f85c7147b220a151,true,2,true,21.880453,55.141360,115.804533
fixed-window,fixed-w16k-zstd-3,random-10000-00028,random-10000,GRCh38,chr6,31500466,31510466,10000,100,262144,1,0,1,21413,21413,0,0,4560,0,1,1,21413,8193,34378,2.613573,0.622869,3.636000,98.890000,4680.789000,822.953000,33554.689000,2,504,1aae841166593d23a6a7f739f1a1bc749a54a056b1e37d3a5d25d94bf5149a22,true,2,true,21.071013,52.713040,107.710133
fixed-window,fixed-w16k-zstd-3,random-10000-00029,random-10000,GRCh38,chr19,54819488,54829488,10000,100,262144,1,0,1,51767,51767,0,0,4560,0,1,1,51767,16275,85696,3.180768,0.604077,3.112000,201.152000,14822.020000,2737.316000,100821.823000,2,1587,389db2da30f2663146c5ea0f413adf0067134725625f4e1288bb2be31ce448cb,true,2,true,21.880453,55.141360,115.804533
fixed-window,fixed-w16k-zstd-3,random-10000-00030,random-10000,CHM13,chr19,18929211,18939211,10000,100,262144,1,0,1,42136,42136,0,0,4560,0,1,1,42136,14944,76593,2.819593,0.550129,3.374000,161.402000,12482.418000,2596.310000,90253.117000,1,1385,b74d7d1b4dbb42a06518b394ddadad8f90f27e2927e94063c3929335c4685ca4,true,1,true,21.623627,54.370880,113.236267
fixed-window,fixed-w16k-zstd-3,random-10000-00031,random-10000,GRCh38,chr19,54818293,54828293,10000,100,262144,1,0,1,51767,51767,0,0,4560,0,1,1,51767,13841,72397,3.740120,0.715043,2.917000,204.087000,14911.286000,2535.394000,102656.248000,2,1323,fe0d874462aaf8c4e61824ab520900f995906ff2456dedd3fdb039da61a5eab2,true,2,true,21.880453,55.141360,115.804533
fixed-window,fixed-w16k-zstd-3,random-10000-00032,random-10000,GRCh38,chr6,31498328,31508328,10000,100,262144,1,0,1,21413,21413,0,0,4560,0,1,1,21413,8742,37526,2.449439,0.570618,3.062000,96.188000,4827.002000,901.632000,34411.489000,2,566,c97044eb49ee8253512cf81655f948a1bf875f2ef6b53cac35bb31292dcada4c,true,2,true,21.071013,52.713040,107.710133
fixed-window,fixed-w16k-zstd-3,random-10000-00033,random-10000,CHM13,chr19,18928926,18938926,10000,100,262144,1,0,1,42136,42136,0,0,4560,0,1,1,42136,13963,73325,3.017690,0.574647,2.853000,158.575000,12678.444000,2332.264000,88681.717000,1,1344,024632fd2282a8776dfef268db714389f6df985fd644df50343881f0357c87fd,true,1,true,21.623627,54.370880,113.236267
fixed-window,fixed-w16k-zstd-3,random-10000-00034,random-10000,GRCh38,chr19,54817527,54827527,10000,100,262144,1,0,1,51767,51767,0,0,4560,0,1,1,51767,12616,64317,4.103282,0.804873,3.623000,204.216000,15094.298000,2329.916000,100548.498000,2,1150,214233624f9ebebcd11c15c08bcc21afdafd2e1124fbf21852c268fa52db1807,true,2,true,21.880453,55.141360,115.804533
fixed-window,fixed-w16k-zstd-3,random-10000-00035,random-10000,CHM13,chr19,18930705,18940705,10000,100,262144,1,0,1,52780,52780,0,0,4560,0,1,1,52780,17656,94802,2.989352,0.556739,3.447000,209.509000,15696.404000,2880.914000,103147.650000,2,1782,6aa2ba257693dace3856e9dcd68f3fe97bb4b949cce960586f60119a4b974aa6,true,2,true,21.907467,55.222400,116.074667
fixed-window,fixed-w16k-zstd-3,random-10000-00036,random-10000,GRCh38,chr19,54819606,54829606,10000,100,262144,1,0,1,51767,51767,0,0,4560,0,1,1,51767,16429,86556,3.150953,0.598075,3.186000,203.182000,15230.256000,2692.741000,101155.715000,2,1604,cc686aff278d90fc84d361ecce38a1cdc02a0464bf632dff1652d57578be14d0,true,2,true,21.880453,55.141360,115.804533
fixed-window,fixed-w16k-zstd-3,random-10000-00037,random-10000,GRCh38,chr19,54816668,54826668,10000,100,262144,1,0,1,51767,51767,0,0,4560,0,1,1,51767,11066,55013,4.678023,0.940996,3.562000,204.820000,16445.635000,2037.800000,102831.725000,2,949,383a0552799f56d3864bb07446ca0ac31bf58e121f84cb6f28c8fc155978447f,true,2,true,21.880453,55.141360,115.804533
fixed-window,fixed-w16k-zstd-3,random-10000-00038,random-10000,GRCh38,chr19,54820649,54830649,10000,100,262144,1,0,1,51767,51767,0,0,4560,0,1,1,51767,18754,101746,2.760318,0.508787,3.441000,208.956000,15193.665000,3083.604000,100903.892000,2,1930,e22a4454f968a4adbd516e922087907b936dce29ccdf06906b1cda5a23825d1a,true,2,true,21.880453,55.141360,115.804533
fixed-window,fixed-w16k-zstd-3,random-10000-00039,random-10000,GRCh38,chr19,54818384,54828384,10000,100,262144,1,0,1,51767,51767,0,0,4560,0,1,1,51767,13946,72892,3.711960,0.710188,3.090000,209.264000,15168.786000,2472.055000,100275.526000,2,1332,fe2376a376c2c74da42df879939bbefa5357f07a246c7c41a6dc71f1e77f9341,true,2,true,21.880453,55.141360,115.804533
fixed-window,fixed-w16k-zstd-3,random-10000-00040,random-10000,CHM13,chr19,18930520,18940520,10000,100,262144,1,0,1,52780,52780,0,0,4560,0,1,1,52780,17378,93034,3.037173,0.567319,3.209000,219.517000,16082.989000,2835.036000,103390.108000,2,1743,401c5bf716699adc4aa197d5dc4edc4dbf512e05a87ecc10b66742d3a0909c7a,true,2,true,21.907467,55.222400,116.074667
fixed-window,fixed-w16k-zstd-3,random-10000-00041,random-10000,GRCh38,chr19,54817653,54827653,10000,100,262144,1,0,1,51767,51767,0,0,4560,0,1,1,51767,12838,65412,4.032326,0.791399,2.833000,206.135000,15564.015000,2372.951000,101276.469000,2,1174,ec127182b480469b233e662ec827aab0cb7b4d0794fd69cd19c080acc3dd7b78,true,2,true,21.880453,55.141360,115.804533
fixed-window,fixed-w16k-zstd-3,random-10000-00042,random-10000,CHM13,chr19,18928104,18938104,10000,100,262144,1,0,1,42136,42136,0,0,4560,0,1,1,42136,12805,65302,3.290590,0.645248,3.463000,164.353000,14441.080000,2115.474000,91762.708000,1,1172,50fa90d69eafae1fb16c829e7e62f95c051352e3ab5f42bb66b868d9c23361c7,true,1,true,21.623627,54.370880,113.236267
fixed-window,fixed-w16k-zstd-3,random-10000-00043,random-10000,GRCh38,chr19,54819543,54829543,10000,100,262144,1,0,1,51767,51767,0,0,4560,0,1,1,51767,16248,85533,3.186054,0.605228,3.787000,205.967000,15273.243000,2707.126000,101637.761000,2,1584,86381dfd585ff68407e07073382c6495eec264c697b260913503bc26a48c0c41,true,2,true,21.880453,55.141360,115.804533
fixed-window,fixed-w16k-zstd-3,random-10000-00044,random-10000,CHM13,chr19,18929474,18939474,10000,100,262144,1,0,1,42136,42136,0,0,4560,0,1,1,42136,15442,80101,2.728662,0.526036,2.752000,158.491000,13271.821000,2374.863000,88248.276000,1,1460,03928ffd2ce9e40a1824e64e7037f3d346740cf58028d95398514d279ec20151,true,1,true,21.623627,54.370880,113.236267
fixed-window,fixed-w16k-zstd-3,random-10000-00045,random-10000,GRCh38,chr6,31500088,31510088,10000,100,262144,1,0,1,21413,21413,0,0,4560,0,1,1,21413,8260,34888,2.592373,0.613764,3.419000,91.711000,4624.433000,897.406000,34387.349000,2,514,62d6d86d62cee3f919da0776df15270c2f3f844c9bd2f0f1eb215865bf818b49,true,2,true,21.071013,52.713040,107.710133
fixed-window,fixed-w16k-zstd-3,random-10000-00046,random-10000,CHM13,chr19,18930267,18940267,10000,100,262144,1,0,1,52780,52780,0,0,4560,0,1,1,52780,16854,89242,3.131601,0.591426,8.236000,207.646000,15642.933000,2744.322000,104807.032000,2,1660,2267ea3aa9109c9477496e04fcf4b52de76ec9d833925b8e30d42189cba23287,true,2,true,21.907467,55.222400,116.074667
fixed-window,fixed-w16k-zstd-3,random-10000-00047,random-10000,GRCh38,chr19,54817811,54827811,10000,100,262144,1,0,1,51767,51767,0,0,4560,0,1,1,51767,13122,67319,3.945054,0.768981,3.492000,204.633000,15151.130000,2295.923000,101657.937000,2,1214,7aa84bcb64aa88f155e84dcc7bedcd1bac0a4b0bacb37e4284e8ce9fbdd3c7eb,true,2,true,21.880453,55.141360,115.804533
fixed-window,fixed-w16k-zstd-3,random-10000-00048,random-10000,GRCh38,chr6,31499038,31509038,10000,100,262144,1,0,1,21413,21413,0,0,4560,0,1,1,21413,8224,34898,2.603721,0.613588,3.058000,95.449000,4771.763000,1028.713000,35343.689000,2,517,dc690a2bdcf1416ce4aec85c6c2d5123ebb99ed2f5a947b8bc76d93be8bdad8e,true,2,true,21.071013,52.713040,107.710133
fixed-window,fixed-w16k-zstd-3,random-10000-00049,random-10000,GRCh38,chr19,54820051,54830051,10000,100,262144,1,0,1,51767,51767,0,0,4560,0,1,1,51767,17388,93036,2.977168,0.556419,2.894000,211.570000,15530.673000,2889.239000,103256.299000,2,1743,888e583ec4044eb718e700217dc3aa26cff29d7b1f8e987b60d3c334a3156d33,true,2,true,21.880453,55.141360,115.804533
fixed-window,fixed-w16k-zstd-3,hard-micb,hard-MICB,GRCh38,chr6,31498145,31511124,12979,100,1048576,2,0,2,37797,37797,0,16384,4560,0,1,0,21413,10447,44599,3.617976,0.847485,5.839000,113.116000,4728.192000,982.052000,34523.787000,2,659,8e081a9b2bd2c24f31488efede2c5cac53abf60820c089097221acc1290f8adc,true,2,true,42.007920,105.023760,214.079200
fixed-window,fixed-w16k-zstd-3,hard-kir3dl1,hard-KIR3DL1,GRCh38,chr19,54816436,54830779,14343,100,1048576,2,0,2,52327,52327,0,0,4560,560,1,0,51767,22636,120266,2.311672,0.435094,43.429000,204.672000,15374.421000,3455.016000,103579.966000,2,2231,4ea78c112a6194e6d835e5c8086e9a844301bc2506f64319ff8e3933129e3576,true,2,true,42.395387,106.186160,217.953867
fixed-window,fixed-w16k-zstd-3,random-1000-00000,random-1000,GRCh38,chr19,54818630,54819630,1000,100,1048576,1,0,1,9003,9003,0,0,4560,0,1,1,9003,1676,7029,5.371718,1.280837,4.502000,43.555000,1918.354000,294.668000,10005.487000,1,112,f21fab27451d364acf245269653174a191300b494e96b54b0833f384dec1654e,true,1,true,20.740080,51.720240,104.400800
fixed-window,fixed-w16k-zstd-3,random-1000-00001,random-1000,CHM13,chr6,31354488,31355488,1000,100,1048576,1,0,1,14771,14771,0,0,4560,0,1,0,14771,1022,3756,14.453033,3.932641,11.881000,58.383000,3306.808000,299.942000,26519.830000,1,51,2447bd29dea7507b24435be4e1f0dcafc123db5c22684e2cf2096a36c139ec1e,true,1,true,20.893893,52.181680,105.938933
fixed-window,fixed-w16k-zstd-3,random-1000-00002,random-1000,CHM13,chr19,18939211,18940211,1000,100,1048576,1,0,1,52780,52780,0,0,4560,0,1,0,52780,4298,21923,12.280130,2.407517,19.114000,209.509000,15630.534000,1411.602000,102214.782000,2,412,3e982b3a553dc5b3d7b83901c689f383e63d6000097717e85e2f5afdb5192706,true,2,true,21.907467,55.222400,116.074667
fixed-window,fixed-w16k-zstd-3,random-1000-00003,random-1000,CHM13,chr19,18930672,18931672,1000,100,1048576,1,0,1,42136,42136,0,0,4560,0,1,1,42136,1139,4616,36.993854,9.128250,2.848000,176.692000,12575.791000,961.097000,88439.056000,1,67,d88524bb9bd53965452a6fdfdfaca36e69637c0a0a7e1447181e9503f9607acd,true,1,true,21.623627,54.370880,113.236267
fixed-window,fixed-w16k-zstd-3,random-1000-00004,random-1000,GRCh38,chr6,31509956,31510956,1000,100,1048576,1,0,1,6388,6388,0,0,4560,0,1,1,6388,765,2360,8.350327,2.706780,4.014000,32.291000,1255.825000,97.308000,6251.606000,1,20,1c1a167ced92512debed8733e3fe2ea5a8b46d0a38f1fe7704acde851e043a42,true,1,true,20.670347,51.511040,103.703467
fixed-window,fixed-w16k-zstd-3,random-1000-00005,random-1000,GRCh38,chr6,31505046,31506046,1000,100,1048576,1,0,1,15025,15025,0,0,4560,0,1,1,15025,1243,5361,12.087691,2.802649,2.121000,57.802000,3291.856000,342.185000,28038.999000,1,87,b16bd64dfb37da12be238f5c2f42749d3bbdcae06c46372d97d8a04cc96d0532,true,1,true,20.900667,52.202000,106.006667
fixed-window,fixed-w16k-zstd-3,random-1000-00006,random-1000,GRCh38,chr19,54823280,54824280,1000,100,1048576,1,0,1,42764,42764,0,0,4560,0,1,1,42764,1195,4771,35.785774,8.963320,4.126000,162.107000,13444.731000,1044.181000,91303.125000,1,70,8af32f33cbd815e55e00b72c09e1f57fa985ea5e283021aa879dac074b4dd65a,true,1,true,21.640373,54.421120,113.403733
fixed-window,fixed-w16k-zstd-3,random-1000-00007,random-1000,GRCh38,chr6,31503327,31504327,1000,100,1048576,1,0,1,15025,15025,0,0,4560,0,1,1,15025,1482,6283,10.138327,2.391374,3.118000,59.339000,3362.840000,351.140000,27206.674000,1,97,a386baf9e9a06d123e16fe449402d8ded071113755c71f6243b96704c5d0abe2,true,1,true,20.900667,52.202000,106.006667
fixed-window,fixed-w16k-zstd-3,random-1000-00008,random-1000,GRCh38,chr19,54826165,54827165,1000,100,1048576,1,0,1,42764,42764,0,0,4560,0,1,1,42764,3284,19664,13.021924,2.174736,4.031000,165.459000,13911.623000,1466.462000,91393.210000,1,393,55a8837a6adf6e482198368d1bcd70afcc5e9bd57720401921c950f15f7a009a,true,1,true,21.640373,54.421120,113.403733
fixed-window,fixed-w16k-zstd-3,random-1000-00009,random-1000,GRCh38,chr19,54825783,54826783,1000,100,1048576,1,0,1,42764,42764,0,0,4560,0,1,1,42764,2858,16787,14.962911,2.547447,10.477000,162.027000,13616.020000,1272.878000,92333.586000,1,331,1d3b298a866c8e949a53bf36b7c547fc147c28115237ab0dc9d030a2a1d75ed3,true,1,true,21.640373,54.421120,113.403733
fixed-window,fixed-w16k-zstd-3,random-1000-00010,random-1000,GRCh38,chr19,54824197,54825197,1000,100,1048576,1,0,1,42764,42764,0,0,4560,0,1,1,42764,1298,5319,32.946071,8.039857,10.236000,162.474000,13364.603000,1066.043000,90344.087000,1,85,fb56c0861903d95e47927e7a7fa7f61332a1728038bfe7cee35547dd3d1ea072,true,1,true,21.640373,54.421120,113.403733
fixed-window,fixed-w16k-zstd-3,random-1000-00011,random-1000,GRCh38,chr6,31508687,31509687,1000,100,1048576,1,0,1,6388,6388,0,0,4560,0,1,1,6388,1003,3894,6.368893,1.640473,2.951000,32.487000,1268.180000,134.974000,6262.966000,1,55,dc9cd79cc8c2b2709821938d0034de843cdb5ebef91eec3a92fd8cd6b0fdad64,true,1,true,20.670347,51.511040,103.703467
fixed-window,fixed-w16k-zstd-3,random-1000-00012,random-1000,GRCh38,chr6,31498578,31499578,1000,100,1048576,1,0,1,15025,15025,0,0,4560,0,1,1,15025,1470,5735,10.221088,2.619878,2.094000,57.126000,3296.942000,341.136000,27031.179000,1,89,c403eef14917e6b686762197dc194e4a6d821914e2b1ffc4fb9bd90b0cbf56fa,true,1,true,20.900667,52.202000,106.006667
fixed-window,fixed-w16k-zstd-3,random-1000-00013,random-1000,CHM13,chr19,18934804,18935804,1000,100,1048576,1,0,1,42136,42136,0,0,4560,0,1,1,42136,1572,6706,26.804071,6.283328,3.003000,158.229000,13043.632000,984.365000,88773.543000,1,111,ad32c7d856071f94810c9ebc737bd0992ddc4138205c417989624a16e1a46b82,true,1,true,21.623627,54.370880,113.236267
fixed-window,fixed-w16k-zstd-3,random-1000-00014,random-1000,GRCh38,chr19,54818543,54819543,1000,100,1048576,1,0,1,9003,9003,0,0,4560,0,1,1,9003,1793,7488,5.021194,1.202324,2.832000,42.794000,2017.521000,249.386000,10091.942000,1,121,abe68b07da4cac926944b03ae52a1af3a8669b9bb42af99f19a6d98b110b5fe8,true,1,true,20.740080,51.720240,104.400800
fixed-window,fixed-w16k-zstd-3,random-1000-00015,random-1000,GRCh38,chr19,54822995,54823995,1000,100,1048576,1,0,1,42764,42764,0,0,4560,0,1,1,42764,1181,4578,36.209992,9.341197,2.792000,159.924000,13751.185000,1025.780000,90011.763000,1,66,8a72e0b887900afc82aee886713646137a29ee3dc80654cff7810b6b509fa039,true,1,true,21.640373,54.421120,113.403733
fixed-window,fixed-w16k-zstd-3,random-1000-00016,random-1000,GRCh38,chr6,31500086,31501086,1000,100,1048576,1,0,1,15025,15025,0,0,4560,0,1,1,15025,1091,4071,13.771769,3.690739,3.391000,58.466000,3371.469000,304.240000,26975.996000,1,54,6d8ebae6f424d9f114ac82ef6e6470e27d0c410db2125b4ff92d6c78ec11ddb8,true,1,true,20.900667,52.202000,106.006667
fixed-window,fixed-w16k-zstd-3,random-1000-00017,random-1000,CHM13,chr19,18935132,18936132,1000,100,1048576,1,0,1,42136,42136,0,0,4560,0,1,1,42136,1760,8280,23.940909,5.088889,3.444000,158.701000,12357.223000,1084.765000,85245.438000,1,149,7e39334d82950ad46a7dded8c04e5b5173ad6011091c22de11b2fc7ef21435c6,true,1,true,21.623627,54.370880,113.236267
fixed-window,fixed-w16k-zstd-3,random-1000-00018,random-1000,GRCh38,chr6,31500755,31501755,1000,100,1048576,1,0,1,15025,15025,0,0,4560,0,1,1,15025,1054,4061,14.255218,3.699828,3.669000,60.375000,3373.477000,317.145000,27039.470000,1,58,6892a0300e5048f7c0f3d00619bb5ffb4497d766808b793faef9b8d94d35326a,true,1,true,20.900667,52.202000,106.006667
fixed-window,fixed-w16k-zstd-3,random-1000-00019,random-1000,CHM13,chr6,31355683,31356683,1000,100,1048576,1,0,1,14771,14771,0,0,4560,0,1,1,14771,1256,4907,11.760350,3.010190,2.905000,59.057000,3312.927000,322.795000,26328.551000,1,66,baf573b4c3d462b3a8dde6c40f47d19c0873592a1ff8535d27a5d521322b512c,true,1,true,20.893893,52.181680,105.938933
fixed-window,fixed-w16k-zstd-3,random-1000-00020,random-1000,GRCh38,chr6,31505631,31506631,1000,100,1048576,1,0,1,21413,21413,0,0,4560,0,1,1,21413,993,3594,21.563948,5.957986,4.444000,95.162000,4833.676000,359.376000,34476.388000,2,46,046ba0e59f63d2b93d90e395739eafacfebb3a401f67496f435743ed89b0314b,true,2,true,21.071013,52.713040,107.710133
fixed-window,fixed-w16k-zstd-3,random-1000-00021,random-1000,GRCh38,chr19,54819258,54820258,1000,100,1048576,1,0,1,9003,9003,0,0,4560,0,1,1,9003,1319,4985,6.825625,1.806018,3.301000,40.851000,1937.023000,206.552000,10090.949000,1,70,b1e8d79aeb44ef1ed796c5323ccfa9207bbd85dad43ce48ec148ed450d39edaa,true,1,true,20.740080,51.720240,104.400800
fixed-window,fixed-w16k-zstd-3,random-1000-00022,random-1000,CHM13,chr6,31362561,31363561,1000,100,1048576,1,0,1,6680,6680,0,0,4560,0,1,1,6680,880,2862,7.590909,2.334032,3.144000,34.554000,1348.239000,112.190000,6637.882000,1,29,f10fe835567c98ac88996d81daf2a41e23e1e9d46e6fe5fa9f51d2339f9c3f80,true,1,true,20.678133,51.534400,103.781333
fixed-window,fixed-w16k-zstd-3,random-1000-00023,random-1000,GRCh38,chr19,54818709,54819709,1000,100,1048576,1,0,1,9003,9003,0,0,4560,0,1,1,9003,1588,6510,5.669395,1.382949,2.982000,41.588000,1910.535000,239.680000,10158.423000,1,103,50f73df09db8d4b28648ddf8303d4d9fa240b0af6ea6f0f1522841d7ae95b462,true,1,true,20.740080,51.720240,104.400800
fixed-window,fixed-w16k-zstd-3,random-1000-00024,random-1000,GRCh38,chr6,31509347,31510347,1000,100,1048576,1,0,1,6388,6388,0,0,4560,0,1,1,6388,955,3444,6.689005,1.854820,2.767000,34.247000,1270.086000,131.004000,6411.187000,1,44,2b0f4079fc510da157b02685ab88e6263b88046ec03e2bda796c37b2fd0352f6,true,1,true,20.670347,51.511040,103.703467
fixed-window,fixed-w16k-zstd-3,random-1000-00025,random-1000,CHM13,chr19,18937374,18938374,1000,100,1048576,1,0,1,42136,42136,0,0,4560,0,1,1,42136,3208,18478,13.134663,2.280333,2.576000,159.624000,12901.244000,1272.869000,86605.400000,1,369,dcb500b60f9c1ce622551e4c7821e53652e49d4883b198022c13e27284955990,true,1,true,21.623627,54.370880,113.236267
fixed-window,fixed-w16k-zstd-3,random-1000-00026,random-1000,CHM13,chr19,18928542,18929542,1000,100,1048576,1,0,1,42136,42136,0,0,4560,0,1,1,42136,1361,5942,30.959589,7.091215,3.468000,162.957000,13577.245000,1003.198000,87762.803000,1,99,737cbcc2014184b5c4ffdcf3f6fe653ec45727d26f7605ce31dd04a55d88319c,true,1,true,21.623627,54.370880,113.236267
fixed-window,fixed-w16k-zstd-3,random-1000-00027,random-1000,CHM13,chr19,18933366,18934366,1000,100,1048576,1,0,1,42136,42136,0,0,4560,0,1,1,42136,1151,4449,36.608167,9.470892,3.461000,163.791000,12727.447000,958.290000,85757.594000,1,66,7f8504c6e13f6a5133c8be8debce93cf214fdb5477b0d776dcfb53069ec6ea10,true,1,true,21.623627,54.370880,113.236267
fixed-window,fixed-w16k-zstd-3,random-1000-00028,random-1000,CHM13,chr6,31362297,31363297,1000,100,1048576,1,0,1,6680,6680,0,0,4560,0,1,1,6680,983,3443,6.795524,1.940168,3.023000,33.483000,1339.551000,126.597000,6577.340000,1,42,cb0abb8190ffcc9bc261ee8ab967b7b3e3e3aa2e1e86325e9f29dbe919b2d4a0,true,1,true,20.678133,51.534400,103.781333
fixed-window,fixed-w16k-zstd-3,random-1000-00029,random-1000,GRCh38,chr6,31506359,31507359,1000,100,1048576,1,0,1,21413,21413,0,0,4560,0,1,1,21413,998,3298,21.455912,6.492723,2.793000,93.391000,4583.198000,342.707000,33106.573000,2,38,c75f53088b0fe21e2c5cfde9fb2cc43f22948cf9baf34c05d617d87c69e2dd3b,true,2,true,21.071013,52.713040,107.710133
fixed-window,fixed-w16k-zstd-3,random-1000-00030,random-1000,GRCh38,chr19,54827474,54828474,1000,100,1048576,1,0,1,42764,42764,0,0,4560,0,1,1,42764,3013,17163,14.193163,2.491639,3.111000,159.399000,12885.886000,1277.024000,90041.478000,1,339,434c8c007a70bc8328cab7ae255768d4aade24a9d3a0c7299c1dd3b08cf5ede0,true,1,true,21.640373,54.421120,113.403733
fixed-window,fixed-w16k-zstd-3,random-1000-00031,random-1000,GRCh38,chr19,54826908,54827908,1000,100,1048576,1,0,1,42764,42764,0,0,4560,0,1,1,42764,3224,18595,13.264268,2.299758,7.811000,163.422000,13898.256000,1310.816000,91071.172000,1,370,46bebf37c37460b52500274bf67d3c93489f6721b76994b9173cb56c2769841b,true,1,true,21.640373,54.421120,113.403733
fixed-window,fixed-w16k-zstd-3,random-1000-00032,random-1000,GRCh38,chr6,31506225,31507225,1000,100,1048576,1,0,1,21413,21413,0,0,4560,0,1,1,21413,981,3446,21.827727,6.213871,13.061000,95.406000,4629.285000,344.239000,33186.674000,2,44,f143f9c63857aca0f979433575e159f4d430ba313e66d2887bcfac0d09e8261d,true,2,true,21.071013,52.713040,107.710133
fixed-window,fixed-w16k-zstd-3,random-1000-00033,random-1000,GRCh38,chr6,31509336,31510336,1000,100,1048576,1,0,1,6388,6388,0,0,4560,0,1,1,6388,995,3610,6.420101,1.769529,2.613000,28.394000,1251.475000,122.182000,5991.234000,1,47,be77edcc92a6db2da90cb91d5c5f8cbee7c766fefdca615e0cc31795af3293cd,true,1,true,20.670347,51.511040,103.703467
fixed-window,fixed-w16k-zstd-3,random-1000-00034,random-1000,GRCh38,chr19,54816603,54817603,1000,100,1048576,1,0,1,9003,9003,0,0,4560,0,1,1,9003,1169,5478,7.701454,1.643483,2.290000,38.866000,1912.445000,222.609000,9849.581000,1,88,8d1b9444b93c4115cdd8124c79f543b83a6eb72e5df0ee059fd05f8309689902,true,1,true,20.740080,51.720240,104.400800
fixed-window,fixed-w16k-zstd-3,random-1000-00035,random-1000,CHM13,chr6,31362547,31363547,1000,100,1048576,1,0,1,6680,6680,0,0,4560,0,1,1,6680,880,2862,7.590909,2.334032,2.874000,32.437000,1333.917000,115.274000,6470.103000,1,29,52ee3d9461214f3ca3a27c8194780279066c44f80902598da00d7f0e1d71fbfa,true,1,true,20.678133,51.534400,103.781333
fixed-window,fixed-w16k-zstd-3,random-1000-00036,random-1000,CHM13,chr19,18937052,18938052,1000,100,1048576,1,0,1,42136,42136,0,0,4560,0,1,1,42136,3299,19361,12.772355,2.176334,2.523000,155.560000,12285.979000,1245.597000,87131.042000,1,387,8e7f2e29f1294f8d13b06118a22e4631c9d4585a97378aa1fbbcb54de2ca3406,true,1,true,21.623627,54.370880,113.236267
fixed-window,fixed-w16k-zstd-3,random-1000-00037,random-1000,CHM13,chr6,31360965,31361965,1000,100,1048576,1,0,1,6680,6680,0,0,4560,0,1,1,6680,952,3503,7.016807,1.906937,3.180000,33.748000,1342.692000,128.921000,6663.445000,1,46,0f48090fd716f13aa361c0faa3dbc1eb66c9d9d112f2d7357f07770db5766a19,true,1,true,20.678133,51.534400,103.781333
fixed-window,fixed-w16k-zstd-3,random-1000-00038,random-1000,GRCh38,chr6,31504269,31505269,1000,100,1048576,1,0,1,15025,15025,0,0,4560,0,1,1,15025,1736,7041,8.654954,2.133930,2.970000,59.767000,3311.582000,366.685000,27913.917000,1,116,c8924eadb5852613faccb05cb0e2c730d2c85c0b065b28808b04e142f1fb5113,true,1,true,20.900667,52.202000,106.006667
fixed-window,fixed-w16k-zstd-3,random-1000-00039,random-1000,GRCh38,chr6,31503747,31504747,1000,100,1048576,1,0,1,15025,15025,0,0,4560,0,1,1,15025,1667,6788,9.013197,2.213465,3.516000,60.974000,3330.608000,358.258000,27063.928000,1,104,d760ccb8d56f875acce02f99a60c0960348f90d24c21092696628d450fa2be63,true,1,true,20.900667,52.202000,106.006667
fixed-window,fixed-w16k-zstd-3,random-1000-00040,random-1000,CHM13,chr19,18928411,18929411,1000,100,1048576,1,0,1,42136,42136,0,0,4560,0,1,1,42136,1329,5748,31.705041,7.330550,3.743000,159.765000,12485.684000,994.519000,85312.961000,1,94,aaa14d812eaffd378353a5f9e9794eaa56bed0a0d1a66c71e752e7351758a5c1,true,1,true,21.623627,54.370880,113.236267
fixed-window,fixed-w16k-zstd-3,random-1000-00041,random-1000,GRCh38,chr19,54823938,54824938,1000,100,1048576,1,0,1,42764,42764,0,0,4560,0,1,1,42764,1268,5092,33.725552,8.398272,3.042000,162.894000,13441.325000,1031.318000,91013.858000,1,78,bbfa097240585e187c92d7dac38fa20ac2cbea04492bd704f87a15d9349ee5e0,true,1,true,21.640373,54.421120,113.403733
fixed-window,fixed-w16k-zstd-3,random-1000-00042,random-1000,CHM13,chr19,18939757,18940757,1000,100,1048576,1,0,1,52780,52780,0,0,4560,0,1,1,52780,3577,20268,14.755382,2.604105,3.117000,211.030000,15709.831000,1388.896000,101101.916000,2,405,fe4e657ec0b68a9a0791087e5c51dab0eca123f20e6c5cf2f2344307e49782e9,true,2,true,21.907467,55.222400,116.074667
fixed-window,fixed-w16k-zstd-3,random-1000-00043,random-1000,CHM13,chr6,31359247,31360247,1000,100,1048576,1,0,1,6680,6680,0,0,4560,0,1,1,6680,892,2986,7.488789,2.237106,2.851000,32.676000,1336.211000,119.675000,6554.441000,1,35,5978b133643345de4fab9334f39ef6bd3f4449855b0424631f4b1c333b221343,true,1,true,20.678133,51.534400,103.781333
fixed-window,fixed-w16k-zstd-3,random-1000-00044,random-1000,GRCh38,chr19,54827982,54828982,1000,100,1048576,1,0,1,42764,42764,0,0,4560,0,1,1,42764,3551,17730,12.042805,2.411957,3.170000,160.943000,13011.841000,1251.762000,89659.490000,1,323,8c99fea0a8e8d49f05f2e96cb7587fb4b74f7f3c99ff78f2c948e15d69843e6e,true,1,true,21.640373,54.421120,113.403733
fixed-window,fixed-w16k-zstd-3,random-1000-00045,random-1000,GRCh38,chr6,31502847,31503847,1000,100,1048576,1,0,1,15025,15025,0,0,4560,0,1,1,15025,933,3238,16.103966,4.640210,14.181000,60.221000,3283.105000,301.667000,27701.299000,1,40,327d9589a9b7daab0e6741544fffbe866875f100c978001aa1d4f0d38520e742,true,1,true,20.900667,52.202000,106.006667
fixed-window,fixed-w16k-zstd-3,random-1000-00046,random-1000,CHM13,chr19,18934643,18935643,1000,100,1048576,1,0,1,42136,42136,0,0,4560,0,1,1,42136,1251,5142,33.681855,8.194477,3.562000,159.247000,16370.718000,980.714000,105968.972000,1,82,5fd745a6b07df745aa57010567ca52f8e78f30cb93678818fecdecf96d2a22b3,true,1,true,21.623627,54.370880,113.236267
fixed-window,fixed-w16k-zstd-3,random-1000-00047,random-1000,CHM13,chr6,31358345,31359345,1000,100,1048576,1,0,1,21451,21451,0,0,4560,0,1,1,21451,995,3592,21.558794,5.971882,2.781000,93.656000,4740.385000,361.315000,33402.565000,2,46,9eacd203c3cc557383a098ea3f078d25fda9b62aedd293c683491fd791f1ac8c,true,2,true,21.072027,52.716080,107.720267
fixed-window,fixed-w16k-zstd-3,random-1000-00048,random-1000,GRCh38,chr19,54826949,54827949,1000,100,1048576,1,0,1,42764,42764,0,0,4560,0,1,1,42764,3170,18169,13.490221,2.353679,3.704000,166.043000,13163.985000,1308.081000,90195.297000,1,361,6ad7894be200e25c418a98ac6835bc587743b2edaeacc6430903fdfb9af1ad57,true,1,true,21.640373,54.421120,113.403733
fixed-window,fixed-w16k-zstd-3,random-1000-00049,random-1000,CHM13,chr6,31353875,31354875,1000,100,1048576,1,0,1,14771,14771,0,0,4560,0,1,1,14771,1068,4006,13.830524,3.687219,9.954000,59.763000,3311.639000,302.714000,26306.423000,1,55,3f317af10d51dba1ac4b8bc6d479a5e8b050745f812a4aeff5ba44e1d186464d,true,1,true,20.893893,52.181680,105.938933
fixed-window,fixed-w16k-zstd-3,random-10000-00000,random-10000,CHM13,chr19,18927515,18937515,10000,100,1048576,1,0,1,42136,42136,0,0,4560,0,1,1,42136,11470,57442,3.673583,0.733540,3.757000,162.802000,12840.688000,1910.774000,88395.629000,1,1004,fb7050feafcc060c124333febc078309dd675f439a2f7ca3ad74965dfc2ae19d,true,1,true,21.623627,54.370880,113.236267
fixed-window,fixed-w16k-zstd-3,random-10000-00001,random-10000,CHM13,chr19,18927048,18937048,10000,100,1048576,1,0,1,42136,42136,0,0,4560,0,1,1,42136,10955,54457,3.846280,0.773748,3.979000,164.393000,12699.931000,1840.590000,86599.691000,1,939,023de33c74ae01ecce6f5f39e85fcb6bfc4b5321f0c1d07915d9234f16fd4fab,true,1,true,21.623627,54.370880,113.236267
fixed-window,fixed-w16k-zstd-3,random-10000-00002,random-10000,GRCh38,chr6,31499564,31509564,10000,100,1048576,1,0,1,21413,21413,0,0,4560,0,1,1,21413,8132,34402,2.633178,0.622435,3.507000,96.320000,4588.083000,816.317000,33317.341000,2,509,f494e39fabd124ec5ed21c30ce7135582d6e618c2fd9bfa3f4a65bdcaf487fea,true,2,true,21.071013,52.713040,107.710133
fixed-window,fixed-w16k-zstd-3,random-10000-00003,random-10000,CHM13,chr6,31353211,31363211,10000,100,1048576,1,0,1,21451,21451,0,0,4560,0,1,1,21451,8171,34227,2.625260,0.626727,2.645000,89.437000,4636.365000,832.911000,33756.519000,2,501,29fcf7da0387da1f2001f5c4a997ede87538f752ece77d2dc8d82168b259bfd8,true,2,true,21.072027,52.716080,107.720267
fixed-window,fixed-w16k-zstd-3,random-10000-00004,random-10000,CHM13,chr6,31351115,31361115,10000,100,1048576,1,0,1,21451,21451,0,0,4560,0,1,1,21451,8652,37259,2.479311,0.575727,3.021000,95.789000,4636.574000,871.757000,34659.091000,2,563,e14a61445be1e6ff648be16758424cc6df3c4fdfbec13367ceff70723b0bbb88,true,2,true,21.072027,52.716080,107.720267
fixed-window,fixed-w16k-zstd-3,random-10000-00005,random-10000,GRCh38,chr6,31500727,31510727,10000,100,1048576,1,0,1,21413,21413,0,0,4560,0,1,1,21413,8129,34058,2.634149,0.628722,2.688000,95.710000,4669.415000,858.163000,34376.941000,2,497,af67385fc51498673c70fe03cfcbc012be8be89d0e599de7b43af702acaf6e3d,true,2,true,21.071013,52.713040,107.710133
fixed-window,fixed-w16k-zstd-3,random-10000-00006,random-10000,CHM13,chr19,18927710,18937710,10000,100,1048576,1,0,1,42136,42136,0,0,4560,0,1,1,42136,12140,61610,3.470840,0.683915,3.386000,164.484000,12517.486000,2019.460000,86990.169000,1,1089,44f2d6cb38a29cb8bcd9c92583a533515cfdfba96c7e68b91598a7666a649102,true,1,true,21.623627,54.370880,113.236267
fixed-window,fixed-w16k-zstd-3,random-10000-00007,random-10000,GRCh38,chr19,54819693,54829693,10000,100,1048576,1,0,1,51767,51767,0,0,4560,0,1,1,51767,16591,87760,3.120186,0.589870,3.714000,203.618000,14852.359000,2797.787000,100705.195000,2,1630,2e8920af64b513a565f0b86c813644ab6724f64155a7226afee9b07aa04219db,true,2,true,21.880453,55.141360,115.804533
fixed-window,fixed-w16k-zstd-3,random-10000-00008,random-10000,GRCh38,chr19,54817489,54827489,10000,100,1048576,1,0,1,51767,51767,0,0,4560,0,1,1,51767,12504,63612,4.140035,0.813793,2.815000,203.537000,14917.609000,2231.787000,100589.369000,2,1136,bc18deaad878165d935da1663f5cbfa4acbc72a24b6bec2a71315507ffa399a2,true,2,true,21.880453,55.141360,115.804533
fixed-window,fixed-w16k-zstd-3,random-10000-00009,random-10000,CHM13,chr6,31353418,31363418,10000,100,1048576,1,0,1,21451,21451,0,0,4560,0,1,1,21451,8319,34682,2.578555,0.618505,2.998000,96.224000,4625.423000,828.066000,33821.265000,2,504,b9bc0d7e6a4a4f91f3671f8623c9283ca8c27437e645f28fa7aec0c6c27b6c1a,true,2,true,21.072027,52.716080,107.720267
fixed-window,fixed-w16k-zstd-3,random-10000-00010,random-10000,CHM13,chr6,31352971,31362971,10000,100,1048576,1,0,1,21451,21451,0,0,4560,0,1,1,21451,8351,35191,2.568674,0.609559,3.212000,98.102000,4682.842000,834.283000,34139.935000,2,516,8dca2f312e0ef50ab8af5072fd67a1d92c9a36f77abdeb33a59f88dc3e4d8244,true,2,true,21.072027,52.716080,107.720267
fixed-window,fixed-w16k-zstd-3,random-10000-00011,random-10000,GRCh38,chr19,54818493,54828493,10000,100,1048576,1,0,1,51767,51767,0,0,4560,0,1,1,51767,14008,73746,3.695531,0.701963,3.099000,203.721000,15255.968000,2513.263000,102780.124000,2,1353,41d025ae95d7ca07ef3a19a623830dc29f8643d5ee600059088b608507d30e5a,true,2,true,21.880453,55.141360,115.804533
fixed-window,fixed-w16k-zstd-3,random-10000-00012,random-10000,GRCh38,chr19,54818964,54828964,10000,100,1048576,1,0,1,51767,51767,0,0,4560,0,1,1,51767,15402,79342,3.361057,0.652454,3.130000,204.450000,14798.054000,2519.089000,101811.392000,2,1443,9b1c1123039876c6241e4a4da0e047869ee14d094c6dee676282fe9d40af0d46,true,2,true,21.880453,55.141360,115.804533
fixed-window,fixed-w16k-zstd-3,random-10000-00013,random-10000,CHM13,chr6,31351555,31361555,10000,100,1048576,1,0,1,21451,21451,0,0,4560,0,1,1,21451,8288,35277,2.588200,0.608073,3.170000,98.591000,4671.558000,825.264000,33411.755000,2,524,847eb62608809ff67dc4211f8bf09f10c59f351eebd11240a02f3c512cfbead1,true,2,true,21.072027,52.716080,107.720267
fixed-window,fixed-w16k-zstd-3,random-10000-00014,random-10000,CHM13,chr6,31352241,31362241,10000,100,1048576,1,0,1,21451,21451,0,0,4560,0,1,1,21451,8058,34005,2.662075,0.630819,3.022000,92.759000,4608.209000,814.971000,33499.339000,2,501,10c6602d35679da6a9faa7a00f2f7e349a9add21a37e277d3647616b3221ae0e,true,2,true,21.072027,52.716080,107.720267
fixed-window,fixed-w16k-zstd-3,random-10000-00015,random-10000,GRCh38,chr6,31500220,31510220,10000,100,1048576,1,0,1,21413,21413,0,0,4560,0,1,1,21413,8259,34888,2.592687,0.613764,2.591000,91.678000,4589.164000,818.702000,33135.733000,2,514,819a628f285e970cfca2db7d503d8b2ece36325758bee5bf9a059ec7f86a36ef,true,2,true,21.071013,52.713040,107.710133
fixed-window,fixed-w16k-zstd-3,random-10000-00016,random-10000,GRCh38,chr6,31498515,31508515,10000,100,1048576,1,0,1,21413,21413,0,0,4560,0,1,1,21413,8705,37584,2.459851,0.569737,3.333000,95.390000,4574.837000,873.353000,33745.042000,2,568,5a7ad96aa91c3cd95c61a98b33a1c5f1b024a7cc17725b6d52e3610749690b55,true,2,true,21.071013,52.713040,107.710133
fixed-window,fixed-w16k-zstd-3,random-10000-00017,random-10000,CHM13,chr19,18927173,18937173,10000,100,1048576,1,0,1,42136,42136,0,0,4560,0,1,1,42136,11119,55279,3.789549,0.762242,4.054000,159.211000,12723.141000,1876.710000,88852.617000,1,955,57ec57fc0db92f6174aeff1e27a852cb6b3ed40908214d7137435fcf61fcaca7,true,1,true,21.623627,54.370880,113.236267
fixed-window,fixed-w16k-zstd-3,random-10000-00018,random-10000,GRCh38,chr19,54819485,54829485,10000,100,1048576,1,0,1,51767,51767,0,0,4560,0,1,1,51767,16275,85696,3.180768,0.604077,3.633000,205.034000,14782.436000,2736.340000,101704.697000,2,1587,4bc80df69acefc62584319f8168ed476a74c598397e56eedf11da0d0f70d2e0f,true,2,true,21.880453,55.141360,115.804533
fixed-window,fixed-w16k-zstd-3,random-10000-00019,random-10000,GRCh38,chr19,54819535,54829535,10000,100,1048576,1,0,1,51767,51767,0,0,4560,0,1,1,51767,16229,85454,3.189784,0.605788,2.559000,205.132000,15116.554000,3009.526000,105020.138000,2,1582,bcd2c5b89765dcc3506c48e927dd1f95beb3cf2cf59b60554eed6e5a1216c60a,true,2,true,21.880453,55.141360,115.804533
fixed-window,fixed-w16k-zstd-3,random-10000-00020,random-10000,GRCh38,chr19,54817554,54827554,10000,100,1048576,1,0,1,51767,51767,0,0,4560,0,1,1,51767,12725,65040,4.068134,0.795926,3.384000,206.310000,14954.161000,2294.623000,100309.126000,2,1165,2def0ee5af1588ea7867041e32b37bbd2450930dd3f26c3aa8edbc25fe39a187,true,2,true,21.880453,55.141360,115.804533
fixed-window,fixed-w16k-zstd-3,random-10000-00021,random-10000,CHM13,chr19,18929552,18939552,10000,100,1048576,1,0,1,42136,42136,0,0,4560,0,1,1,42136,15635,81039,2.694979,0.519947,3.309000,159.951000,12436.600000,2524.702000,87533.067000,1,1480,8bf02e532bc1b8576fda62e2d3b647b1eee84a25a2a1edfe2692adea8a58d7c8,true,1,true,21.623627,54.370880,113.236267
fixed-window,fixed-w16k-zstd-3,random-10000-00022,random-10000,GRCh38,chr19,54820740,54830740,10000,100,1048576,1,0,1,51767,51767,0,0,4560,0,1,1,51767,18801,101972,2.753417,0.507659,3.418000,206.113000,15260.254000,3109.660000,102809.831000,2,1934,f40144c51d78158c2d8a0877880114b254a38a93fe47e1715a06f7176815dfb2,true,2,true,21.880453,55.141360,115.804533
fixed-window,fixed-w16k-zstd-3,random-10000-00023,random-10000,GRCh38,chr19,54818932,54828932,10000,100,1048576,1,0,1,51767,51767,0,0,4560,0,1,1,51767,15290,78641,3.385677,0.658270,2.710000,207.458000,14849.040000,2543.839000,100790.793000,2,1429,eb8de91e331628dac36e25b9fa50b69ea33976b570fa3f099b08df9a47068613,true,2,true,21.880453,55.141360,115.804533
fixed-window,fixed-w16k-zstd-3,random-10000-00024,random-10000,CHM13,chr6,31351872,31361872,10000,100,1048576,1,0,1,21451,21451,0,0,4560,0,1,1,21451,8162,34759,2.628155,0.617135,3.254000,100.106000,4641.726000,846.025000,33994.023000,2,517,46ee61538a1a54759235a1873727599a5868d9ea0ca96369165a52e7f4643c1d,true,2,true,21.072027,52.716080,107.720267
fixed-window,fixed-w16k-zstd-3,random-10000-00025,random-10000,CHM13,chr19,18928033,18938033,10000,100,1048576,1,0,1,42136,42136,0,0,4560,0,1,1,42136,12778,65375,3.297543,0.644528,3.282000,159.802000,12485.143000,2083.273000,88100.891000,1,1172,f419bc07f88f53cb87250fc08dd8c99a6a817b07172b7fcff1087918fcb94bb9,true,1,true,21.623627,54.370880,113.236267
fixed-window,fixed-w16k-zstd-3,random-10000-00026,random-10000,CHM13,chr19,18929766,18939766,10000,100,1048576,1,0,1,42136,42136,0,0,4560,0,1,1,42136,16163,84267,2.606942,0.500030,3.168000,159.211000,13080.708000,2466.689000,88918.618000,1,1549,083c50cf3eaa6dbae11218d0ad158e39085a0f9ab53242e8c9276d9d09e4a902,true,1,true,21.623627,54.370880,113.236267
fixed-window,fixed-w16k-zstd-3,random-10000-00027,random-10000,GRCh38,chr19,54818824,54828824,10000,100,1048576,1,0,1,51767,51767,0,0,4560,0,1,1,51767,15033,77427,3.443558,0.668591,3.378000,204.391000,15729.040000,2606.028000,101374.221000,2,1402,3f3dc9323559e679dec3aa90a6cd0d6f32b722c0edb02878f85c7147b220a151,true,2,true,21.880453,55.141360,115.804533
fixed-window,fixed-w16k-zstd-3,random-10000-00028,random-10000,GRCh38,chr6,31500466,31510466,10000,100,1048576,1,0,1,21413,21413,0,0,4560,0,1,1,21413,8193,34378,2.613573,0.622869,2.991000,94.318000,4670.005000,799.500000,34472.510000,2,504,1aae841166593d23a6a7f739f1a1bc749a54a056b1e37d3a5d25d94bf5149a22,true,2,true,21.071013,52.713040,107.710133
fixed-window,fixed-w16k-zstd-3,random-10000-00029,random-10000,GRCh38,chr19,54819488,54829488,10000,100,1048576,1,0,1,51767,51767,0,0,4560,0,1,1,51767,16275,85696,3.180768,0.604077,2.821000,202.508000,15556.977000,2684.034000,101815.374000,2,1587,389db2da30f2663146c5ea0f413adf0067134725625f4e1288bb2be31ce448cb,true,2,true,21.880453,55.141360,115.804533
fixed-window,fixed-w16k-zstd-3,random-10000-00030,random-10000,CHM13,chr19,18929211,18939211,10000,100,1048576,1,0,1,42136,42136,0,0,4560,0,1,1,42136,14944,76593,2.819593,0.550129,4.243000,159.020000,12436.665000,2392.210000,87641.486000,1,1385,b74d7d1b4dbb42a06518b394ddadad8f90f27e2927e94063c3929335c4685ca4,true,1,true,21.623627,54.370880,113.236267
fixed-window,fixed-w16k-zstd-3,random-10000-00031,random-10000,GRCh38,chr19,54818293,54828293,10000,100,1048576,1,0,1,51767,51767,0,0,4560,0,1,1,51767,13841,72397,3.740120,0.715043,2.767000,212.156000,16589.901000,2486.919000,106163.475000,2,1323,fe0d874462aaf8c4e61824ab520900f995906ff2456dedd3fdb039da61a5eab2,true,2,true,21.880453,55.141360,115.804533
fixed-window,fixed-w16k-zstd-3,random-10000-00032,random-10000,GRCh38,chr6,31498328,31508328,10000,100,1048576,1,0,1,21413,21413,0,0,4560,0,1,1,21413,8742,37526,2.449439,0.570618,4.243000,93.731000,4559.570000,874.761000,33464.788000,2,566,c97044eb49ee8253512cf81655f948a1bf875f2ef6b53cac35bb31292dcada4c,true,2,true,21.071013,52.713040,107.710133
fixed-window,fixed-w16k-zstd-3,random-10000-00033,random-10000,CHM13,chr19,18928926,18938926,10000,100,1048576,1,0,1,42136,42136,0,0,4560,0,1,1,42136,13963,73325,3.017690,0.574647,3.433000,157.409000,12287.823000,2258.843000,86573.775000,1,1344,024632fd2282a8776dfef268db714389f6df985fd644df50343881f0357c87fd,true,1,true,21.623627,54.370880,113.236267
fixed-window,fixed-w16k-zstd-3,random-10000-00034,random-10000,GRCh38,chr19,54817527,54827527,10000,100,1048576,1,0,1,51767,51767,0,0,4560,0,1,1,51767,12616,64317,4.103282,0.804873,3.073000,206.633000,14802.884000,2234.829000,100415.720000,2,1150,214233624f9ebebcd11c15c08bcc21afdafd2e1124fbf21852c268fa52db1807,true,2,true,21.880453,55.141360,115.804533
fixed-window,fixed-w16k-zstd-3,random-10000-00035,random-10000,CHM13,chr19,18930705,18940705,10000,100,1048576,1,0,1,52780,52780,0,0,4560,0,1,1,52780,17656,94802,2.989352,0.556739,2.728000,209.561000,15468.323000,2870.860000,102093.988000,2,1782,6aa2ba257693dace3856e9dcd68f3fe97bb4b949cce960586f60119a4b974aa6,true,2,true,21.907467,55.222400,116.074667
fixed-window,fixed-w16k-zstd-3,random-10000-00036,random-10000,GRCh38,chr19,54819606,54829606,10000,100,1048576,1,0,1,51767,51767,0,0,4560,0,1,1,51767,16429,86556,3.150953,0.598075,3.238000,203.171000,15065.812000,2729.231000,102237.808000,2,1604,cc686aff278d90fc84d361ecce38a1cdc02a0464bf632dff1652d57578be14d0,true,2,true,21.880453,55.141360,115.804533
fixed-window,fixed-w16k-zstd-3,random-10000-00037,random-10000,GRCh38,chr19,54816668,54826668,10000,100,1048576,1,0,1,51767,51767,0,0,4560,0,1,1,51767,11066,55013,4.678023,0.940996,3.259000,203.598000,14873.641000,2047.227000,101661.209000,2,949,383a0552799f56d3864bb07446ca0ac31bf58e121f84cb6f28c8fc155978447f,true,2,true,21.880453,55.141360,115.804533
fixed-window,fixed-w16k-zstd-3,random-10000-00038,random-10000,GRCh38,chr19,54820649,54830649,10000,100,1048576,1,0,1,51767,51767,0,0,4560,0,1,1,51767,18754,101746,2.760318,0.508787,2.703000,204.472000,14770.707000,3038.071000,101215.407000,2,1930,e22a4454f968a4adbd516e922087907b936dce29ccdf06906b1cda5a23825d1a,true,2,true,21.880453,55.141360,115.804533
fixed-window,fixed-w16k-zstd-3,random-10000-00039,random-10000,GRCh38,chr19,54818384,54828384,10000,100,1048576,1,0,1,51767,51767,0,0,4560,0,1,1,51767,13946,72892,3.711960,0.710188,4.192000,202.949000,15231.196000,2501.497000,102010.344000,2,1332,fe2376a376c2c74da42df879939bbefa5357f07a246c7c41a6dc71f1e77f9341,true,2,true,21.880453,55.141360,115.804533
fixed-window,fixed-w16k-zstd-3,random-10000-00040,random-10000,CHM13,chr19,18930520,18940520,10000,100,1048576,1,0,1,52780,52780,0,0,4560,0,1,1,52780,17378,93034,3.037173,0.567319,4.057000,210.095000,15442.279000,2867.458000,102321.076000,2,1743,401c5bf716699adc4aa197d5dc4edc4dbf512e05a87ecc10b66742d3a0909c7a,true,2,true,21.907467,55.222400,116.074667
fixed-window,fixed-w16k-zstd-3,random-10000-00041,random-10000,GRCh38,chr19,54817653,54827653,10000,100,1048576,1,0,1,51767,51767,0,0,4560,0,1,1,51767,12838,65412,4.032326,0.791399,3.065000,202.495000,14791.788000,2248.767000,101653.820000,2,1174,ec127182b480469b233e662ec827aab0cb7b4d0794fd69cd19c080acc3dd7b78,true,2,true,21.880453,55.141360,115.804533
fixed-window,fixed-w16k-zstd-3,random-10000-00042,random-10000,CHM13,chr19,18928104,18938104,10000,100,1048576,1,0,1,42136,42136,0,0,4560,0,1,1,42136,12805,65302,3.290590,0.645248,3.279000,158.753000,12591.433000,2087.843000,89125.480000,1,1172,50fa90d69eafae1fb16c829e7e62f95c051352e3ab5f42bb66b868d9c23361c7,true,1,true,21.623627,54.370880,113.236267
fixed-window,fixed-w16k-zstd-3,random-10000-00043,random-10000,GRCh38,chr19,54819543,54829543,10000,100,1048576,1,0,1,51767,51767,0,0,4560,0,1,1,51767,16248,85533,3.186054,0.605228,3.369000,207.441000,14896.388000,2706.783000,101196.155000,2,1584,86381dfd585ff68407e07073382c6495eec264c697b260913503bc26a48c0c41,true,2,true,21.880453,55.141360,115.804533
fixed-window,fixed-w16k-zstd-3,random-10000-00044,random-10000,CHM13,chr19,18929474,18939474,10000,100,1048576,1,0,1,42136,42136,0,0,4560,0,1,1,42136,15442,80101,2.728662,0.526036,3.385000,166.645000,12541.124000,2380.514000,87650.189000,1,1460,03928ffd2ce9e40a1824e64e7037f3d346740cf58028d95398514d279ec20151,true,1,true,21.623627,54.370880,113.236267
fixed-window,fixed-w16k-zstd-3,random-10000-00045,random-10000,GRCh38,chr6,31500088,31510088,10000,100,1048576,1,0,1,21413,21413,0,0,4560,0,1,1,21413,8260,34888,2.592373,0.613764,3.906000,98.800000,4651.094000,820.072000,34556.216000,2,514,62d6d86d62cee3f919da0776df15270c2f3f844c9bd2f0f1eb215865bf818b49,true,2,true,21.071013,52.713040,107.710133
fixed-window,fixed-w16k-zstd-3,random-10000-00046,random-10000,CHM13,chr19,18930267,18940267,10000,100,1048576,1,0,1,52780,52780,0,0,4560,0,1,1,52780,16854,89242,3.131601,0.591426,3.749000,213.990000,15235.343000,2825.618000,101932.176000,2,1660,2267ea3aa9109c9477496e04fcf4b52de76ec9d833925b8e30d42189cba23287,true,2,true,21.907467,55.222400,116.074667
fixed-window,fixed-w16k-zstd-3,random-10000-00047,random-10000,GRCh38,chr19,54817811,54827811,10000,100,1048576,1,0,1,51767,51767,0,0,4560,0,1,1,51767,13122,67319,3.945054,0.768981,3.341000,209.951000,16123.585000,2474.347000,103893.948000,2,1214,7aa84bcb64aa88f155e84dcc7bedcd1bac0a4b0bacb37e4284e8ce9fbdd3c7eb,true,2,true,21.880453,55.141360,115.804533
fixed-window,fixed-w16k-zstd-3,random-10000-00048,random-10000,GRCh38,chr6,31499038,31509038,10000,100,1048576,1,0,1,21413,21413,0,0,4560,0,1,1,21413,8224,34898,2.603721,0.613588,3.927000,93.710000,4839.667000,821.522000,34058.913000,2,517,dc690a2bdcf1416ce4aec85c6c2d5123ebb99ed2f5a947b8bc76d93be8bdad8e,true,2,true,21.071013,52.713040,107.710133
fixed-window,fixed-w16k-zstd-3,random-10000-00049,random-10000,GRCh38,chr19,54820051,54830051,10000,100,1048576,1,0,1,51767,51767,0,0,4560,0,1,1,51767,17388,93036,2.977168,0.556419,2.837000,206.306000,15512.941000,2858.460000,103241.881000,2,1743,888e583ec4044eb718e700217dc3aa26cff29d7b1f8e987b60d3c334a3156d33,true,2,true,21.880453,55.141360,115.804533
